dataset,attack,attack_seed,sampling_seed,cap,nc,bit_accuracy,empty_bins
Railways,no_attack,0,0,1,0.8349082287957784,0.8056640625,0
Railways,no_attack,0,1,1,0.8441535631004812,0.8125,0
Railways,no_attack,0,2,1,0.8544644706350994,0.8232421875,0
Railways,no_attack,0,3,1,0.8315966589103109,0.7978515625,0
Railways,no_attack,0,4,1,0.8444263668445434,0.8134765625,0
Railways,no_attack,0,5,1,0.8544998816951975,0.8291015625,0
Railways,no_attack,0,6,1,0.8437915985180183,0.8134765625,0
Railways,no_attack,0,7,1,0.8403151772983148,0.8115234375,0
Railways,no_attack,0,8,1,0.8407102061909626,0.8115234375,0
Railways,no_attack,0,9,1,0.8249579113843054,0.794921875,0
Railways,no_attack,0,0,3,0.9283924577082565,0.9130859375,0
Railways,no_attack,0,1,3,0.9322958452252306,0.91796875,0
Railways,no_attack,0,2,3,0.9281254037322374,0.9130859375,0
Railways,no_attack,0,3,3,0.9187217029404622,0.9013671875,0
Railways,no_attack,0,4,3,0.9236583919859643,0.9072265625,0
Railways,no_attack,0,5,3,0.925563746424214,0.91015625,0
Railways,no_attack,0,6,3,0.9223161543314975,0.90625,0
Railways,no_attack,0,7,3,0.9183061659547392,0.9013671875,0
Railways,no_attack,0,8,3,0.9165825677580532,0.8994140625,0
Railways,no_attack,0,9,3,0.926418411237025,0.9111328125,0
Railways,no_attack,0,0,5,0.9617334967033844,0.953125,0
Railways,no_attack,0,1,5,0.9622782550655169,0.9541015625,0
Railways,no_attack,0,2,5,0.9656974321622964,0.9580078125,0
Railways,no_attack,0,3,5,0.9505690945857662,0.939453125,0
Railways,no_attack,0,4,5,0.9662547239300018,0.958984375,0
Railways,no_attack,0,5,5,0.9615829144388592,0.953125,0
Railways,no_attack,0,6,5,0.9671736487659961,0.9599609375,0
Railways,no_attack,0,7,5,0.9640085638721326,0.9560546875,0
Railways,no_attack,0,8,5,0.951736706375127,0.94140625,0
Railways,no_attack,0,9,5,0.9576031913547098,0.9482421875,0
Railways,no_attack,0,0,10,0.9913332040827805,0.9892578125,0
Railways,no_attack,0,1,10,0.9850189798529538,0.9814453125,0
Railways,no_attack,0,2,10,0.9913120913931104,0.9892578125,0
Railways,no_attack,0,3,10,0.9936920445515358,0.9921875,0
Railways,no_attack,0,4,10,0.9858573337657344,0.982421875,0
Railways,no_attack,0,5,10,0.9890377236737861,0.986328125,0
Railways,no_attack,0,6,10,0.9867349551857413,0.9833984375,0
Railways,no_attack,0,7,10,0.9874653266568166,0.984375,0
Railways,no_attack,0,8,10,0.9889290024208777,0.986328125,0
Railways,no_attack,0,9,10,0.9858929296398472,0.982421875,0
Railways,no_attack,0,0,1000000,1.0,1.0,0
Railways,no_attack,0,1,1000000,1.0,1.0,0
Railways,no_attack,0,2,1000000,1.0,1.0,0
Railways,no_attack,0,3,1000000,1.0,1.0,0
Railways,no_attack,0,4,1000000,1.0,1.0,0
Railways,no_attack,0,5,1000000,1.0,1.0,0
Railways,no_attack,0,6,1000000,1.0,1.0,0
Railways,no_attack,0,7,1000000,1.0,1.0,0
Railways,no_attack,0,8,1000000,1.0,1.0,0
Railways,no_attack,0,9,1000000,1.0,1.0,0
Railways,vertex_delete_50pct,1,0,1,0.7298311261945231,0.6865234375,0
Railways,vertex_delete_50pct,1,1,1,0.7502814083020668,0.7060546875,0
Railways,vertex_delete_50pct,1,2,1,0.7656146692481252,0.7236328125,0
Railways,vertex_delete_50pct,1,3,1,0.7359194929257318,0.6865234375,0
Railways,vertex_delete_50pct,1,4,1,0.7627719631849796,0.724609375,0
Railways,vertex_delete_50pct,1,5,1,0.7569554905727505,0.716796875,0
Railways,vertex_delete_50pct,1,6,1,0.7602851604127611,0.7177734375,0
Railways,vertex_delete_50pct,1,7,1,0.7633110860106729,0.72265625,0
Railways,vertex_delete_50pct,1,8,1,0.7399073104995425,0.6943359375,0
Railways,vertex_delete_50pct,1,9,1,0.7334899532935956,0.6845703125,0
Railways,vertex_delete_50pct,1,0,3,0.8295150620062531,0.794921875,0
Railways,vertex_delete_50pct,1,1,3,0.8217196689173957,0.7890625,0
Railways,vertex_delete_50pct,1,2,3,0.808785365512446,0.7724609375,0
Railways,vertex_delete_50pct,1,3,3,0.8119712129846812,0.7783203125,0
Railways,vertex_delete_50pct,1,4,3,0.8191244878741141,0.78515625,0
Railways,vertex_delete_50pct,1,5,3,0.8264356579742956,0.79296875,0
Railways,vertex_delete_50pct,1,6,3,0.8290170374544733,0.7958984375,0
Railways,vertex_delete_50pct,1,7,3,0.8151923738621536,0.779296875,0
Railways,vertex_delete_50pct,1,8,3,0.8115647048566811,0.7763671875,0
Railways,vertex_delete_50pct,1,9,3,0.8176894180588729,0.78515625,0
Railways,vertex_delete_50pct,1,0,5,0.8694533222527633,0.8427734375,0
Railways,vertex_delete_50pct,1,1,5,0.8633519961094623,0.8388671875,0
Railways,vertex_delete_50pct,1,2,5,0.8757441041803726,0.849609375,0
Railways,vertex_delete_50pct,1,3,5,0.8633010466426729,0.8359375,0
Railways,vertex_delete_50pct,1,4,5,0.877579054236434,0.8525390625,0
Railways,vertex_delete_50pct,1,5,5,0.8640526782070198,0.837890625,0
Railways,vertex_delete_50pct,1,6,5,0.8724400285971192,0.84765625,0
Railways,vertex_delete_50pct,1,7,5,0.8721547122562577,0.845703125,0
Railways,vertex_delete_50pct,1,8,5,0.8545578003665635,0.826171875,0
Railways,vertex_delete_50pct,1,9,5,0.8636675452179186,0.8369140625,0
Railways,vertex_delete_50pct,1,0,10,0.9300690279112475,0.912109375,0
Railways,vertex_delete_50pct,1,1,10,0.9287909230618059,0.91015625,0
Railways,vertex_delete_50pct,1,2,10,0.9383683577332483,0.921875,0
Railways,vertex_delete_50pct,1,3,10,0.9386338020584746,0.921875,0
Railways,vertex_delete_50pct,1,4,10,0.9432536823019603,0.9287109375,0
Railways,vertex_delete_50pct,1,5,10,0.9281317640446164,0.908203125,0
Railways,vertex_delete_50pct,1,6,10,0.9376144618769909,0.921875,0
Railways,vertex_delete_50pct,1,7,10,0.9289779457316312,0.9091796875,0
Railways,vertex_delete_50pct,1,8,10,0.9290775819141073,0.91015625,0
Railways,vertex_delete_50pct,1,9,10,0.927662712346556,0.9091796875,0
Railways,vertex_delete_50pct,1,0,1000000,0.9928631194931944,0.9912109375,0
Railways,vertex_delete_50pct,1,1,1000000,0.9928631194931944,0.9912109375,0
Railways,vertex_delete_50pct,1,2,1000000,0.9928631194931944,0.9912109375,0
Railways,vertex_delete_50pct,1,3,1000000,0.9928631194931944,0.9912109375,0
Railways,vertex_delete_50pct,1,4,1000000,0.9928631194931944,0.9912109375,0
Railways,vertex_delete_50pct,1,5,1000000,0.9928631194931944,0.9912109375,0
Railways,vertex_delete_50pct,1,6,1000000,0.9928631194931944,0.9912109375,0
Railways,vertex_delete_50pct,1,7,1000000,0.9928631194931944,0.9912109375,0
Railways,vertex_delete_50pct,1,8,1000000,0.9928631194931944,0.9912109375,0
Railways,vertex_delete_50pct,1,9,1000000,0.9928631194931944,0.9912109375,0
Railways,object_delete_90pct,1,0,1,0.8358446398802493,0.806640625,6
Railways,object_delete_90pct,1,1,1,0.8394568991418803,0.8095703125,6
Railways,object_delete_90pct,1,2,1,0.8407102061909626,0.8115234375,6
Railways,object_delete_90pct,1,3,1,0.8386337932085379,0.8115234375,6
Railways,object_delete_90pct,1,4,1,0.8360738295793639,0.8046875,6
Railways,object_delete_90pct,1,5,1,0.8402006871115488,0.8076171875,6
Railways,object_delete_90pct,1,6,1,0.8299544088013073,0.796875,6
Railways,object_delete_90pct,1,7,1,0.8466714416973468,0.8173828125,6
Railways,object_delete_90pct,1,8,1,0.8418399243178165,0.8125,6
Railways,object_delete_90pct,1,9,1,0.8375933040465922,0.8076171875,6
Railways,object_delete_90pct,1,0,3,0.911061242171035,0.892578125,6
Railways,object_delete_90pct,1,1,3,0.9285814546248886,0.9130859375,6
Railways,object_delete_90pct,1,2,3,0.9084568357743826,0.8896484375,6
Railways,object_delete_90pct,1,3,3,0.913886325556565,0.8955078125,6
Railways,object_delete_90pct,1,4,3,0.9111642406033945,0.8916015625,6
Railways,object_delete_90pct,1,5,3,0.911035874791187,0.8916015625,6
Railways,object_delete_90pct,1,6,3,0.9047013139674156,0.884765625,6
Railways,object_delete_90pct,1,7,3,0.9141225738435322,0.8955078125,6
Railways,object_delete_90pct,1,8,3,0.9116509704139395,0.892578125,6
Railways,object_delete_90pct,1,9,3,0.9212980706299599,0.904296875,6
Railways,object_delete_90pct,1,0,5,0.9410875750028462,0.927734375,6
Railways,object_delete_90pct,1,1,5,0.9380952380952381,0.923828125,6
Railways,object_delete_90pct,1,2,5,0.9376300046402304,0.923828125,6
Railways,object_delete_90pct,1,3,5,0.9422745696807693,0.9296875,6
Railways,object_delete_90pct,1,4,5,0.9426799397659643,0.9296875,6
Railways,object_delete_90pct,1,5,5,0.9426799397659643,0.9296875,6
Railways,object_delete_90pct,1,6,5,0.9467011846856633,0.9345703125,6
Railways,object_delete_90pct,1,7,5,0.9418401441555021,0.9287109375,6
Railways,object_delete_90pct,1,8,5,0.9410875750028462,0.927734375,6
Railways,object_delete_90pct,1,9,5,0.9441894362328417,0.931640625,6
Railways,object_delete_90pct,1,0,10,0.9526173336479747,0.94140625,6
Railways,object_delete_90pct,1,1,10,0.9526173336479747,0.94140625,6
Railways,object_delete_90pct,1,2,10,0.9526173336479747,0.94140625,6
Railways,object_delete_90pct,1,3,10,0.9526173336479747,0.94140625,6
Railways,object_delete_90pct,1,4,10,0.9526173336479747,0.94140625,6
Railways,object_delete_90pct,1,5,10,0.9526173336479747,0.94140625,6
Railways,object_delete_90pct,1,6,10,0.9526173336479747,0.94140625,6
Railways,object_delete_90pct,1,7,10,0.9526173336479747,0.94140625,6
Railways,object_delete_90pct,1,8,10,0.9526173336479747,0.94140625,6
Railways,object_delete_90pct,1,9,10,0.9526173336479747,0.94140625,6
Railways,object_delete_90pct,1,0,1000000,0.9526173336479747,0.94140625,6
Railways,object_delete_90pct,1,1,1000000,0.9526173336479747,0.94140625,6
Railways,object_delete_90pct,1,2,1000000,0.9526173336479747,0.94140625,6
Railways,object_delete_90pct,1,3,1000000,0.9526173336479747,0.94140625,6
Railways,object_delete_90pct,1,4,1000000,0.9526173336479747,0.94140625,6
Railways,object_delete_90pct,1,5,1000000,0.9526173336479747,0.94140625,6
Railways,object_delete_90pct,1,6,1000000,0.9526173336479747,0.94140625,6
Railways,object_delete_90pct,1,7,1000000,0.9526173336479747,0.94140625,6
Railways,object_delete_90pct,1,8,1000000,0.9526173336479747,0.94140625,6
Railways,object_delete_90pct,1,9,1000000,0.9526173336479747,0.94140625,6
Railways,vertex_delete_50pct,2,0,1,0.735287002530314,0.6923828125,0
Railways,vertex_delete_50pct,2,1,1,0.7355441475205947,0.6943359375,0
Railways,vertex_delete_50pct,2,2,1,0.7406489735117733,0.6943359375,0
Railways,vertex_delete_50pct,2,3,1,0.7498572056680706,0.708984375,0
Railways,vertex_delete_50pct,2,4,1,0.7579457277807466,0.716796875,0
Railways,vertex_delete_50pct,2,5,1,0.7434145850079609,0.705078125,0
Railways,vertex_delete_50pct,2,6,1,0.7251192022166418,0.677734375,0
Railways,vertex_delete_50pct,2,7,1,0.7546227828892688,0.7109375,0
Railways,vertex_delete_50pct,2,8,1,0.7362986093533262,0.689453125,0
Railways,vertex_delete_50pct,2,9,1,0.7411288893649614,0.693359375,0
Railways,vertex_delete_50pct,2,0,3,0.8231499914427172,0.791015625,0
Railways,vertex_delete_50pct,2,1,3,0.8283250865328128,0.798828125,0
Railways,vertex_delete_50pct,2,2,3,0.8189550977207486,0.7880859375,0
Railways,vertex_delete_50pct,2,3,3,0.8079979620931708,0.7724609375,0
Railways,vertex_delete_50pct,2,4,3,0.8040825435647998,0.76953125,0
Railways,vertex_delete_50pct,2,5,3,0.8131727983645296,0.78125,0
Railways,vertex_delete_50pct,2,6,3,0.8226956798020904,0.791015625,0
Railways,vertex_delete_50pct,2,7,3,0.8056468060730718,0.76953125,0
Railways,vertex_delete_50pct,2,8,3,0.816276629737568,0.7822265625,0
Railways,vertex_delete_50pct,2,9,3,0.8218081172611643,0.791015625,0
Railways,vertex_delete_50pct,2,0,5,0.8510644963469901,0.82421875,0
Railways,vertex_delete_50pct,2,1,5,0.8468445498496033,0.8203125,0
Railways,vertex_delete_50pct,2,2,5,0.8685510649241944,0.841796875,0
Railways,vertex_delete_50pct,2,3,5,0.8793194040728801,0.853515625,0
Railways,vertex_delete_50pct,2,4,5,0.8631184999601996,0.8359375,0
Railways,vertex_delete_50pct,2,5,5,0.8600371485457252,0.83203125,0
Railways,vertex_delete_50pct,2,6,5,0.850679101916547,0.8232421875,0
Railways,vertex_delete_50pct,2,7,5,0.8538345181376386,0.8251953125,0
Railways,vertex_delete_50pct,2,8,5,0.8530725960596487,0.8251953125,0
Railways,vertex_delete_50pct,2,9,5,0.8503189294090091,0.8232421875,0
Railways,vertex_delete_50pct,2,0,10,0.9359786321321074,0.9189453125,0
Railways,vertex_delete_50pct,2,1,10,0.9303440851405045,0.912109375,0
Railways,vertex_delete_50pct,2,2,10,0.9338618288972997,0.916015625,0
Railways,vertex_delete_50pct,2,3,10,0.9366681605141778,0.9189453125,0
Railways,vertex_delete_50pct,2,4,10,0.9319058565108378,0.9130859375,0
Railways,vertex_delete_50pct,2,5,10,0.9304842103984708,0.912109375,0
Railways,vertex_delete_50pct,2,6,10,0.9317060856158373,0.9150390625,0
Railways,vertex_delete_50pct,2,7,10,0.9373978575600344,0.9208984375,0
Railways,vertex_delete_50pct,2,8,10,0.9389452919843752,0.923828125,0
Railways,vertex_delete_50pct,2,9,10,0.9319541587492168,0.9150390625,0
Railways,vertex_delete_50pct,2,0,1000000,0.9912429266746571,0.9892578125,0
Railways,vertex_delete_50pct,2,1,1000000,0.9912429266746571,0.9892578125,0
Railways,vertex_delete_50pct,2,2,1000000,0.9912429266746571,0.9892578125,0
Railways,vertex_delete_50pct,2,3,1000000,0.9912429266746571,0.9892578125,0
Railways,vertex_delete_50pct,2,4,1000000,0.9912429266746571,0.9892578125,0
Railways,vertex_delete_50pct,2,5,1000000,0.9912429266746571,0.9892578125,0
Railways,vertex_delete_50pct,2,6,1000000,0.9912429266746571,0.9892578125,0
Railways,vertex_delete_50pct,2,7,1000000,0.9912429266746571,0.9892578125,0
Railways,vertex_delete_50pct,2,8,1000000,0.9912429266746571,0.9892578125,0
Railways,vertex_delete_50pct,2,9,1000000,0.9912429266746571,0.9892578125,0
Railways,object_delete_90pct,2,0,1,0.8443029027051451,0.814453125,6
Railways,object_delete_90pct,2,1,1,0.8571121938310652,0.8291015625,6
Railways,object_delete_90pct,2,2,1,0.8553208054643562,0.8291015625,6
Railways,object_delete_90pct,2,3,1,0.853482247551391,0.8271484375,6
Railways,object_delete_90pct,2,4,1,0.8571655640731283,0.828125,6
Railways,object_delete_90pct,2,5,1,0.8347085155560866,0.8056640625,6
Railways,object_delete_90pct,2,6,1,0.859295922704884,0.83203125,6
Railways,object_delete_90pct,2,7,1,0.8614023749225725,0.83203125,6
Railways,object_delete_90pct,2,8,1,0.8436958338752908,0.814453125,6
Railways,object_delete_90pct,2,9,1,0.8580772974756243,0.8291015625,6
Railways,object_delete_90pct,2,0,3,0.9180823705579532,0.900390625,6
Railways,object_delete_90pct,2,1,3,0.9195812815487446,0.90234375,6
Railways,object_delete_90pct,2,2,3,0.9245137707019668,0.908203125,6
Railways,object_delete_90pct,2,3,3,0.9296297486279418,0.9140625,6
Railways,object_delete_90pct,2,4,3,0.9231195978613049,0.90625,6
Railways,object_delete_90pct,2,5,3,0.9231195978613049,0.90625,6
Railways,object_delete_90pct,2,6,3,0.9276336570439175,0.912109375,6
Railways,object_delete_90pct,2,7,3,0.9366988571796712,0.9228515625,6
Railways,object_delete_90pct,2,8,3,0.9152754442692929,0.8974609375,6
Railways,object_delete_90pct,2,9,3,0.9194078031826161,0.9013671875,6
Railways,object_delete_90pct,2,0,5,0.9436957765150968,0.9306640625,6
Railways,object_delete_90pct,2,1,5,0.9413640981470927,0.927734375,6
Railways,object_delete_90pct,2,2,5,0.9431385542086914,0.9296875,6
Railways,object_delete_90pct,2,3,5,0.9430426967085489,0.9296875,6
Railways,object_delete_90pct,2,4,5,0.9404292084850417,0.9267578125,6
Railways,object_delete_90pct,2,5,5,0.9461184622791488,0.93359375,6
Railways,object_delete_90pct,2,6,5,0.9405236898713486,0.9267578125,6
Railways,object_delete_90pct,2,7,5,0.9412698412698413,0.927734375,6
Railways,object_delete_90pct,2,8,5,0.9462072695162957,0.93359375,6
Railways,object_delete_90pct,2,9,5,0.94453367423513,0.931640625,6
Railways,object_delete_90pct,2,0,10,0.9479683941093622,0.935546875,6
Railways,object_delete_90pct,2,1,10,0.9479683941093622,0.935546875,6
Railways,object_delete_90pct,2,2,10,0.9479683941093622,0.935546875,6
Railways,object_delete_90pct,2,3,10,0.9479683941093622,0.935546875,6
Railways,object_delete_90pct,2,4,10,0.9479683941093622,0.935546875,6
Railways,object_delete_90pct,2,5,10,0.9479683941093622,0.935546875,6
Railways,object_delete_90pct,2,6,10,0.9479683941093622,0.935546875,6
Railways,object_delete_90pct,2,7,10,0.9479683941093622,0.935546875,6
Railways,object_delete_90pct,2,8,10,0.9479683941093622,0.935546875,6
Railways,object_delete_90pct,2,9,10,0.9479683941093622,0.935546875,6
Railways,object_delete_90pct,2,0,1000000,0.9479683941093622,0.935546875,6
Railways,object_delete_90pct,2,1,1000000,0.9479683941093622,0.935546875,6
Railways,object_delete_90pct,2,2,1000000,0.9479683941093622,0.935546875,6
Railways,object_delete_90pct,2,3,1000000,0.9479683941093622,0.935546875,6
Railways,object_delete_90pct,2,4,1000000,0.9479683941093622,0.935546875,6
Railways,object_delete_90pct,2,5,1000000,0.9479683941093622,0.935546875,6
Railways,object_delete_90pct,2,6,1000000,0.9479683941093622,0.935546875,6
Railways,object_delete_90pct,2,7,1000000,0.9479683941093622,0.935546875,6
Railways,object_delete_90pct,2,8,1000000,0.9479683941093622,0.935546875,6
Railways,object_delete_90pct,2,9,1000000,0.9479683941093622,0.935546875,6
Railways,vertex_delete_50pct,3,0,1,0.7364693774916162,0.69140625,0
Railways,vertex_delete_50pct,3,1,1,0.7611270540610392,0.7138671875,0
Railways,vertex_delete_50pct,3,2,1,0.7471864708541784,0.6962890625,0
Railways,vertex_delete_50pct,3,3,1,0.7250371641798479,0.67578125,0
Railways,vertex_delete_50pct,3,4,1,0.7506958380235647,0.705078125,0
Railways,vertex_delete_50pct,3,5,1,0.7365454454045204,0.6962890625,0
Railways,vertex_delete_50pct,3,6,1,0.755283284357414,0.7119140625,0
Railways,vertex_delete_50pct,3,7,1,0.7317075758610452,0.6865234375,0
Railways,vertex_delete_50pct,3,8,1,0.7273090842762484,0.685546875,0
Railways,vertex_delete_50pct,3,9,1,0.7478381994758666,0.7001953125,0
Railways,vertex_delete_50pct,3,0,3,0.8141298085442433,0.7822265625,0
Railways,vertex_delete_50pct,3,1,3,0.8220273233961092,0.791015625,0
Railways,vertex_delete_50pct,3,2,3,0.8157123702275371,0.779296875,0
Railways,vertex_delete_50pct,3,3,3,0.8106951856109983,0.7744140625,0
Railways,vertex_delete_50pct,3,4,3,0.8233935043839057,0.7890625,0
Railways,vertex_delete_50pct,3,5,3,0.8065206986862986,0.771484375,0
Railways,vertex_delete_50pct,3,6,3,0.8222511467423871,0.787109375,0
Railways,vertex_delete_50pct,3,7,3,0.8297216844473545,0.796875,0
Railways,vertex_delete_50pct,3,8,3,0.814678239452333,0.779296875,0
Railways,vertex_delete_50pct,3,9,3,0.8143728956175776,0.7802734375,0
Railways,vertex_delete_50pct,3,0,5,0.8739511798611886,0.84765625,0
Railways,vertex_delete_50pct,3,1,5,0.8444803123398477,0.818359375,0
Railways,vertex_delete_50pct,3,2,5,0.8580772974756243,0.8291015625,0
Railways,vertex_delete_50pct,3,3,5,0.8594424654990512,0.828125,0
Railways,vertex_delete_50pct,3,4,5,0.8743287614429657,0.8486328125,0
Railways,vertex_delete_50pct,3,5,5,0.8521956802909253,0.8232421875,0
Railways,vertex_delete_50pct,3,6,5,0.8574694197063949,0.830078125,0
Railways,vertex_delete_50pct,3,7,5,0.8671443441788924,0.8388671875,0
Railways,vertex_delete_50pct,3,8,5,0.8573016618149208,0.8291015625,0
Railways,vertex_delete_50pct,3,9,5,0.8700388701311361,0.841796875,0
Railways,vertex_delete_50pct,3,0,10,0.9257444954760554,0.9052734375,0
Railways,vertex_delete_50pct,3,1,10,0.9283766556868991,0.9091796875,0
Railways,vertex_delete_50pct,3,2,10,0.9316144470652363,0.9130859375,0
Railways,vertex_delete_50pct,3,3,10,0.932603129976525,0.9140625,0
Railways,vertex_delete_50pct,3,4,10,0.9330547140577853,0.916015625,0
Railways,vertex_delete_50pct,3,5,10,0.9377355905497139,0.921875,0
Railways,vertex_delete_50pct,3,6,10,0.9338618288972997,0.916015625,0
Railways,vertex_delete_50pct,3,7,10,0.9230389269067681,0.90234375,0
Railways,vertex_delete_50pct,3,8,10,0.936687438467794,0.919921875,0
Railways,vertex_delete_50pct,3,9,10,0.9236929610739278,0.904296875,0
Railways,vertex_delete_50pct,3,0,1000000,0.993662103599709,0.9921875,0
Railways,vertex_delete_50pct,3,1,1000000,0.993662103599709,0.9921875,0
Railways,vertex_delete_50pct,3,2,1000000,0.993662103599709,0.9921875,0
Railways,vertex_delete_50pct,3,3,1000000,0.993662103599709,0.9921875,0
Railways,vertex_delete_50pct,3,4,1000000,0.993662103599709,0.9921875,0
Railways,vertex_delete_50pct,3,5,1000000,0.993662103599709,0.9921875,0
Railways,vertex_delete_50pct,3,6,1000000,0.993662103599709,0.9921875,0
Railways,vertex_delete_50pct,3,7,1000000,0.993662103599709,0.9921875,0
Railways,vertex_delete_50pct,3,8,1000000,0.993662103599709,0.9921875,0
Railways,vertex_delete_50pct,3,9,1000000,0.993662103599709,0.9921875,0
Railways,object_delete_90pct,3,0,1,0.8095953034970963,0.775390625,7
Railways,object_delete_90pct,3,1,1,0.8146287937978793,0.783203125,7
Railways,object_delete_90pct,3,2,1,0.7991741190498188,0.7666015625,7
Railways,object_delete_90pct,3,3,1,0.8207994363624048,0.7890625,7
Railways,object_delete_90pct,3,4,1,0.8074259221243208,0.7734375,7
Railways,object_delete_90pct,3,5,1,0.8161412476632323,0.7802734375,7
Railways,object_delete_90pct,3,6,1,0.8012661337080316,0.765625,7
Railways,object_delete_90pct,3,7,1,0.817089100945912,0.78125,7
Railways,object_delete_90pct,3,8,1,0.820808947974726,0.7861328125,7
Railways,object_delete_90pct,3,9,1,0.8217532782795552,0.787109375,7
Railways,object_delete_90pct,3,0,3,0.8907245319949679,0.8681640625,7
Railways,object_delete_90pct,3,1,3,0.8904384100323222,0.8671875,7
Railways,object_delete_90pct,3,2,3,0.900855797667648,0.8798828125,7
Railways,object_delete_90pct,3,3,3,0.8857613044690185,0.861328125,7
Railways,object_delete_90pct,3,4,3,0.887940302360585,0.8642578125,7
Railways,object_delete_90pct,3,5,3,0.8871821930621508,0.8642578125,7
Railways,object_delete_90pct,3,6,3,0.894110336579747,0.8720703125,7
Railways,object_delete_90pct,3,7,3,0.8999805646281689,0.87890625,7
Railways,object_delete_90pct,3,8,3,0.8851235555611835,0.861328125,7
Railways,object_delete_90pct,3,9,3,0.9085645765576071,0.888671875,7
Railways,object_delete_90pct,3,0,5,0.9290910389892686,0.9130859375,7
Railways,object_delete_90pct,3,1,5,0.9389376465494745,0.9248046875,7
Railways,object_delete_90pct,3,2,5,0.9297314403725796,0.9140625,7
Railways,object_delete_90pct,3,3,5,0.9323813348332751,0.9169921875,7
Railways,object_delete_90pct,3,4,5,0.929309268519847,0.9130859375,7
Railways,object_delete_90pct,3,5,5,0.9263684090298397,0.9091796875,7
Railways,object_delete_90pct,3,6,5,0.9316386972524155,0.916015625,7
Railways,object_delete_90pct,3,7,5,0.9280704906662771,0.9111328125,7
Railways,object_delete_90pct,3,8,5,0.9318553698829807,0.916015625,7
Railways,object_delete_90pct,3,9,5,0.9294213866182298,0.9130859375,7
Railways,object_delete_90pct,3,0,10,0.9418658131647025,0.927734375,7
Railways,object_delete_90pct,3,1,10,0.9418658131647025,0.927734375,7
Railways,object_delete_90pct,3,2,10,0.9418658131647025,0.927734375,7
Railways,object_delete_90pct,3,3,10,0.9418658131647025,0.927734375,7
Railways,object_delete_90pct,3,4,10,0.9418658131647025,0.927734375,7
Railways,object_delete_90pct,3,5,10,0.9418658131647025,0.927734375,7
Railways,object_delete_90pct,3,6,10,0.9418658131647025,0.927734375,7
Railways,object_delete_90pct,3,7,10,0.9418658131647025,0.927734375,7
Railways,object_delete_90pct,3,8,10,0.9418658131647025,0.927734375,7
Railways,object_delete_90pct,3,9,10,0.9418658131647025,0.927734375,7
Railways,object_delete_90pct,3,0,1000000,0.9418658131647025,0.927734375,7
Railways,object_delete_90pct,3,1,1000000,0.9418658131647025,0.927734375,7
Railways,object_delete_90pct,3,2,1000000,0.9418658131647025,0.927734375,7
Railways,object_delete_90pct,3,3,1000000,0.9418658131647025,0.927734375,7
Railways,object_delete_90pct,3,4,1000000,0.9418658131647025,0.927734375,7
Railways,object_delete_90pct,3,5,1000000,0.9418658131647025,0.927734375,7
Railways,object_delete_90pct,3,6,1000000,0.9418658131647025,0.927734375,7
Railways,object_delete_90pct,3,7,1000000,0.9418658131647025,0.927734375,7
Railways,object_delete_90pct,3,8,1000000,0.9418658131647025,0.927734375,7
Railways,object_delete_90pct,3,9,1000000,0.9418658131647025,0.927734375,7
Railways,vertex_delete_50pct,4,0,1,0.735287002530314,0.6923828125,0
Railways,vertex_delete_50pct,4,1,1,0.7222590693548306,0.67578125,0
Railways,vertex_delete_50pct,4,2,1,0.7693397763860317,0.7294921875,0
Railways,vertex_delete_50pct,4,3,1,0.7596263169775997,0.71875,0
Railways,vertex_delete_50pct,4,4,1,0.733300631492352,0.689453125,0
Railways,vertex_delete_50pct,4,5,1,0.7627719631849796,0.724609375,0
Railways,vertex_delete_50pct,4,6,1,0.7380706436248723,0.6943359375,0
Railways,vertex_delete_50pct,4,7,1,0.7519980000395561,0.70703125,0
Railways,vertex_delete_50pct,4,8,1,0.758672504132824,0.7138671875,0
Railways,vertex_delete_50pct,4,9,1,0.7338715938148589,0.6875,0
Railways,vertex_delete_50pct,4,0,3,0.8113866102020205,0.775390625,0
Railways,vertex_delete_50pct,4,1,3,0.8271527783091086,0.794921875,0
Railways,vertex_delete_50pct,4,2,3,0.82172176564353,0.7880859375,0
Railways,vertex_delete_50pct,4,3,3,0.7918389536840358,0.75390625,0
Railways,vertex_delete_50pct,4,4,3,0.8383759913513166,0.806640625,0
Railways,vertex_delete_50pct,4,5,3,0.7949186901115147,0.759765625,0
Railways,vertex_delete_50pct,4,6,3,0.8028622067296496,0.7685546875,0
Railways,vertex_delete_50pct,4,7,3,0.8129269714127222,0.779296875,0
Railways,vertex_delete_50pct,4,8,3,0.815546060720829,0.7822265625,0
Railways,vertex_delete_50pct,4,9,3,0.8271552291285246,0.79296875,0
Railways,vertex_delete_50pct,4,0,5,0.8600952694272567,0.8310546875,0
Railways,vertex_delete_50pct,4,1,5,0.8713749404363309,0.84765625,0
Railways,vertex_delete_50pct,4,2,5,0.8719712290272827,0.84765625,0
Railways,vertex_delete_50pct,4,3,5,0.8650402371927169,0.83984375,0
Railways,vertex_delete_50pct,4,4,5,0.8560707580902076,0.830078125,0
Railways,vertex_delete_50pct,4,5,5,0.8739917826978953,0.8486328125,0
Railways,vertex_delete_50pct,4,6,5,0.8798681177936706,0.8544921875,0
Railways,vertex_delete_50pct,4,7,5,0.8607595654295443,0.8330078125,0
Railways,vertex_delete_50pct,4,8,5,0.8680853108453341,0.8427734375,0
Railways,vertex_delete_50pct,4,9,5,0.887923674339146,0.865234375,0
Railways,vertex_delete_50pct,4,0,10,0.9230389269067681,0.90234375,0
Railways,vertex_delete_50pct,4,1,10,0.9248956660924215,0.904296875,0
Railways,vertex_delete_50pct,4,2,10,0.9241314368257099,0.904296875,0
Railways,vertex_delete_50pct,4,3,10,0.9292218093420964,0.9111328125,0
Railways,vertex_delete_50pct,4,4,10,0.9226638149586642,0.9013671875,0
Railways,vertex_delete_50pct,4,5,10,0.9280859583127492,0.9091796875,0
Railways,vertex_delete_50pct,4,6,10,0.9364277969871407,0.919921875,0
Railways,vertex_delete_50pct,4,7,10,0.9331848370499786,0.916015625,0
Railways,vertex_delete_50pct,4,8,10,0.9299774140666076,0.91015625,0
Railways,vertex_delete_50pct,4,9,10,0.9248344657876584,0.9052734375,0
Railways,vertex_delete_50pct,4,0,1000000,0.9841029924901796,0.98046875,0
Railways,vertex_delete_50pct,4,1,1000000,0.9841029924901796,0.98046875,0
Railways,vertex_delete_50pct,4,2,1000000,0.9841029924901796,0.98046875,0
Railways,vertex_delete_50pct,4,3,1000000,0.9841029924901796,0.98046875,0
Railways,vertex_delete_50pct,4,4,1000000,0.9841029924901796,0.98046875,0
Railways,vertex_delete_50pct,4,5,1000000,0.9841029924901796,0.98046875,0
Railways,vertex_delete_50pct,4,6,1000000,0.9841029924901796,0.98046875,0
Railways,vertex_delete_50pct,4,7,1000000,0.9841029924901796,0.98046875,0
Railways,vertex_delete_50pct,4,8,1000000,0.9841029924901796,0.98046875,0
Railways,vertex_delete_50pct,4,9,1000000,0.9841029924901796,0.98046875,0
Railways,object_delete_90pct,4,0,1,0.8435021704156496,0.8125,5
Railways,object_delete_90pct,4,1,1,0.8432010457549616,0.810546875,5
Railways,object_delete_90pct,4,2,1,0.829680151004544,0.7998046875,5
Railways,object_delete_90pct,4,3,1,0.8186721098312271,0.787109375,5
Railways,object_delete_90pct,4,4,1,0.8407102061909626,0.8115234375,5
Railways,object_delete_90pct,4,5,1,0.8409105052507371,0.8115234375,5
Railways,object_delete_90pct,4,6,1,0.83536136772898,0.8037109375,5
Railways,object_delete_90pct,4,7,1,0.8287837191641848,0.7958984375,5
Railways,object_delete_90pct,4,8,1,0.8212438303242063,0.7880859375,5
Railways,object_delete_90pct,4,9,1,0.8443029027051451,0.814453125,5
Railways,object_delete_90pct,4,0,3,0.90120680572884,0.880859375,5
Railways,object_delete_90pct,4,1,3,0.9043340675989741,0.884765625,5
Railways,object_delete_90pct,4,2,3,0.9192883785129129,0.9013671875,5
Railways,object_delete_90pct,4,3,3,0.9162482190187663,0.8984375,5
Railways,object_delete_90pct,4,4,3,0.9099184309545372,0.890625,5
Railways,object_delete_90pct,4,5,3,0.9099721943518209,0.8916015625,5
Railways,object_delete_90pct,4,6,3,0.8947116215434069,0.873046875,5
Railways,object_delete_90pct,4,7,3,0.9152754442692929,0.8974609375,5
Railways,object_delete_90pct,4,8,3,0.9120291854009067,0.892578125,5
Railways,object_delete_90pct,4,9,3,0.9047588680859717,0.8837890625,5
Railways,object_delete_90pct,4,0,5,0.9429488861911114,0.9296875,5
Railways,object_delete_90pct,4,1,5,0.9360837420717975,0.9208984375,5
Railways,object_delete_90pct,4,2,5,0.9430426967085489,0.9296875,5
Railways,object_delete_90pct,4,3,5,0.9370592297181646,0.9228515625,5
Railways,object_delete_90pct,4,4,5,0.9412698412698413,0.927734375,5
Railways,object_delete_90pct,4,5,5,0.9426799397659643,0.9296875,5
Railways,object_delete_90pct,4,6,5,0.9373516032276004,0.9228515625,5
Railways,object_delete_90pct,4,7,5,0.939495210239728,0.92578125,5
Railways,object_delete_90pct,4,8,5,0.946031746031746,0.93359375,5
Railways,object_delete_90pct,4,9,5,0.9390366949652905,0.9248046875,5
Railways,object_delete_90pct,4,0,10,0.952785442377427,0.94140625,5
Railways,object_delete_90pct,4,1,10,0.952785442377427,0.94140625,5
Railways,object_delete_90pct,4,2,10,0.952785442377427,0.94140625,5
Railways,object_delete_90pct,4,3,10,0.952785442377427,0.94140625,5
Railways,object_delete_90pct,4,4,10,0.952785442377427,0.94140625,5
Railways,object_delete_90pct,4,5,10,0.952785442377427,0.94140625,5
Railways,object_delete_90pct,4,6,10,0.952785442377427,0.94140625,5
Railways,object_delete_90pct,4,7,10,0.952785442377427,0.94140625,5
Railways,object_delete_90pct,4,8,10,0.952785442377427,0.94140625,5
Railways,object_delete_90pct,4,9,10,0.952785442377427,0.94140625,5
Railways,object_delete_90pct,4,0,1000000,0.952785442377427,0.94140625,5
Railways,object_delete_90pct,4,1,1000000,0.952785442377427,0.94140625,5
Railways,object_delete_90pct,4,2,1000000,0.952785442377427,0.94140625,5
Railways,object_delete_90pct,4,3,1000000,0.952785442377427,0.94140625,5
Railways,object_delete_90pct,4,4,1000000,0.952785442377427,0.94140625,5
Railways,object_delete_90pct,4,5,1000000,0.952785442377427,0.94140625,5
Railways,object_delete_90pct,4,6,1000000,0.952785442377427,0.94140625,5
Railways,object_delete_90pct,4,7,1000000,0.952785442377427,0.94140625,5
Railways,object_delete_90pct,4,8,1000000,0.952785442377427,0.94140625,5
Railways,object_delete_90pct,4,9,1000000,0.952785442377427,0.94140625,5
Railways,vertex_delete_50pct,5,0,1,0.7206910296072997,0.67578125,0
Railways,vertex_delete_50pct,5,1,1,0.7389707666951464,0.689453125,0
Railways,vertex_delete_50pct,5,2,1,0.7404908101339982,0.6923828125,0
Railways,vertex_delete_50pct,5,3,1,0.7322264037708955,0.6826171875,0
Railways,vertex_delete_50pct,5,4,1,0.7597782421621306,0.712890625,0
Railways,vertex_delete_50pct,5,5,1,0.7383175346386454,0.6962890625,0
Railways,vertex_delete_50pct,5,6,1,0.7310563006310971,0.685546875,0
Railways,vertex_delete_50pct,5,7,1,0.7549215715615132,0.7138671875,0
Railways,vertex_delete_50pct,5,8,1,0.7383405983849827,0.69140625,0
Railways,vertex_delete_50pct,5,9,1,0.735287002530314,0.6923828125,0
Railways,vertex_delete_50pct,5,0,3,0.8169730890400283,0.7841796875,0
Railways,vertex_delete_50pct,5,1,3,0.8306939169060539,0.7958984375,0
Railways,vertex_delete_50pct,5,2,3,0.8411597271275433,0.8095703125,0
Railways,vertex_delete_50pct,5,3,3,0.813172415788866,0.779296875,0
Railways,vertex_delete_50pct,5,4,3,0.8266997881229556,0.794921875,0
Railways,vertex_delete_50pct,5,5,3,0.8145950573499159,0.7822265625,0
Railways,vertex_delete_50pct,5,6,3,0.8104325862161373,0.7744140625,0
Railways,vertex_delete_50pct,5,7,3,0.8106951856109983,0.7744140625,0
Railways,vertex_delete_50pct,5,8,3,0.8096536956220503,0.7744140625,0
Railways,vertex_delete_50pct,5,9,3,0.8076451775083812,0.7744140625,0
Railways,vertex_delete_50pct,5,0,5,0.8565020372156582,0.8251953125,0
Railways,vertex_delete_50pct,5,1,5,0.868510417224564,0.84375,0
Railways,vertex_delete_50pct,5,2,5,0.8759539078396998,0.8505859375,0
Railways,vertex_delete_50pct,5,3,5,0.8691000376454818,0.8427734375,0
Railways,vertex_delete_50pct,5,4,5,0.8736623805518469,0.8486328125,0
Railways,vertex_delete_50pct,5,5,5,0.8613003348648292,0.833984375,0
Railways,vertex_delete_50pct,5,6,5,0.8656595250050445,0.8388671875,0
Railways,vertex_delete_50pct,5,7,5,0.8691540021240605,0.84375,0
Railways,vertex_delete_50pct,5,8,5,0.8521956802909253,0.8232421875,0
Railways,vertex_delete_50pct,5,9,5,0.8638459493096913,0.8369140625,0
Railways,vertex_delete_50pct,5,0,10,0.9294974967075962,0.9111328125,0
Railways,vertex_delete_50pct,5,1,10,0.9259806566410602,0.90625,0
Railways,vertex_delete_50pct,5,2,10,0.9292218093420964,0.9111328125,0
Railways,vertex_delete_50pct,5,3,10,0.9177004845079725,0.89453125,0
Railways,vertex_delete_50pct,5,4,10,0.9225782747470112,0.90234375,0
Railways,vertex_delete_50pct,5,5,10,0.9230389269067681,0.90234375,0
Railways,vertex_delete_50pct,5,6,10,0.9364277969871407,0.919921875,0
Railways,vertex_delete_50pct,5,7,10,0.9335858244331324,0.916015625,0
Railways,vertex_delete_50pct,5,8,10,0.9221388919541469,0.900390625,0
Railways,vertex_delete_50pct,5,9,10,0.9388235585474717,0.9228515625,0
Railways,vertex_delete_50pct,5,0,1000000,0.9834762710285795,0.9794921875,0
Railways,vertex_delete_50pct,5,1,1000000,0.9834762710285795,0.9794921875,0
Railways,vertex_delete_50pct,5,2,1000000,0.9834762710285795,0.9794921875,0
Railways,vertex_delete_50pct,5,3,1000000,0.9834762710285795,0.9794921875,0
Railways,vertex_delete_50pct,5,4,1000000,0.9834762710285795,0.9794921875,0
Railways,vertex_delete_50pct,5,5,1000000,0.9834762710285795,0.9794921875,0
Railways,vertex_delete_50pct,5,6,1000000,0.9834762710285795,0.9794921875,0
Railways,vertex_delete_50pct,5,7,1000000,0.9834762710285795,0.9794921875,0
Railways,vertex_delete_50pct,5,8,1000000,0.9834762710285795,0.9794921875,0
Railways,vertex_delete_50pct,5,9,1000000,0.9834762710285795,0.9794921875,0
Railways,object_delete_90pct,5,0,1,0.8547505224323969,0.826171875,9
Railways,object_delete_90pct,5,1,1,0.8521537010948445,0.82421875,9
Railways,object_delete_90pct,5,2,1,0.834999986798889,0.8046875,9
Railways,object_delete_90pct,5,3,1,0.8254884228072289,0.7958984375,9
Railways,object_delete_90pct,5,4,1,0.8425134188657923,0.80859375,9
Railways,object_delete_90pct,5,5,1,0.8415222901168682,0.8115234375,9
Railways,object_delete_90pct,5,6,1,0.829261087269192,0.796875,9
Railways,object_delete_90pct,5,7,1,0.8325296261303655,0.7998046875,9
Railways,object_delete_90pct,5,8,1,0.8455173835047608,0.8134765625,9
Railways,object_delete_90pct,5,9,1,0.8452278405761726,0.8154296875,9
Railways,object_delete_90pct,5,0,3,0.9211228482603726,0.9033203125,9
Railways,object_delete_90pct,5,1,3,0.9138860590564498,0.89453125,9
Railways,object_delete_90pct,5,2,3,0.9206349206349206,0.90234375,9
Railways,object_delete_90pct,5,3,3,0.9169516267592108,0.8984375,9
Railways,object_delete_90pct,5,4,3,0.9116971072687144,0.8916015625,9
Railways,object_delete_90pct,5,5,3,0.9085149184126281,0.8876953125,9
Railways,object_delete_90pct,5,6,3,0.9224729734581947,0.904296875,9
Railways,object_delete_90pct,5,7,3,0.9166837168982821,0.8994140625,9
Railways,object_delete_90pct,5,8,3,0.9165907653964552,0.8984375,9
Railways,object_delete_90pct,5,9,3,0.9197778914068229,0.9013671875,9
Railways,object_delete_90pct,5,0,5,0.9431385542086914,0.9296875,9
Railways,object_delete_90pct,5,1,5,0.9389376465494745,0.9248046875,9
Railways,object_delete_90pct,5,2,5,0.9413640981470927,0.927734375,9
Railways,object_delete_90pct,5,3,5,0.9446249831124224,0.931640625,9
Railways,object_delete_90pct,5,4,5,0.9437873021910846,0.9306640625,9
Railways,object_delete_90pct,5,5,5,0.938611774639581,0.923828125,9
Railways,object_delete_90pct,5,6,5,0.9391377707934729,0.9248046875,9
Railways,object_delete_90pct,5,7,5,0.9407188108116438,0.9267578125,9
Railways,object_delete_90pct,5,8,5,0.9382958374969287,0.923828125,9
Railways,object_delete_90pct,5,9,5,0.9413640981470927,0.927734375,9
Railways,object_delete_90pct,5,0,10,0.9465830042156109,0.93359375,9
Railways,object_delete_90pct,5,1,10,0.9465830042156109,0.93359375,9
Railways,object_delete_90pct,5,2,10,0.9465830042156109,0.93359375,9
Railways,object_delete_90pct,5,3,10,0.9465830042156109,0.93359375,9
Railways,object_delete_90pct,5,4,10,0.9465830042156109,0.93359375,9
Railways,object_delete_90pct,5,5,10,0.9465830042156109,0.93359375,9
Railways,object_delete_90pct,5,6,10,0.9465830042156109,0.93359375,9
Railways,object_delete_90pct,5,7,10,0.9465830042156109,0.93359375,9
Railways,object_delete_90pct,5,8,10,0.9465830042156109,0.93359375,9
Railways,object_delete_90pct,5,9,10,0.9465830042156109,0.93359375,9
Railways,object_delete_90pct,5,0,1000000,0.9465830042156109,0.93359375,9
Railways,object_delete_90pct,5,1,1000000,0.9465830042156109,0.93359375,9
Railways,object_delete_90pct,5,2,1000000,0.9465830042156109,0.93359375,9
Railways,object_delete_90pct,5,3,1000000,0.9465830042156109,0.93359375,9
Railways,object_delete_90pct,5,4,1000000,0.9465830042156109,0.93359375,9
Railways,object_delete_90pct,5,5,1000000,0.9465830042156109,0.93359375,9
Railways,object_delete_90pct,5,6,1000000,0.9465830042156109,0.93359375,9
Railways,object_delete_90pct,5,7,1000000,0.9465830042156109,0.93359375,9
Railways,object_delete_90pct,5,8,1000000,0.9465830042156109,0.93359375,9
Railways,object_delete_90pct,5,9,1000000,0.9465830042156109,0.93359375,9
Railways,vertex_delete_50pct,6,0,1,0.7270485693578566,0.6806640625,0
Railways,vertex_delete_50pct,6,1,1,0.7395044869090539,0.6884765625,0
Railways,vertex_delete_50pct,6,2,1,0.7407528467914645,0.693359375,0
Railways,vertex_delete_50pct,6,3,1,0.7540101684342647,0.708984375,0
Railways,vertex_delete_50pct,6,4,1,0.7441697114562893,0.6962890625,0
Railways,vertex_delete_50pct,6,5,1,0.7386009973837778,0.7001953125,0
Railways,vertex_delete_50pct,6,6,1,0.7416664569362664,0.6953125,0
Railways,vertex_delete_50pct,6,7,1,0.7424190082611659,0.705078125,0
Railways,vertex_delete_50pct,6,8,1,0.746091806034816,0.69921875,0
Railways,vertex_delete_50pct,6,9,1,0.7195346228945673,0.6728515625,0
Railways,vertex_delete_50pct,6,0,3,0.812339597752197,0.7763671875,0
Railways,vertex_delete_50pct,6,1,3,0.8045383282468305,0.7705078125,0
Railways,vertex_delete_50pct,6,2,3,0.8087685153323808,0.7705078125,0
Railways,vertex_delete_50pct,6,3,3,0.820561658458191,0.7861328125,0
Railways,vertex_delete_50pct,6,4,3,0.8319787172060696,0.8017578125,0
Railways,vertex_delete_50pct,6,5,3,0.8378930874105431,0.8056640625,0
Railways,vertex_delete_50pct,6,6,3,0.8427501480599423,0.810546875,0
Railways,vertex_delete_50pct,6,7,3,0.8150266093915419,0.7783203125,0
Railways,vertex_delete_50pct,6,8,3,0.8087685153323808,0.7705078125,0
Railways,vertex_delete_50pct,6,9,3,0.8141264842560705,0.7802734375,0
Railways,vertex_delete_50pct,6,0,5,0.8593853268635021,0.830078125,0
Railways,vertex_delete_50pct,6,1,5,0.858025428648613,0.830078125,0
Railways,vertex_delete_50pct,6,2,5,0.8625777109089303,0.8349609375,0
Railways,vertex_delete_50pct,6,3,5,0.8663878882176246,0.83984375,0
Railways,vertex_delete_50pct,6,4,5,0.8613003348648292,0.833984375,0
Railways,vertex_delete_50pct,6,5,5,0.8580772974756243,0.8291015625,0
Railways,vertex_delete_50pct,6,6,5,0.8612022279116948,0.83203125,0
Railways,vertex_delete_50pct,6,7,5,0.8752984524255394,0.8505859375,0
Railways,vertex_delete_50pct,6,8,5,0.8545728203580462,0.828125,0
Railways,vertex_delete_50pct,6,9,5,0.8652980646810327,0.837890625,0
Railways,vertex_delete_50pct,6,0,10,0.9309154952386468,0.9130859375,0
Railways,vertex_delete_50pct,6,1,10,0.9240036556777428,0.90234375,0
Railways,vertex_delete_50pct,6,2,10,0.9204822971630328,0.8994140625,0
Railways,vertex_delete_50pct,6,3,10,0.9159983002777404,0.8935546875,0
Railways,vertex_delete_50pct,6,4,10,0.9368198950967248,0.919921875,0
Railways,vertex_delete_50pct,6,5,10,0.9224713113068013,0.900390625,0
Railways,vertex_delete_50pct,6,6,10,0.9236757901074037,0.90234375,0
Railways,vertex_delete_50pct,6,7,10,0.9183820297073793,0.8955078125,0
Railways,vertex_delete_50pct,6,8,10,0.917188202208318,0.89453125,0
Railways,vertex_delete_50pct,6,9,10,0.9225034357354033,0.9013671875,0
Railways,vertex_delete_50pct,6,0,1000000,0.9825685872915783,0.978515625,0
Railways,vertex_delete_50pct,6,1,1000000,0.9825685872915783,0.978515625,0
Railways,vertex_delete_50pct,6,2,1000000,0.9825685872915783,0.978515625,0
Railways,vertex_delete_50pct,6,3,1000000,0.9825685872915783,0.978515625,0
Railways,vertex_delete_50pct,6,4,1000000,0.9825685872915783,0.978515625,0
Railways,vertex_delete_50pct,6,5,1000000,0.9825685872915783,0.978515625,0
Railways,vertex_delete_50pct,6,6,1000000,0.9825685872915783,0.978515625,0
Railways,vertex_delete_50pct,6,7,1000000,0.9825685872915783,0.978515625,0
Railways,vertex_delete_50pct,6,8,1000000,0.9825685872915783,0.978515625,0
Railways,vertex_delete_50pct,6,9,1000000,0.9825685872915783,0.978515625,0
Railways,object_delete_90pct,6,0,1,0.8205736930396177,0.7890625,14
Railways,object_delete_90pct,6,1,1,0.8274861934814468,0.796875,14
Railways,object_delete_90pct,6,2,1,0.8300991722760105,0.7998046875,14
Railways,object_delete_90pct,6,3,1,0.8003949076268189,0.7685546875,14
Railways,object_delete_90pct,6,4,1,0.8226658986279399,0.7900390625,14
Railways,object_delete_90pct,6,5,1,0.8119712129846812,0.7783203125,14
Railways,object_delete_90pct,6,6,1,0.8274490187931396,0.7919921875,14
Railways,object_delete_90pct,6,7,1,0.8167395497118357,0.783203125,14
Railways,object_delete_90pct,6,8,1,0.8227570415366044,0.7919921875,14
Railways,object_delete_90pct,6,9,1,0.803298291600415,0.7705078125,14
Railways,object_delete_90pct,6,0,3,0.8876312761697489,0.8642578125,14
Railways,object_delete_90pct,6,1,3,0.8892736060195996,0.8671875,14
Railways,object_delete_90pct,6,2,3,0.8880690663831652,0.865234375,14
Railways,object_delete_90pct,6,3,3,0.8876312761697489,0.8642578125,14
Railways,object_delete_90pct,6,4,3,0.8922032048651568,0.869140625,14
Railways,object_delete_90pct,6,5,3,0.8852048122808195,0.8603515625,14
Railways,object_delete_90pct,6,6,3,0.876519150081579,0.8515625,14
Railways,object_delete_90pct,6,7,3,0.8818427399203098,0.8583984375,14
Railways,object_delete_90pct,6,8,3,0.883036021085903,0.859375,14
Railways,object_delete_90pct,6,9,3,0.8894122314182548,0.8671875,14
Railways,object_delete_90pct,6,0,5,0.9136292366033645,0.89453125,14
Railways,object_delete_90pct,6,1,5,0.9159682699914616,0.8974609375,14
Railways,object_delete_90pct,6,2,5,0.9076964046073739,0.8876953125,14
Railways,object_delete_90pct,6,3,5,0.9137566733558686,0.89453125,14
Railways,object_delete_90pct,6,4,5,0.910429134198449,0.890625,14
Railways,object_delete_90pct,6,5,5,0.9131393811526063,0.89453125,14
Railways,object_delete_90pct,6,6,5,0.9136292366033645,0.89453125,14
Railways,object_delete_90pct,6,7,5,0.9120291854009067,0.892578125,14
Railways,object_delete_90pct,6,8,5,0.9115610193856974,0.8916015625,14
Railways,object_delete_90pct,6,9,5,0.9095628974740387,0.8896484375,14
Railways,object_delete_90pct,6,0,10,0.9196525794089301,0.9013671875,14
Railways,object_delete_90pct,6,1,10,0.9196525794089301,0.9013671875,14
Railways,object_delete_90pct,6,2,10,0.9196525794089301,0.9013671875,14
Railways,object_delete_90pct,6,3,10,0.9196525794089301,0.9013671875,14
Railways,object_delete_90pct,6,4,10,0.9196525794089301,0.9013671875,14
Railways,object_delete_90pct,6,5,10,0.9196525794089301,0.9013671875,14
Railways,object_delete_90pct,6,6,10,0.9196525794089301,0.9013671875,14
Railways,object_delete_90pct,6,7,10,0.9196525794089301,0.9013671875,14
Railways,object_delete_90pct,6,8,10,0.9196525794089301,0.9013671875,14
Railways,object_delete_90pct,6,9,10,0.9196525794089301,0.9013671875,14
Railways,object_delete_90pct,6,0,1000000,0.9196525794089301,0.9013671875,14
Railways,object_delete_90pct,6,1,1000000,0.9196525794089301,0.9013671875,14
Railways,object_delete_90pct,6,2,1000000,0.9196525794089301,0.9013671875,14
Railways,object_delete_90pct,6,3,1000000,0.9196525794089301,0.9013671875,14
Railways,object_delete_90pct,6,4,1000000,0.9196525794089301,0.9013671875,14
Railways,object_delete_90pct,6,5,1000000,0.9196525794089301,0.9013671875,14
Railways,object_delete_90pct,6,6,1000000,0.9196525794089301,0.9013671875,14
Railways,object_delete_90pct,6,7,1000000,0.9196525794089301,0.9013671875,14
Railways,object_delete_90pct,6,8,1000000,0.9196525794089301,0.9013671875,14
Railways,object_delete_90pct,6,9,1000000,0.9196525794089301,0.9013671875,14
Railways,vertex_delete_50pct,7,0,1,0.7421049053231199,0.69921875,0
Railways,vertex_delete_50pct,7,1,1,0.7281338445056985,0.6845703125,0
Railways,vertex_delete_50pct,7,2,1,0.7526516272816325,0.7080078125,0
Railways,vertex_delete_50pct,7,3,1,0.7328573615818702,0.68359375,0
Railways,vertex_delete_50pct,7,4,1,0.7676636548688508,0.7275390625,0
Railways,vertex_delete_50pct,7,5,1,0.7476847610387982,0.7119140625,0
Railways,vertex_delete_50pct,7,6,1,0.7363076545500272,0.6865234375,0
Railways,vertex_delete_50pct,7,7,1,0.7400035276606245,0.693359375,0
Railways,vertex_delete_50pct,7,8,1,0.7444588843721635,0.7021484375,0
Railways,vertex_delete_50pct,7,9,1,0.7423133532275301,0.6962890625,0
Railways,vertex_delete_50pct,7,0,3,0.8127747833473393,0.77734375,0
Railways,vertex_delete_50pct,7,1,3,0.816982446237566,0.783203125,0
Railways,vertex_delete_50pct,7,2,3,0.8222060705993897,0.7880859375,0
Railways,vertex_delete_50pct,7,3,3,0.8079979620931708,0.7724609375,0
Railways,vertex_delete_50pct,7,4,3,0.8226965990500855,0.7880859375,0
Railways,vertex_delete_50pct,7,5,3,0.7966887734030963,0.7587890625,0
Railways,vertex_delete_50pct,7,6,3,0.8278667644397242,0.7958984375,0
Railways,vertex_delete_50pct,7,7,3,0.8209497624131247,0.791015625,0
Railways,vertex_delete_50pct,7,8,3,0.8280931682595426,0.7939453125,0
Railways,vertex_delete_50pct,7,9,3,0.7998689815837312,0.763671875,0
Railways,vertex_delete_50pct,7,0,5,0.8681940949397544,0.8408203125,0
Railways,vertex_delete_50pct,7,1,5,0.868864614773051,0.845703125,0
Railways,vertex_delete_50pct,7,2,5,0.8536413058937151,0.8251953125,0
Railways,vertex_delete_50pct,7,3,5,0.8596727708840948,0.8330078125,0
Railways,vertex_delete_50pct,7,4,5,0.8598492073268774,0.8330078125,0
Railways,vertex_delete_50pct,7,5,5,0.8335540982910663,0.802734375,0
Railways,vertex_delete_50pct,7,6,5,0.8815488101248558,0.8583984375,0
Railways,vertex_delete_50pct,7,7,5,0.8625819491779427,0.8359375,0
Railways,vertex_delete_50pct,7,8,5,0.8486135052064082,0.818359375,0
Railways,vertex_delete_50pct,7,9,5,0.8560098962318251,0.828125,0
Railways,vertex_delete_50pct,7,0,10,0.9171961293919829,0.8935546875,0
Railways,vertex_delete_50pct,7,1,10,0.9135929555488721,0.890625,0
Railways,vertex_delete_50pct,7,2,10,0.9241226111967024,0.9052734375,0
Railways,vertex_delete_50pct,7,3,10,0.931329731641385,0.9130859375,0
Railways,vertex_delete_50pct,7,4,10,0.9347043788962985,0.9169921875,0
Railways,vertex_delete_50pct,7,5,10,0.9234300086891066,0.9033203125,0
Railways,vertex_delete_50pct,7,6,10,0.9350035713766005,0.91796875,0
Railways,vertex_delete_50pct,7,7,10,0.9285111233418818,0.91015625,0
Railways,vertex_delete_50pct,7,8,10,0.9206401835561749,0.8994140625,0
Railways,vertex_delete_50pct,7,9,10,0.9242809823291478,0.904296875,0
Railways,vertex_delete_50pct,7,0,1000000,0.9896910328494462,0.9873046875,0
Railways,vertex_delete_50pct,7,1,1000000,0.9896910328494462,0.9873046875,0
Railways,vertex_delete_50pct,7,2,1000000,0.9896910328494462,0.9873046875,0
Railways,vertex_delete_50pct,7,3,1000000,0.9896910328494462,0.9873046875,0
Railways,vertex_delete_50pct,7,4,1000000,0.9896910328494462,0.9873046875,0
Railways,vertex_delete_50pct,7,5,1000000,0.9896910328494462,0.9873046875,0
Railways,vertex_delete_50pct,7,6,1000000,0.9896910328494462,0.9873046875,0
Railways,vertex_delete_50pct,7,7,1000000,0.9896910328494462,0.9873046875,0
Railways,vertex_delete_50pct,7,8,1000000,0.9896910328494462,0.9873046875,0
Railways,vertex_delete_50pct,7,9,1000000,0.9896910328494462,0.9873046875,0
Railways,object_delete_90pct,7,0,1,0.834999986798889,0.8046875,9
Railways,object_delete_90pct,7,1,1,0.827139307022986,0.7939453125,9
Railways,object_delete_90pct,7,2,1,0.8244361375397404,0.7939453125,9
Railways,object_delete_90pct,7,3,1,0.8382545543620942,0.8095703125,9
Railways,object_delete_90pct,7,4,1,0.8238441671958722,0.791015625,9
Railways,object_delete_90pct,7,5,1,0.8369633939007995,0.8046875,9
Railways,object_delete_90pct,7,6,1,0.8385980880295121,0.806640625,9
Railways,object_delete_90pct,7,7,1,0.8458491586990726,0.8154296875,9
Railways,object_delete_90pct,7,8,1,0.8405083627261195,0.8095703125,9
Railways,object_delete_90pct,7,9,1,0.836515313218709,0.8046875,9
Railways,object_delete_90pct,7,0,3,0.9159682699914616,0.8974609375,9
Railways,object_delete_90pct,7,1,3,0.919914321479842,0.90234375,9
Railways,object_delete_90pct,7,2,3,0.9151064069076478,0.896484375,9
Railways,object_delete_90pct,7,3,3,0.9124250092667189,0.892578125,9
Railways,object_delete_90pct,7,4,3,0.9157291161525718,0.8974609375,9
Railways,object_delete_90pct,7,5,3,0.9147482956772559,0.8955078125,9
Railways,object_delete_90pct,7,6,3,0.9202657174093744,0.90234375,9
Railways,object_delete_90pct,7,7,3,0.9106627406339669,0.8916015625,9
Railways,object_delete_90pct,7,8,3,0.9169516267592108,0.8984375,9
Railways,object_delete_90pct,7,9,3,0.9088290829959913,0.888671875,9
Railways,object_delete_90pct,7,0,5,0.9334401579269993,0.91796875,9
Railways,object_delete_90pct,7,1,5,0.935024945971018,0.919921875,9
Railways,object_delete_90pct,7,2,5,0.9374531592233593,0.9228515625,9
Railways,object_delete_90pct,7,3,5,0.9407188108116438,0.9267578125,9
Railways,object_delete_90pct,7,4,5,0.9382958374969287,0.923828125,9
Railways,object_delete_90pct,7,5,5,0.9406202307072219,0.9267578125,9
Railways,object_delete_90pct,7,6,5,0.9366097340150367,0.921875,9
Railways,object_delete_90pct,7,7,5,0.9335489782853085,0.91796875,9
Railways,object_delete_90pct,7,8,5,0.9339724292613183,0.9189453125,9
Railways,object_delete_90pct,7,9,5,0.9414604103046755,0.927734375,9
Railways,object_delete_90pct,7,0,10,0.9411331286406182,0.9267578125,9
Railways,object_delete_90pct,7,1,10,0.9411331286406182,0.9267578125,9
Railways,object_delete_90pct,7,2,10,0.9411331286406182,0.9267578125,9
Railways,object_delete_90pct,7,3,10,0.9411331286406182,0.9267578125,9
Railways,object_delete_90pct,7,4,10,0.9411331286406182,0.9267578125,9
Railways,object_delete_90pct,7,5,10,0.9418658131647025,0.927734375,9
Railways,object_delete_90pct,7,6,10,0.9411331286406182,0.9267578125,9
Railways,object_delete_90pct,7,7,10,0.9418658131647025,0.927734375,9
Railways,object_delete_90pct,7,8,10,0.9411331286406182,0.9267578125,9
Railways,object_delete_90pct,7,9,10,0.9418658131647025,0.927734375,9
Railways,object_delete_90pct,7,0,1000000,0.9418658131647025,0.927734375,9
Railways,object_delete_90pct,7,1,1000000,0.9418658131647025,0.927734375,9
Railways,object_delete_90pct,7,2,1000000,0.9418658131647025,0.927734375,9
Railways,object_delete_90pct,7,3,1000000,0.9418658131647025,0.927734375,9
Railways,object_delete_90pct,7,4,1000000,0.9418658131647025,0.927734375,9
Railways,object_delete_90pct,7,5,1000000,0.9418658131647025,0.927734375,9
Railways,object_delete_90pct,7,6,1000000,0.9418658131647025,0.927734375,9
Railways,object_delete_90pct,7,7,1000000,0.9418658131647025,0.927734375,9
Railways,object_delete_90pct,7,8,1000000,0.9418658131647025,0.927734375,9
Railways,object_delete_90pct,7,9,1000000,0.9418658131647025,0.927734375,9
Railways,vertex_delete_50pct,8,0,1,0.7485284396739428,0.7060546875,0
Railways,vertex_delete_50pct,8,1,1,0.7271963481856388,0.6826171875,0
Railways,vertex_delete_50pct,8,2,1,0.7412111129389376,0.6962890625,0
Railways,vertex_delete_50pct,8,3,1,0.7545964152042005,0.7119140625,0
Railways,vertex_delete_50pct,8,4,1,0.7562886168470817,0.712890625,0
Railways,vertex_delete_50pct,8,5,1,0.7560233349225602,0.7177734375,0
Railways,vertex_delete_50pct,8,6,1,0.7728737063634263,0.7294921875,0
Railways,vertex_delete_50pct,8,7,1,0.7732275579867024,0.7314453125,0
Railways,vertex_delete_50pct,8,8,1,0.7586381589803026,0.71484375,0
Railways,vertex_delete_50pct,8,9,1,0.7490386728182147,0.703125,0
Railways,vertex_delete_50pct,8,0,3,0.7936787058157873,0.7587890625,0
Railways,vertex_delete_50pct,8,1,3,0.8047912986989367,0.7705078125,0
Railways,vertex_delete_50pct,8,2,3,0.8127747833473393,0.77734375,0
Railways,vertex_delete_50pct,8,3,3,0.831178231497483,0.7998046875,0
Railways,vertex_delete_50pct,8,4,3,0.8195903072439741,0.787109375,0
Railways,vertex_delete_50pct,8,5,3,0.8352112634964164,0.8046875,0
Railways,vertex_delete_50pct,8,6,3,0.8162352091962953,0.77734375,0
Railways,vertex_delete_50pct,8,7,3,0.8191109321188628,0.7861328125,0
Railways,vertex_delete_50pct,8,8,3,0.8234437504896216,0.7880859375,0
Railways,vertex_delete_50pct,8,9,3,0.8004780107610965,0.765625,0
Railways,vertex_delete_50pct,8,0,5,0.8689125014300263,0.841796875,0
Railways,vertex_delete_50pct,8,1,5,0.8571121938310652,0.8291015625,0
Railways,vertex_delete_50pct,8,2,5,0.864930457000845,0.8349609375,0
Railways,vertex_delete_50pct,8,3,5,0.868373061326174,0.841796875,0
Railways,vertex_delete_50pct,8,4,5,0.8654820211833838,0.8388671875,0
Railways,vertex_delete_50pct,8,5,5,0.8455138183502837,0.818359375,0
Railways,vertex_delete_50pct,8,6,5,0.8672913960169106,0.83984375,0
Railways,vertex_delete_50pct,8,7,5,0.8463566698448114,0.81640625,0
Railways,vertex_delete_50pct,8,8,5,0.8698940226941543,0.8447265625,0
Railways,vertex_delete_50pct,8,9,5,0.8536413058937151,0.8251953125,0
Railways,vertex_delete_50pct,8,0,10,0.9297800981444776,0.9111328125,0
Railways,vertex_delete_50pct,8,1,10,0.9345658333914785,0.9169921875,0
Railways,vertex_delete_50pct,8,2,10,0.9275965651225034,0.9072265625,0
Railways,vertex_delete_50pct,8,3,10,0.9299774140666076,0.91015625,0
Railways,vertex_delete_50pct,8,4,10,0.9274399027751218,0.9072265625,0
Railways,vertex_delete_50pct,8,5,10,0.9263834028082631,0.9052734375,0
Railways,vertex_delete_50pct,8,6,10,0.9225782747470112,0.90234375,0
Railways,vertex_delete_50pct,8,7,10,0.9345658333914785,0.9169921875,0
Railways,vertex_delete_50pct,8,8,10,0.9309770395164033,0.9111328125,0
Railways,vertex_delete_50pct,8,9,10,0.9199177856098999,0.8974609375,0
Railways,vertex_delete_50pct,8,0,1000000,0.9896746569023328,0.9873046875,0
Railways,vertex_delete_50pct,8,1,1000000,0.9896746569023328,0.9873046875,0
Railways,vertex_delete_50pct,8,2,1000000,0.9896746569023328,0.9873046875,0
Railways,vertex_delete_50pct,8,3,1000000,0.9896746569023328,0.9873046875,0
Railways,vertex_delete_50pct,8,4,1000000,0.9896746569023328,0.9873046875,0
Railways,vertex_delete_50pct,8,5,1000000,0.9896746569023328,0.9873046875,0
Railways,vertex_delete_50pct,8,6,1000000,0.9896746569023328,0.9873046875,0
Railways,vertex_delete_50pct,8,7,1000000,0.9896746569023328,0.9873046875,0
Railways,vertex_delete_50pct,8,8,1000000,0.9896746569023328,0.9873046875,0
Railways,vertex_delete_50pct,8,9,1000000,0.9896746569023328,0.9873046875,0
Railways,object_delete_90pct,8,0,1,0.8509596462785438,0.8212890625,14
Railways,object_delete_90pct,8,1,1,0.8418130595534578,0.80859375,14
Railways,object_delete_90pct,8,2,1,0.848406252801787,0.818359375,14
Railways,object_delete_90pct,8,3,1,0.8336460092245187,0.8037109375,14
Railways,object_delete_90pct,8,4,1,0.8487569137097599,0.8173828125,14
Railways,object_delete_90pct,8,5,1,0.8521956802909253,0.8232421875,14
Railways,object_delete_90pct,8,6,1,0.8320725434465823,0.7998046875,14
Railways,object_delete_90pct,8,7,1,0.8432300477177874,0.8115234375,14
Railways,object_delete_90pct,8,8,1,0.8510808565222369,0.822265625,14
Railways,object_delete_90pct,8,9,1,0.8360738295793639,0.8046875,14
Railways,object_delete_90pct,8,0,3,0.9043165715270629,0.8828125,14
Railways,object_delete_90pct,8,1,3,0.8982043835969449,0.8759765625,14
Railways,object_delete_90pct,8,2,3,0.9030828858565616,0.8828125,14
Railways,object_delete_90pct,8,3,3,0.9043165715270629,0.8828125,14
Railways,object_delete_90pct,8,4,3,0.9043165715270629,0.8828125,14
Railways,object_delete_90pct,8,5,3,0.9028767776802551,0.8818359375,14
Railways,object_delete_90pct,8,6,3,0.8993801934048735,0.8779296875,14
Railways,object_delete_90pct,8,7,3,0.900538387718759,0.87890625,14
Railways,object_delete_90pct,8,8,3,0.9063602112153274,0.8857421875,14
Railways,object_delete_90pct,8,9,3,0.9004055523652431,0.8779296875,14
Railways,object_delete_90pct,8,0,5,0.9166007657024815,0.8974609375,14
Railways,object_delete_90pct,8,1,5,0.9134236399981401,0.8935546875,14
Railways,object_delete_90pct,8,2,5,0.9103888667557405,0.8896484375,14
Railways,object_delete_90pct,8,3,5,0.9121165873524576,0.8916015625,14
Railways,object_delete_90pct,8,4,5,0.9177261142465745,0.8984375,14
Railways,object_delete_90pct,8,5,5,0.9131224193176275,0.892578125,14
Railways,object_delete_90pct,8,6,5,0.916733040043237,0.8974609375,14
Railways,object_delete_90pct,8,7,5,0.9128379133547565,0.892578125,14
Railways,object_delete_90pct,8,8,5,0.9131224193176275,0.892578125,14
Railways,object_delete_90pct,8,9,5,0.9135609533994887,0.8935546875,14
Railways,object_delete_90pct,8,0,10,0.9179993433804472,0.8984375,14
Railways,object_delete_90pct,8,1,10,0.9179993433804472,0.8984375,14
Railways,object_delete_90pct,8,2,10,0.9179993433804472,0.8984375,14
Railways,object_delete_90pct,8,3,10,0.9179993433804472,0.8984375,14
Railways,object_delete_90pct,8,4,10,0.9179993433804472,0.8984375,14
Railways,object_delete_90pct,8,5,10,0.9179993433804472,0.8984375,14
Railways,object_delete_90pct,8,6,10,0.9179993433804472,0.8984375,14
Railways,object_delete_90pct,8,7,10,0.9179993433804472,0.8984375,14
Railways,object_delete_90pct,8,8,10,0.9179993433804472,0.8984375,14
Railways,object_delete_90pct,8,9,10,0.9179993433804472,0.8984375,14
Railways,object_delete_90pct,8,0,1000000,0.9179993433804472,0.8984375,14
Railways,object_delete_90pct,8,1,1000000,0.9179993433804472,0.8984375,14
Railways,object_delete_90pct,8,2,1000000,0.9179993433804472,0.8984375,14
Railways,object_delete_90pct,8,3,1000000,0.9179993433804472,0.8984375,14
Railways,object_delete_90pct,8,4,1000000,0.9179993433804472,0.8984375,14
Railways,object_delete_90pct,8,5,1000000,0.9179993433804472,0.8984375,14
Railways,object_delete_90pct,8,6,1000000,0.9179993433804472,0.8984375,14
Railways,object_delete_90pct,8,7,1000000,0.9179993433804472,0.8984375,14
Railways,object_delete_90pct,8,8,1000000,0.9179993433804472,0.8984375,14
Railways,object_delete_90pct,8,9,1000000,0.9179993433804472,0.8984375,14
Railways,vertex_delete_50pct,9,0,1,0.7369318760688807,0.6953125,0
Railways,vertex_delete_50pct,9,1,1,0.7341241859700643,0.685546875,0
Railways,vertex_delete_50pct,9,2,1,0.729972481059201,0.6904296875,0
Railways,vertex_delete_50pct,9,3,1,0.7497631401105802,0.703125,0
Railways,vertex_delete_50pct,9,4,1,0.7522350094048955,0.7099609375,0
Railways,vertex_delete_50pct,9,5,1,0.7262059140587025,0.685546875,0
Railways,vertex_delete_50pct,9,6,1,0.7136185603369308,0.669921875,0
Railways,vertex_delete_50pct,9,7,1,0.7569554905727505,0.716796875,0
Railways,vertex_delete_50pct,9,8,1,0.7553180795099294,0.7109375,0
Railways,vertex_delete_50pct,9,9,1,0.7351670433559024,0.689453125,0
Railways,vertex_delete_50pct,9,0,3,0.8001391523599691,0.763671875,0
Railways,vertex_delete_50pct,9,1,3,0.8183032770095431,0.7880859375,0
Railways,vertex_delete_50pct,9,2,3,0.8224274091961871,0.7890625,0
Railways,vertex_delete_50pct,9,3,3,0.8047912986989367,0.7705078125,0
Railways,vertex_delete_50pct,9,4,3,0.8339289997275482,0.8056640625,0
Railways,vertex_delete_50pct,9,5,3,0.8145928053705351,0.78125,0
Railways,vertex_delete_50pct,9,6,3,0.8165034381810419,0.7841796875,0
Railways,vertex_delete_50pct,9,7,3,0.8172269449693993,0.783203125,0
Railways,vertex_delete_50pct,9,8,3,0.819588096795327,0.7861328125,0
Railways,vertex_delete_50pct,9,9,3,0.8156526711555556,0.78515625,0
Railways,vertex_delete_50pct,9,0,5,0.852917574262213,0.82421875,0
Railways,vertex_delete_50pct,9,1,5,0.8662744863642259,0.8427734375,0
Railways,vertex_delete_50pct,9,2,5,0.8761960529898996,0.8515625,0
Railways,vertex_delete_50pct,9,3,5,0.8609814350173132,0.8349609375,0
Railways,vertex_delete_50pct,9,4,5,0.8592482897968963,0.833984375,0
Railways,vertex_delete_50pct,9,5,5,0.8516398566273572,0.8251953125,0
Railways,vertex_delete_50pct,9,6,5,0.8450242209936554,0.8154296875,0
Railways,vertex_delete_50pct,9,7,5,0.8758807397231188,0.8515625,0
Railways,vertex_delete_50pct,9,8,5,0.860238889441473,0.833984375,0
Railways,vertex_delete_50pct,9,9,5,0.8711250535134774,0.845703125,0
Railways,vertex_delete_50pct,9,0,10,0.9361752983857378,0.919921875,0
Railways,vertex_delete_50pct,9,1,10,0.9175455947038853,0.8955078125,0
Railways,vertex_delete_50pct,9,2,10,0.9368193679158359,0.921875,0
Railways,vertex_delete_50pct,9,3,10,0.9359786321321074,0.9189453125,0
Railways,vertex_delete_50pct,9,4,10,0.942918325322737,0.9287109375,0
Railways,vertex_delete_50pct,9,5,10,0.9353325610347328,0.9189453125,0
Railways,vertex_delete_50pct,9,6,10,0.9353325610347328,0.9189453125,0
Railways,vertex_delete_50pct,9,7,10,0.93967287465224,0.9248046875,0
Railways,vertex_delete_50pct,9,8,10,0.928821539728211,0.9111328125,0
Railways,vertex_delete_50pct,9,9,10,0.9367726428128894,0.9208984375,0
Railways,vertex_delete_50pct,9,0,1000000,0.9912429266746571,0.9892578125,0
Railways,vertex_delete_50pct,9,1,1000000,0.9912429266746571,0.9892578125,0
Railways,vertex_delete_50pct,9,2,1000000,0.9912429266746571,0.9892578125,0
Railways,vertex_delete_50pct,9,3,1000000,0.9912429266746571,0.9892578125,0
Railways,vertex_delete_50pct,9,4,1000000,0.9912429266746571,0.9892578125,0
Railways,vertex_delete_50pct,9,5,1000000,0.9912429266746571,0.9892578125,0
Railways,vertex_delete_50pct,9,6,1000000,0.9912429266746571,0.9892578125,0
Railways,vertex_delete_50pct,9,7,1000000,0.9912429266746571,0.9892578125,0
Railways,vertex_delete_50pct,9,8,1000000,0.9912429266746571,0.9892578125,0
Railways,vertex_delete_50pct,9,9,1000000,0.9912429266746571,0.9892578125,0
Railways,object_delete_90pct,9,0,1,0.8390487235700318,0.8095703125,12
Railways,object_delete_90pct,9,1,1,0.831178231497483,0.7998046875,12
Railways,object_delete_90pct,9,2,1,0.8343148451197204,0.8056640625,12
Railways,object_delete_90pct,9,3,1,0.8374911184510536,0.8095703125,12
Railways,object_delete_90pct,9,4,1,0.8385980880295121,0.806640625,12
Railways,object_delete_90pct,9,5,1,0.8282155776631469,0.7978515625,12
Railways,object_delete_90pct,9,6,1,0.8287837191641848,0.7958984375,12
Railways,object_delete_90pct,9,7,1,0.8203497166136682,0.7890625,12
Railways,object_delete_90pct,9,8,1,0.8293003010362299,0.7978515625,12
Railways,object_delete_90pct,9,9,1,0.848093930577345,0.8203125,12
Railways,object_delete_90pct,9,0,3,0.9095565982999778,0.890625,12
Railways,object_delete_90pct,9,1,3,0.9084352703419326,0.888671875,12
Railways,object_delete_90pct,9,2,3,0.8995830096824817,0.87890625,12
Railways,object_delete_90pct,9,3,3,0.920985497016259,0.904296875,12
Railways,object_delete_90pct,9,4,3,0.9112909128371405,0.892578125,12
Railways,object_delete_90pct,9,5,3,0.9136583498447888,0.8955078125,12
Railways,object_delete_90pct,9,6,3,0.9078190313448036,0.888671875,12
Railways,object_delete_90pct,9,7,3,0.9151064069076478,0.896484375,12
Railways,object_delete_90pct,9,8,3,0.9077019899142731,0.888671875,12
Railways,object_delete_90pct,9,9,3,0.9099184309545372,0.890625,12
Railways,object_delete_90pct,9,0,5,0.9356635199285297,0.9208984375,12
Railways,object_delete_90pct,9,1,5,0.9365079365079365,0.921875,12
Railways,object_delete_90pct,9,2,5,0.9334401579269993,0.91796875,12
Railways,object_delete_90pct,9,3,5,0.9358696234814279,0.9208984375,12
Railways,object_delete_90pct,9,4,5,0.9325934732619781,0.9169921875,12
Railways,object_delete_90pct,9,5,5,0.9349206349206349,0.919921875,12
Railways,object_delete_90pct,9,6,5,0.934074957076359,0.9189453125,12
Railways,object_delete_90pct,9,7,5,0.9319666918814351,0.916015625,12
Railways,object_delete_90pct,9,8,5,0.9373516032276004,0.9228515625,12
Railways,object_delete_90pct,9,9,5,0.9371546181174045,0.9228515625,12
Railways,object_delete_90pct,9,0,10,0.9408194102441675,0.9267578125,12
Railways,object_delete_90pct,9,1,10,0.9408194102441675,0.9267578125,12
Railways,object_delete_90pct,9,2,10,0.9408194102441675,0.9267578125,12
Railways,object_delete_90pct,9,3,10,0.9408194102441675,0.9267578125,12
Railways,object_delete_90pct,9,4,10,0.9408194102441675,0.9267578125,12
Railways,object_delete_90pct,9,5,10,0.9408194102441675,0.9267578125,12
Railways,object_delete_90pct,9,6,10,0.9408194102441675,0.9267578125,12
Railways,object_delete_90pct,9,7,10,0.9408194102441675,0.9267578125,12
Railways,object_delete_90pct,9,8,10,0.9408194102441675,0.9267578125,12
Railways,object_delete_90pct,9,9,10,0.9408194102441675,0.9267578125,12
Railways,object_delete_90pct,9,0,1000000,0.9408194102441675,0.9267578125,12
Railways,object_delete_90pct,9,1,1000000,0.9408194102441675,0.9267578125,12
Railways,object_delete_90pct,9,2,1000000,0.9408194102441675,0.9267578125,12
Railways,object_delete_90pct,9,3,1000000,0.9408194102441675,0.9267578125,12
Railways,object_delete_90pct,9,4,1000000,0.9408194102441675,0.9267578125,12
Railways,object_delete_90pct,9,5,1000000,0.9408194102441675,0.9267578125,12
Railways,object_delete_90pct,9,6,1000000,0.9408194102441675,0.9267578125,12
Railways,object_delete_90pct,9,7,1000000,0.9408194102441675,0.9267578125,12
Railways,object_delete_90pct,9,8,1000000,0.9408194102441675,0.9267578125,12
Railways,object_delete_90pct,9,9,1000000,0.9408194102441675,0.9267578125,12
Railways,vertex_delete_50pct,10,0,1,0.7593743152420621,0.720703125,0
Railways,vertex_delete_50pct,10,1,1,0.751860996344849,0.7041015625,0
Railways,vertex_delete_50pct,10,2,1,0.7362604118054714,0.6943359375,0
Railways,vertex_delete_50pct,10,3,1,0.7590201048112929,0.7138671875,0
Railways,vertex_delete_50pct,10,4,1,0.7383405983849827,0.69140625,0
Railways,vertex_delete_50pct,10,5,1,0.7519615128664754,0.7138671875,0
Railways,vertex_delete_50pct,10,6,1,0.7405583509339009,0.6953125,0
Railways,vertex_delete_50pct,10,7,1,0.7549230520984677,0.712890625,0
Railways,vertex_delete_50pct,10,8,1,0.7514146007716167,0.705078125,0
Railways,vertex_delete_50pct,10,9,1,0.7222738952882508,0.6787109375,0
Railways,vertex_delete_50pct,10,0,3,0.803843703401372,0.7666015625,0
Railways,vertex_delete_50pct,10,1,3,0.8207759485351506,0.787109375,0
Railways,vertex_delete_50pct,10,2,3,0.8224711256421653,0.791015625,0
Railways,vertex_delete_50pct,10,3,3,0.8141264842560705,0.7802734375,0
Railways,vertex_delete_50pct,10,4,3,0.8229073125781141,0.7890625,0
Railways,vertex_delete_50pct,10,5,3,0.825039748387769,0.79296875,0
Railways,vertex_delete_50pct,10,6,3,0.8312511449486647,0.80078125,0
Railways,vertex_delete_50pct,10,7,3,0.8334636320269925,0.80078125,0
Railways,vertex_delete_50pct,10,8,3,0.8283219404679761,0.7958984375,0
Railways,vertex_delete_50pct,10,9,3,0.823867959299613,0.7919921875,0
Railways,vertex_delete_50pct,10,0,5,0.8845506502037158,0.8603515625,0
Railways,vertex_delete_50pct,10,1,5,0.8686000596395608,0.845703125,0
Railways,vertex_delete_50pct,10,2,5,0.8575647635382163,0.828125,0
Railways,vertex_delete_50pct,10,3,5,0.8626221830852102,0.833984375,0
Railways,vertex_delete_50pct,10,4,5,0.8740830418336487,0.849609375,0
Railways,vertex_delete_50pct,10,5,5,0.8556391735441563,0.828125,0
Railways,vertex_delete_50pct,10,6,5,0.8434609295762279,0.8154296875,0
Railways,vertex_delete_50pct,10,7,5,0.8777449395433108,0.8525390625,0
Railways,vertex_delete_50pct,10,8,5,0.868373061326174,0.841796875,0
Railways,vertex_delete_50pct,10,9,5,0.8583325077599887,0.8330078125,0
Railways,vertex_delete_50pct,10,0,10,0.9252820668346095,0.9052734375,0
Railways,vertex_delete_50pct,10,1,10,0.9224280458693928,0.90234375,0
Railways,vertex_delete_50pct,10,2,10,0.9279431530676169,0.9091796875,0
Railways,vertex_delete_50pct,10,3,10,0.9318972472192032,0.9140625,0
Railways,vertex_delete_50pct,10,4,10,0.9373777706288086,0.921875,0
Railways,vertex_delete_50pct,10,5,10,0.9342427279176755,0.91796875,0
Railways,vertex_delete_50pct,10,6,10,0.9407550110960577,0.9248046875,0
Railways,vertex_delete_50pct,10,7,10,0.920326042273345,0.8994140625,0
Railways,vertex_delete_50pct,10,8,10,0.9200184911137796,0.8994140625,0
Railways,vertex_delete_50pct,10,9,10,0.9237347724084646,0.9033203125,0
Railways,vertex_delete_50pct,10,0,1000000,0.9856928196185967,0.982421875,0
Railways,vertex_delete_50pct,10,1,1000000,0.9856928196185967,0.982421875,0
Railways,vertex_delete_50pct,10,2,1000000,0.9856928196185967,0.982421875,0
Railways,vertex_delete_50pct,10,3,1000000,0.9856928196185967,0.982421875,0
Railways,vertex_delete_50pct,10,4,1000000,0.9856928196185967,0.982421875,0
Railways,vertex_delete_50pct,10,5,1000000,0.9856928196185967,0.982421875,0
Railways,vertex_delete_50pct,10,6,1000000,0.9856928196185967,0.982421875,0
Railways,vertex_delete_50pct,10,7,1000000,0.9856928196185967,0.982421875,0
Railways,vertex_delete_50pct,10,8,1000000,0.9856928196185967,0.982421875,0
Railways,vertex_delete_50pct,10,9,1000000,0.9856928196185967,0.982421875,0
Railways,object_delete_90pct,10,0,1,0.8489180045974987,0.8193359375,4
Railways,object_delete_90pct,10,1,1,0.8306847125013698,0.798828125,4
Railways,object_delete_90pct,10,2,1,0.8456946540537548,0.8173828125,4
Railways,object_delete_90pct,10,3,1,0.826576182457518,0.7978515625,4
Railways,object_delete_90pct,10,4,1,0.852393446193843,0.8232421875,4
Railways,object_delete_90pct,10,5,1,0.8333758492555738,0.8046875,4
Railways,object_delete_90pct,10,6,1,0.8427930469860434,0.8115234375,4
Railways,object_delete_90pct,10,7,1,0.8359347034445197,0.8056640625,4
Railways,object_delete_90pct,10,8,1,0.8382222027046452,0.8076171875,4
Railways,object_delete_90pct,10,9,1,0.8579706998519886,0.828125,4
Railways,object_delete_90pct,10,0,3,0.9131393811526063,0.89453125,4
Railways,object_delete_90pct,10,1,3,0.9224859033077404,0.9052734375,4
Railways,object_delete_90pct,10,2,3,0.9210875582037246,0.904296875,4
Railways,object_delete_90pct,10,3,3,0.9247222360520363,0.908203125,4
Railways,object_delete_90pct,10,4,3,0.9162482190187663,0.8984375,4
Railways,object_delete_90pct,10,5,3,0.9172217481393723,0.8994140625,4
Railways,object_delete_90pct,10,6,3,0.9163603313506755,0.8984375,4
Railways,object_delete_90pct,10,7,3,0.9202290406282426,0.9033203125,4
Railways,object_delete_90pct,10,8,3,0.9125160315344927,0.8935546875,4
Railways,object_delete_90pct,10,9,3,0.9130219928954608,0.89453125,4
Railways,object_delete_90pct,10,0,5,0.9424980930690554,0.9287109375,4
Railways,object_delete_90pct,10,1,5,0.9424980930690554,0.9287109375,4
Railways,object_delete_90pct,10,2,5,0.9353498464340295,0.919921875,4
Railways,object_delete_90pct,10,3,5,0.9393459255337073,0.9248046875,4
Railways,object_delete_90pct,10,4,5,0.9457474576865776,0.9326171875,4
Railways,object_delete_90pct,10,5,5,0.9424980930690554,0.9287109375,4
Railways,object_delete_90pct,10,6,5,0.9418658131647025,0.927734375,4
Railways,object_delete_90pct,10,7,5,0.9411331286406182,0.9267578125,4
Railways,object_delete_90pct,10,8,5,0.9409220093013814,0.9267578125,4
Railways,object_delete_90pct,10,9,5,0.9422037664491533,0.9287109375,4
Railways,object_delete_90pct,10,0,10,0.9502179278615238,0.9375,4
Railways,object_delete_90pct,10,1,10,0.9502179278615238,0.9375,4
Railways,object_delete_90pct,10,2,10,0.9502179278615238,0.9375,4
Railways,object_delete_90pct,10,3,10,0.9502179278615238,0.9375,4
Railways,object_delete_90pct,10,4,10,0.9502179278615238,0.9375,4
Railways,object_delete_90pct,10,5,10,0.9502179278615238,0.9375,4
Railways,object_delete_90pct,10,6,10,0.9502179278615238,0.9375,4
Railways,object_delete_90pct,10,7,10,0.9502179278615238,0.9375,4
Railways,object_delete_90pct,10,8,10,0.9502179278615238,0.9375,4
Railways,object_delete_90pct,10,9,10,0.9502179278615238,0.9375,4
Railways,object_delete_90pct,10,0,1000000,0.9502179278615238,0.9375,4
Railways,object_delete_90pct,10,1,1000000,0.9502179278615238,0.9375,4
Railways,object_delete_90pct,10,2,1000000,0.9502179278615238,0.9375,4
Railways,object_delete_90pct,10,3,1000000,0.9502179278615238,0.9375,4
Railways,object_delete_90pct,10,4,1000000,0.9502179278615238,0.9375,4
Railways,object_delete_90pct,10,5,1000000,0.9502179278615238,0.9375,4
Railways,object_delete_90pct,10,6,1000000,0.9502179278615238,0.9375,4
Railways,object_delete_90pct,10,7,1000000,0.9502179278615238,0.9375,4
Railways,object_delete_90pct,10,8,1000000,0.9502179278615238,0.9375,4
Railways,object_delete_90pct,10,9,1000000,0.9502179278615238,0.9375,4
Building,no_attack,0,0,1,0.8600275498469616,0.8330078125,0
Building,no_attack,0,1,1,0.8710810532924891,0.84375,0
Building,no_attack,0,2,1,0.8719784768943911,0.845703125,0
Building,no_attack,0,3,1,0.8575647635382163,0.828125,0
Building,no_attack,0,4,1,0.8651146258240119,0.837890625,0
Building,no_attack,0,5,1,0.8623928852880444,0.8349609375,0
Building,no_attack,0,6,1,0.864825128181569,0.8359375,0
Building,no_attack,0,7,1,0.8694679402308364,0.841796875,0
Building,no_attack,0,8,1,0.8627643345375046,0.8349609375,0
Building,no_attack,0,9,1,0.8595086200675517,0.8310546875,0
Building,no_attack,0,0,3,0.9314463885143334,0.9169921875,0
Building,no_attack,0,1,3,0.9415106663775119,0.9287109375,0
Building,no_attack,0,2,3,0.9372186888202522,0.923828125,0
Building,no_attack,0,3,3,0.9399884169317971,0.9267578125,0
Building,no_attack,0,4,3,0.9447924463198643,0.9326171875,0
Building,no_attack,0,5,3,0.9383870738024415,0.9248046875,0
Building,no_attack,0,6,3,0.9577164616485584,0.9482421875,0
Building,no_attack,0,7,3,0.9363104807134917,0.921875,0
Building,no_attack,0,8,3,0.9173356584616115,0.8994140625,0
Building,no_attack,0,9,3,0.9380632124760508,0.9248046875,0
Building,no_attack,0,0,5,0.9704860144705392,0.9638671875,0
Building,no_attack,0,1,5,0.9641510781964108,0.9560546875,0
Building,no_attack,0,2,5,0.9633284112916155,0.955078125,0
Building,no_attack,0,3,5,0.9667207068513914,0.958984375,0
Building,no_attack,0,4,5,0.9720822085732869,0.9658203125,0
Building,no_attack,0,5,5,0.9697945483344258,0.962890625,0
Building,no_attack,0,6,5,0.968070881212686,0.9609375,0
Building,no_attack,0,7,5,0.9630284978066963,0.955078125,0
Building,no_attack,0,8,5,0.9658462141197726,0.9580078125,0
Building,no_attack,0,9,5,0.9704487752301533,0.9638671875,0
Building,no_attack,0,0,10,0.9897546480253238,0.9873046875,0
Building,no_attack,0,1,10,0.9913566898669496,0.9892578125,0
Building,no_attack,0,2,10,0.9928931314112812,0.9912109375,0
Building,no_attack,0,3,10,0.9897806060992755,0.9873046875,0
Building,no_attack,0,4,10,0.9944340175269573,0.9931640625,0
Building,no_attack,0,5,10,0.9936920445515358,0.9921875,0
Building,no_attack,0,6,10,0.991382526360306,0.9892578125,0
Building,no_attack,0,7,10,0.9936507936507937,0.9921875,0
Building,no_attack,0,8,10,0.9906101206907556,0.98828125,0
Building,no_attack,0,9,10,0.9928769101909565,0.9912109375,0
Building,no_attack,0,0,1000000,0.9992072927806908,0.9990234375,0
Building,no_attack,0,1,1000000,0.9992072927806908,0.9990234375,0
Building,no_attack,0,2,1000000,0.9992072927806908,0.9990234375,0
Building,no_attack,0,3,1000000,0.9992072927806908,0.9990234375,0
Building,no_attack,0,4,1000000,0.9992072927806908,0.9990234375,0
Building,no_attack,0,5,1000000,0.9992072927806908,0.9990234375,0
Building,no_attack,0,6,1000000,0.9992072927806908,0.9990234375,0
Building,no_attack,0,7,1000000,0.9992072927806908,0.9990234375,0
Building,no_attack,0,8,1000000,0.9992072927806908,0.9990234375,0
Building,no_attack,0,9,1000000,0.9992072927806908,0.9990234375,0
Building,vertex_delete_50pct,1,0,1,0.7285101637973157,0.6845703125,0
Building,vertex_delete_50pct,1,1,1,0.7216150575733066,0.6748046875,0
Building,vertex_delete_50pct,1,2,1,0.719012037206935,0.6689453125,0
Building,vertex_delete_50pct,1,3,1,0.7274367384565092,0.6806640625,0
Building,vertex_delete_50pct,1,4,1,0.7159309978594192,0.66796875,0
Building,vertex_delete_50pct,1,5,1,0.6840204643894395,0.638671875,0
Building,vertex_delete_50pct,1,6,1,0.7035356574387915,0.6572265625,0
Building,vertex_delete_50pct,1,7,1,0.7153298758293455,0.671875,0
Building,vertex_delete_50pct,1,8,1,0.7235522826900419,0.677734375,0
Building,vertex_delete_50pct,1,9,1,0.7348999941612515,0.685546875,0
Building,vertex_delete_50pct,1,0,3,0.7924123616201261,0.75390625,0
Building,vertex_delete_50pct,1,1,3,0.783154565733543,0.74609375,0
Building,vertex_delete_50pct,1,2,3,0.7888106377466154,0.75,0
Building,vertex_delete_50pct,1,3,3,0.7759123839746631,0.7353515625,0
Building,vertex_delete_50pct,1,4,3,0.79464820242934,0.751953125,0
Building,vertex_delete_50pct,1,5,3,0.7703955626307096,0.7314453125,0
Building,vertex_delete_50pct,1,6,3,0.7895572641681371,0.748046875,0
Building,vertex_delete_50pct,1,7,3,0.7851186044947526,0.7451171875,0
Building,vertex_delete_50pct,1,8,3,0.7734575922918182,0.7353515625,0
Building,vertex_delete_50pct,1,9,3,0.7856268519385404,0.7431640625,0
Building,vertex_delete_50pct,1,0,5,0.830449808731144,0.7958984375,0
Building,vertex_delete_50pct,1,1,5,0.8053020449108851,0.7705078125,0
Building,vertex_delete_50pct,1,2,5,0.8051192715655291,0.76953125,0
Building,vertex_delete_50pct,1,3,5,0.80825894231144,0.7724609375,0
Building,vertex_delete_50pct,1,4,5,0.8358556088379331,0.8046875,0
Building,vertex_delete_50pct,1,5,5,0.8348692877545961,0.80078125,0
Building,vertex_delete_50pct,1,6,5,0.8337001015246123,0.7998046875,0
Building,vertex_delete_50pct,1,7,5,0.8177800855099456,0.7822265625,0
Building,vertex_delete_50pct,1,8,5,0.817089100945912,0.78125,0
Building,vertex_delete_50pct,1,9,5,0.8177800855099456,0.7822265625,0
Building,vertex_delete_50pct,1,0,10,0.8782225281668234,0.8447265625,0
Building,vertex_delete_50pct,1,1,10,0.8742601027816619,0.83984375,0
Building,vertex_delete_50pct,1,2,10,0.8911655213791887,0.8603515625,0
Building,vertex_delete_50pct,1,3,10,0.8698158104439935,0.8349609375,0
Building,vertex_delete_50pct,1,4,10,0.8838033882231365,0.8544921875,0
Building,vertex_delete_50pct,1,5,10,0.8797605711233328,0.8466796875,0
Building,vertex_delete_50pct,1,6,10,0.8923903445314897,0.8642578125,0
Building,vertex_delete_50pct,1,7,10,0.8751464422538049,0.8408203125,0
Building,vertex_delete_50pct,1,8,10,0.8846006062162927,0.853515625,0
Building,vertex_delete_50pct,1,9,10,0.894864901943575,0.8642578125,0
Building,vertex_delete_50pct,1,0,1000000,0.9178618090372692,0.8984375,0
Building,vertex_delete_50pct,1,1,1000000,0.9178618090372692,0.8984375,0
Building,vertex_delete_50pct,1,2,1000000,0.9178618090372692,0.8984375,0
Building,vertex_delete_50pct,1,3,1000000,0.9178618090372692,0.8984375,0
Building,vertex_delete_50pct,1,4,1000000,0.9178618090372692,0.8984375,0
Building,vertex_delete_50pct,1,5,1000000,0.9178618090372692,0.8984375,0
Building,vertex_delete_50pct,1,6,1000000,0.9178618090372692,0.8984375,0
Building,vertex_delete_50pct,1,7,1000000,0.9178618090372692,0.8984375,0
Building,vertex_delete_50pct,1,8,1000000,0.9178618090372692,0.8984375,0
Building,vertex_delete_50pct,1,9,1000000,0.9178618090372692,0.8984375,0
Building,object_delete_90pct,1,0,1,0.8453363660171077,0.818359375,32
Building,object_delete_90pct,1,1,1,0.8391762112447178,0.8115234375,32
Building,object_delete_90pct,1,2,1,0.8481174876935338,0.8212890625,32
Building,object_delete_90pct,1,3,1,0.8252371405597274,0.796875,32
Building,object_delete_90pct,1,4,1,0.8410431906448795,0.8134765625,32
Building,object_delete_90pct,1,5,1,0.8466202649451955,0.818359375,32
Building,object_delete_90pct,1,6,1,0.8371257844380785,0.80859375,32
Building,object_delete_90pct,1,7,1,0.8453363660171077,0.818359375,32
Building,object_delete_90pct,1,8,1,0.8410888251416956,0.814453125,32
Building,object_delete_90pct,1,9,1,0.8337623176316254,0.806640625,32
Building,object_delete_90pct,1,0,3,0.9063838180256988,0.8876953125,32
Building,object_delete_90pct,1,1,3,0.9126487383653226,0.8955078125,32
Building,object_delete_90pct,1,2,3,0.9055115687837462,0.88671875,32
Building,object_delete_90pct,1,3,3,0.904531460668148,0.8857421875,32
Building,object_delete_90pct,1,4,3,0.903985853178012,0.884765625,32
Building,object_delete_90pct,1,5,3,0.9088899355641495,0.890625,32
Building,object_delete_90pct,1,6,3,0.9012482248762492,0.8818359375,32
Building,object_delete_90pct,1,7,3,0.9012482248762492,0.8818359375,32
Building,object_delete_90pct,1,8,3,0.9054048096014261,0.88671875,32
Building,object_delete_90pct,1,9,3,0.9047477461520061,0.8857421875,32
Building,object_delete_90pct,1,0,5,0.9206923582851392,0.904296875,32
Building,object_delete_90pct,1,1,5,0.9183061659547392,0.9013671875,32
Building,object_delete_90pct,1,2,5,0.9184068131172402,0.9013671875,32
Building,object_delete_90pct,1,3,5,0.9184068131172402,0.9013671875,32
Building,object_delete_90pct,1,4,5,0.9223161543314975,0.90625,32
Building,object_delete_90pct,1,5,5,0.9191667692366137,0.90234375,32
Building,object_delete_90pct,1,6,5,0.9174447661924227,0.900390625,32
Building,object_delete_90pct,1,7,5,0.920126727542805,0.9033203125,32
Building,object_delete_90pct,1,8,5,0.9191667692366137,0.90234375,32
Building,object_delete_90pct,1,9,5,0.9182077141547874,0.9013671875,32
Building,object_delete_90pct,1,0,10,0.920985497016259,0.904296875,32
Building,object_delete_90pct,1,1,10,0.920985497016259,0.904296875,32
Building,object_delete_90pct,1,2,10,0.920985497016259,0.904296875,32
Building,object_delete_90pct,1,3,10,0.920985497016259,0.904296875,32
Building,object_delete_90pct,1,4,10,0.920985497016259,0.904296875,32
Building,object_delete_90pct,1,5,10,0.920985497016259,0.904296875,32
Building,object_delete_90pct,1,6,10,0.921743821967309,0.9052734375,32
Building,object_delete_90pct,1,7,10,0.920985497016259,0.904296875,32
Building,object_delete_90pct,1,8,10,0.920985497016259,0.904296875,32
Building,object_delete_90pct,1,9,10,0.920985497016259,0.904296875,32
Building,object_delete_90pct,1,0,1000000,0.920985497016259,0.904296875,32
Building,object_delete_90pct,1,1,1000000,0.920985497016259,0.904296875,32
Building,object_delete_90pct,1,2,1000000,0.920985497016259,0.904296875,32
Building,object_delete_90pct,1,3,1000000,0.920985497016259,0.904296875,32
Building,object_delete_90pct,1,4,1000000,0.920985497016259,0.904296875,32
Building,object_delete_90pct,1,5,1000000,0.920985497016259,0.904296875,32
Building,object_delete_90pct,1,6,1000000,0.920985497016259,0.904296875,32
Building,object_delete_90pct,1,7,1000000,0.920985497016259,0.904296875,32
Building,object_delete_90pct,1,8,1000000,0.920985497016259,0.904296875,32
Building,object_delete_90pct,1,9,1000000,0.920985497016259,0.904296875,32
Building,vertex_delete_50pct,2,0,1,0.72277432690805,0.677734375,0
Building,vertex_delete_50pct,2,1,1,0.7284684825963953,0.681640625,0
Building,vertex_delete_50pct,2,2,1,0.7163380961023237,0.66796875,0
Building,vertex_delete_50pct,2,3,1,0.7098738572815705,0.6630859375,0
Building,vertex_delete_50pct,2,4,1,0.7346604338463358,0.6845703125,0
Building,vertex_delete_50pct,2,5,1,0.7240825168054517,0.6796875,0
Building,vertex_delete_50pct,2,6,1,0.7039441151546307,0.6552734375,0
Building,vertex_delete_50pct,2,7,1,0.7097954098256228,0.666015625,0
Building,vertex_delete_50pct,2,8,1,0.7012230014943955,0.65625,0
Building,vertex_delete_50pct,2,9,1,0.7213061037330096,0.671875,0
Building,vertex_delete_50pct,2,0,3,0.7877467353144202,0.748046875,0
Building,vertex_delete_50pct,2,1,3,0.7729469564252113,0.732421875,0
Building,vertex_delete_50pct,2,2,3,0.7825583144583861,0.7431640625,0
Building,vertex_delete_50pct,2,3,3,0.7715718244578229,0.7294921875,0
Building,vertex_delete_50pct,2,4,3,0.7855872258372067,0.7470703125,0
Building,vertex_delete_50pct,2,5,3,0.7646262860599089,0.720703125,0
Building,vertex_delete_50pct,2,6,3,0.7861766853823459,0.7470703125,0
Building,vertex_delete_50pct,2,7,3,0.7743681409375743,0.7353515625,0
Building,vertex_delete_50pct,2,8,3,0.7717724994981541,0.7333984375,0
Building,vertex_delete_50pct,2,9,3,0.7684766848155847,0.73046875,0
Building,vertex_delete_50pct,2,0,5,0.8250743321737595,0.7900390625,0
Building,vertex_delete_50pct,2,1,5,0.8257568626025857,0.7939453125,0
Building,vertex_delete_50pct,2,2,5,0.8153742483272114,0.7802734375,0
Building,vertex_delete_50pct,2,3,5,0.8172104404365857,0.7841796875,0
Building,vertex_delete_50pct,2,4,5,0.8308907882836521,0.7978515625,0
Building,vertex_delete_50pct,2,5,5,0.8127747833473393,0.77734375,0
Building,vertex_delete_50pct,2,6,5,0.8327605837095319,0.7998046875,0
Building,vertex_delete_50pct,2,7,5,0.8112611374549092,0.77734375,0
Building,vertex_delete_50pct,2,8,5,0.8381189856468624,0.8056640625,0
Building,vertex_delete_50pct,2,9,5,0.8205391998680994,0.7880859375,0
Building,vertex_delete_50pct,2,0,10,0.8923903445314897,0.8642578125,0
Building,vertex_delete_50pct,2,1,10,0.8768705124526811,0.8447265625,0
Building,vertex_delete_50pct,2,2,10,0.8857180716000291,0.8525390625,0
Building,vertex_delete_50pct,2,3,10,0.8837362639553971,0.8505859375,0
Building,vertex_delete_50pct,2,4,10,0.8786996353921187,0.8486328125,0
Building,vertex_delete_50pct,2,5,10,0.8972572355446422,0.8671875,0
Building,vertex_delete_50pct,2,6,10,0.8812934478004318,0.849609375,0
Building,vertex_delete_50pct,2,7,10,0.8867902344292379,0.85546875,0
Building,vertex_delete_50pct,2,8,10,0.8837362639553971,0.8505859375,0
Building,vertex_delete_50pct,2,9,10,0.877557427882337,0.8466796875,0
Building,vertex_delete_50pct,2,0,1000000,0.9272198326698149,0.91015625,0
Building,vertex_delete_50pct,2,1,1000000,0.9272198326698149,0.91015625,0
Building,vertex_delete_50pct,2,2,1000000,0.9272198326698149,0.91015625,0
Building,vertex_delete_50pct,2,3,1000000,0.9272198326698149,0.91015625,0
Building,vertex_delete_50pct,2,4,1000000,0.9272198326698149,0.91015625,0
Building,vertex_delete_50pct,2,5,1000000,0.9272198326698149,0.91015625,0
Building,vertex_delete_50pct,2,6,1000000,0.9272198326698149,0.91015625,0
Building,vertex_delete_50pct,2,7,1000000,0.9272198326698149,0.91015625,0
Building,vertex_delete_50pct,2,8,1000000,0.9272198326698149,0.91015625,0
Building,vertex_delete_50pct,2,9,1000000,0.9272198326698149,0.91015625,0
Building,object_delete_90pct,2,0,1,0.8419751876234015,0.814453125,41
Building,object_delete_90pct,2,1,1,0.835109831263592,0.8056640625,41
Building,object_delete_90pct,2,2,1,0.8307249220433297,0.802734375,41
Building,object_delete_90pct,2,3,1,0.8271336992366651,0.798828125,41
Building,object_delete_90pct,2,4,1,0.8503130561017637,0.822265625,41
Building,object_delete_90pct,2,5,1,0.8298082123158522,0.80078125,41
Building,object_delete_90pct,2,6,1,0.8379144807799166,0.80859375,41
Building,object_delete_90pct,2,7,1,0.8388033912205196,0.810546875,41
Building,object_delete_90pct,2,8,1,0.8324237460147884,0.8046875,41
Building,object_delete_90pct,2,9,1,0.8402945984265484,0.8125,41
Building,object_delete_90pct,2,0,3,0.8888100502971273,0.8662109375,41
Building,object_delete_90pct,2,1,3,0.8895547392739679,0.8662109375,41
Building,object_delete_90pct,2,2,3,0.8923469810514251,0.8701171875,41
Building,object_delete_90pct,2,3,3,0.8814068033348219,0.857421875,41
Building,object_delete_90pct,2,4,3,0.8873299326168388,0.8642578125,41
Building,object_delete_90pct,2,5,3,0.8855990708473639,0.861328125,41
Building,object_delete_90pct,2,6,3,0.8817212531725408,0.857421875,41
Building,object_delete_90pct,2,7,3,0.8793123190540175,0.85546875,41
Building,object_delete_90pct,2,8,3,0.8886702164191973,0.865234375,41
Building,object_delete_90pct,2,9,3,0.8949907453022913,0.873046875,41
Building,object_delete_90pct,2,0,5,0.902574336444171,0.880859375,41
Building,object_delete_90pct,2,1,5,0.9024288781861604,0.880859375,41
Building,object_delete_90pct,2,2,5,0.9048995169361891,0.8837890625,41
Building,object_delete_90pct,2,3,5,0.9075064007035252,0.88671875,41
Building,object_delete_90pct,2,4,5,0.9064982793336028,0.8857421875,41
Building,object_delete_90pct,2,5,5,0.905911486115294,0.884765625,41
Building,object_delete_90pct,2,6,5,0.9050420562578877,0.8837890625,41
Building,object_delete_90pct,2,7,5,0.9048995169361891,0.8837890625,41
Building,object_delete_90pct,2,8,5,0.9064982793336028,0.8857421875,41
Building,object_delete_90pct,2,9,5,0.9048995169361891,0.8837890625,41
Building,object_delete_90pct,2,0,10,0.9093811174545763,0.888671875,41
Building,object_delete_90pct,2,1,10,0.9086579514416282,0.8876953125,41
Building,object_delete_90pct,2,2,10,0.9086579514416282,0.8876953125,41
Building,object_delete_90pct,2,3,10,0.9086579514416282,0.8876953125,41
Building,object_delete_90pct,2,4,10,0.9086579514416282,0.8876953125,41
Building,object_delete_90pct,2,5,10,0.9086579514416282,0.8876953125,41
Building,object_delete_90pct,2,6,10,0.9086579514416282,0.8876953125,41
Building,object_delete_90pct,2,7,10,0.9093811174545763,0.888671875,41
Building,object_delete_90pct,2,8,10,0.9086579514416282,0.8876953125,41
Building,object_delete_90pct,2,9,10,0.9086579514416282,0.8876953125,41
Building,object_delete_90pct,2,0,1000000,0.9086579514416282,0.8876953125,41
Building,object_delete_90pct,2,1,1000000,0.9086579514416282,0.8876953125,41
Building,object_delete_90pct,2,2,1000000,0.9086579514416282,0.8876953125,41
Building,object_delete_90pct,2,3,1000000,0.9086579514416282,0.8876953125,41
Building,object_delete_90pct,2,4,1000000,0.9086579514416282,0.8876953125,41
Building,object_delete_90pct,2,5,1000000,0.9086579514416282,0.8876953125,41
Building,object_delete_90pct,2,6,1000000,0.9086579514416282,0.8876953125,41
Building,object_delete_90pct,2,7,1000000,0.9086579514416282,0.8876953125,41
Building,object_delete_90pct,2,8,1000000,0.9086579514416282,0.8876953125,41
Building,object_delete_90pct,2,9,1000000,0.9086579514416282,0.8876953125,41
Building,vertex_delete_50pct,3,0,1,0.684172319121686,0.634765625,0
Building,vertex_delete_50pct,3,1,1,0.7104739563350548,0.662109375,0
Building,vertex_delete_50pct,3,2,1,0.7075896969675348,0.662109375,0
Building,vertex_delete_50pct,3,3,1,0.7065029172489988,0.6552734375,0
Building,vertex_delete_50pct,3,4,1,0.7241811947379642,0.673828125,0
Building,vertex_delete_50pct,3,5,1,0.7103237124508015,0.66796875,0
Building,vertex_delete_50pct,3,6,1,0.6943650748294137,0.6484375,0
Building,vertex_delete_50pct,3,7,1,0.7230696679995394,0.6826171875,0
Building,vertex_delete_50pct,3,8,1,0.7155247190578159,0.66796875,0
Building,vertex_delete_50pct,3,9,1,0.7188263902970143,0.669921875,0
Building,vertex_delete_50pct,3,0,3,0.7909622399166129,0.7509765625,0
Building,vertex_delete_50pct,3,1,3,0.7800871538350832,0.7421875,0
Building,vertex_delete_50pct,3,2,3,0.7778836823719836,0.7373046875,0
Building,vertex_delete_50pct,3,3,3,0.7834077615743646,0.7421875,0
Building,vertex_delete_50pct,3,4,3,0.7505379156108827,0.708984375,0
Building,vertex_delete_50pct,3,5,3,0.7761338717309486,0.73828125,0
Building,vertex_delete_50pct,3,6,3,0.7844190833445516,0.7490234375,0
Building,vertex_delete_50pct,3,7,3,0.7722721881111524,0.7314453125,0
Building,vertex_delete_50pct,3,8,3,0.7770330481028217,0.73828125,0
Building,vertex_delete_50pct,3,9,3,0.7820743005880014,0.740234375,0
Building,vertex_delete_50pct,3,0,5,0.8238858408710996,0.7890625,0
Building,vertex_delete_50pct,3,1,5,0.8012661337080316,0.765625,0
Building,vertex_delete_50pct,3,2,5,0.7847133453010423,0.7470703125,0
Building,vertex_delete_50pct,3,3,5,0.8056269291891558,0.767578125,0
Building,vertex_delete_50pct,3,4,5,0.7991843006226068,0.7607421875,0
Building,vertex_delete_50pct,3,5,5,0.8129651626798091,0.7783203125,0
Building,vertex_delete_50pct,3,6,5,0.8040825435647998,0.76953125,0
Building,vertex_delete_50pct,3,7,5,0.8169730890400283,0.7841796875,0
Building,vertex_delete_50pct,3,8,5,0.7944696883927082,0.7568359375,0
Building,vertex_delete_50pct,3,9,5,0.820561658458191,0.7861328125,0
Building,vertex_delete_50pct,3,0,10,0.8819782479629085,0.8486328125,0
Building,vertex_delete_50pct,3,1,10,0.8806804080527368,0.8505859375,0
Building,vertex_delete_50pct,3,2,10,0.8770925592496238,0.8447265625,0
Building,vertex_delete_50pct,3,3,10,0.8753377726433472,0.841796875,0
Building,vertex_delete_50pct,3,4,10,0.8791189179675369,0.8486328125,0
Building,vertex_delete_50pct,3,5,10,0.8699756646896556,0.8330078125,0
Building,vertex_delete_50pct,3,6,10,0.8842817665215035,0.85546875,0
Building,vertex_delete_50pct,3,7,10,0.8832910932372536,0.8525390625,0
Building,vertex_delete_50pct,3,8,10,0.8682176019925576,0.833984375,0
Building,vertex_delete_50pct,3,9,10,0.8724265588447212,0.83984375,0
Building,vertex_delete_50pct,3,0,1000000,0.9249084106299355,0.9072265625,0
Building,vertex_delete_50pct,3,1,1000000,0.9249084106299355,0.9072265625,0
Building,vertex_delete_50pct,3,2,1000000,0.9249084106299355,0.9072265625,0
Building,vertex_delete_50pct,3,3,1000000,0.9249084106299355,0.9072265625,0
Building,vertex_delete_50pct,3,4,1000000,0.9249084106299355,0.9072265625,0
Building,vertex_delete_50pct,3,5,1000000,0.9249084106299355,0.9072265625,0
Building,vertex_delete_50pct,3,6,1000000,0.9249084106299355,0.9072265625,0
Building,vertex_delete_50pct,3,7,1000000,0.9249084106299355,0.9072265625,0
Building,vertex_delete_50pct,3,8,1000000,0.9249084106299355,0.9072265625,0
Building,vertex_delete_50pct,3,9,1000000,0.9249084106299355,0.9072265625,0
Building,object_delete_90pct,3,0,1,0.8403151772983148,0.8115234375,51
Building,object_delete_90pct,3,1,1,0.8488690319151658,0.822265625,51
Building,object_delete_90pct,3,2,1,0.8388125318606439,0.8115234375,51
Building,object_delete_90pct,3,3,1,0.8333653092128158,0.8056640625,51
Building,object_delete_90pct,3,4,1,0.8382545543620942,0.8095703125,51
Building,object_delete_90pct,3,5,1,0.8410431906448795,0.8134765625,51
Building,object_delete_90pct,3,6,1,0.8385255939071165,0.80859375,51
Building,object_delete_90pct,3,7,1,0.8495753184846072,0.822265625,51
Building,object_delete_90pct,3,8,1,0.8361838817156362,0.80859375,51
Building,object_delete_90pct,3,9,1,0.8397368801076294,0.8115234375,51
Building,object_delete_90pct,3,0,3,0.8916079772136464,0.869140625,51
Building,object_delete_90pct,3,1,3,0.8983648005983158,0.876953125,51
Building,object_delete_90pct,3,2,3,0.890870806374748,0.8681640625,51
Building,object_delete_90pct,3,3,3,0.8885170328588751,0.865234375,51
Building,object_delete_90pct,3,4,3,0.8860115110672493,0.8623046875,51
Building,object_delete_90pct,3,5,3,0.889695566504746,0.8671875,51
Building,object_delete_90pct,3,6,3,0.8938136799641914,0.87109375,51
Building,object_delete_90pct,3,7,3,0.8892510412722484,0.8662109375,51
Building,object_delete_90pct,3,8,3,0.8905927297661222,0.8671875,51
Building,object_delete_90pct,3,9,3,0.885280176637167,0.861328125,51
Building,object_delete_90pct,3,0,5,0.8992287757812448,0.876953125,51
Building,object_delete_90pct,3,1,5,0.9043165715270629,0.8828125,51
Building,object_delete_90pct,3,2,5,0.9017019921413615,0.8798828125,51
Building,object_delete_90pct,3,3,5,0.9028708206880098,0.880859375,51
Building,object_delete_90pct,3,4,5,0.9033007545387753,0.8818359375,51
Building,object_delete_90pct,3,5,5,0.9008288269837026,0.87890625,51
Building,object_delete_90pct,3,6,5,0.9035928286568016,0.8818359375,51
Building,object_delete_90pct,3,7,5,0.8999548386979046,0.8779296875,51
Building,object_delete_90pct,3,8,5,0.8998083199962251,0.8779296875,51
Building,object_delete_90pct,3,9,5,0.9051864668025807,0.8837890625,51
Building,object_delete_90pct,3,0,10,0.9044631854511279,0.8828125,51
Building,object_delete_90pct,3,1,10,0.9051864668025807,0.8837890625,51
Building,object_delete_90pct,3,2,10,0.9044631854511279,0.8828125,51
Building,object_delete_90pct,3,3,10,0.9044631854511279,0.8828125,51
Building,object_delete_90pct,3,4,10,0.9044631854511279,0.8828125,51
Building,object_delete_90pct,3,5,10,0.9044631854511279,0.8828125,51
Building,object_delete_90pct,3,6,10,0.9044631854511279,0.8828125,51
Building,object_delete_90pct,3,7,10,0.9044631854511279,0.8828125,51
Building,object_delete_90pct,3,8,10,0.9044631854511279,0.8828125,51
Building,object_delete_90pct,3,9,10,0.9044631854511279,0.8828125,51
Building,object_delete_90pct,3,0,1000000,0.9044631854511279,0.8828125,51
Building,object_delete_90pct,3,1,1000000,0.9044631854511279,0.8828125,51
Building,object_delete_90pct,3,2,1000000,0.9044631854511279,0.8828125,51
Building,object_delete_90pct,3,3,1000000,0.9044631854511279,0.8828125,51
Building,object_delete_90pct,3,4,1000000,0.9044631854511279,0.8828125,51
Building,object_delete_90pct,3,5,1000000,0.9044631854511279,0.8828125,51
Building,object_delete_90pct,3,6,1000000,0.9044631854511279,0.8828125,51
Building,object_delete_90pct,3,7,1000000,0.9044631854511279,0.8828125,51
Building,object_delete_90pct,3,8,1000000,0.9044631854511279,0.8828125,51
Building,object_delete_90pct,3,9,1000000,0.9044631854511279,0.8828125,51
Building,vertex_delete_50pct,4,0,1,0.7247261300145289,0.677734375,0
Building,vertex_delete_50pct,4,1,1,0.7111610276174538,0.6650390625,0
Building,vertex_delete_50pct,4,2,1,0.7166506960145688,0.6708984375,0
Building,vertex_delete_50pct,4,3,1,0.7231628347436099,0.677734375,0
Building,vertex_delete_50pct,4,4,1,0.7270485693578566,0.6806640625,0
Building,vertex_delete_50pct,4,5,1,0.6939987682255281,0.64453125,0
Building,vertex_delete_50pct,4,6,1,0.6995620282779134,0.6484375,0
Building,vertex_delete_50pct,4,7,1,0.7140728074590139,0.6669921875,0
Building,vertex_delete_50pct,4,8,1,0.6986463628193117,0.650390625,0
Building,vertex_delete_50pct,4,9,1,0.7305786567818511,0.6865234375,0
Building,vertex_delete_50pct,4,0,3,0.7837316088623287,0.74609375,0
Building,vertex_delete_50pct,4,1,3,0.7527214137889547,0.7158203125,0
Building,vertex_delete_50pct,4,2,3,0.7763475313852529,0.7373046875,0
Building,vertex_delete_50pct,4,3,3,0.7785070794042704,0.7373046875,0
Building,vertex_delete_50pct,4,4,3,0.7641626151384006,0.7265625,0
Building,vertex_delete_50pct,4,5,3,0.7662734781574764,0.7236328125,0
Building,vertex_delete_50pct,4,6,3,0.7827923533313106,0.7421875,0
Building,vertex_delete_50pct,4,7,3,0.782056968672452,0.744140625,0
Building,vertex_delete_50pct,4,8,3,0.7736837677230681,0.734375,0
Building,vertex_delete_50pct,4,9,3,0.7501969594069223,0.708984375,0
Building,vertex_delete_50pct,4,0,5,0.816659929250042,0.7802734375,0
Building,vertex_delete_50pct,4,1,5,0.8059128025858219,0.76953125,0
Building,vertex_delete_50pct,4,2,5,0.8144234137395245,0.779296875,0
Building,vertex_delete_50pct,4,3,5,0.8083863166631571,0.7744140625,0
Building,vertex_delete_50pct,4,4,5,0.8093970938113603,0.7744140625,0
Building,vertex_delete_50pct,4,5,5,0.81372702762352,0.7783203125,0
Building,vertex_delete_50pct,4,6,5,0.8280935175828864,0.7958984375,0
Building,vertex_delete_50pct,4,7,5,0.8305027113444862,0.794921875,0
Building,vertex_delete_50pct,4,8,5,0.8200717219374186,0.7861328125,0
Building,vertex_delete_50pct,4,9,5,0.8188812505260176,0.78515625,0
Building,vertex_delete_50pct,4,0,10,0.8799691894298199,0.84765625,0
Building,vertex_delete_50pct,4,1,10,0.8677020849241961,0.8310546875,0
Building,vertex_delete_50pct,4,2,10,0.8697707640712563,0.8359375,0
Building,vertex_delete_50pct,4,3,10,0.8748813896357843,0.841796875,0
Building,vertex_delete_50pct,4,4,10,0.8889779945505677,0.857421875,0
Building,vertex_delete_50pct,4,5,10,0.8878927761289472,0.85546875,0
Building,vertex_delete_50pct,4,6,10,0.8802169579166917,0.8466796875,0
Building,vertex_delete_50pct,4,7,10,0.8773159396241197,0.8447265625,0
Building,vertex_delete_50pct,4,8,10,0.878425383834329,0.845703125,0
Building,vertex_delete_50pct,4,9,10,0.8771499998751702,0.8427734375,0
Building,vertex_delete_50pct,4,0,1000000,0.9181386990182479,0.8984375,0
Building,vertex_delete_50pct,4,1,1000000,0.9181386990182479,0.8984375,0
Building,vertex_delete_50pct,4,2,1000000,0.9181386990182479,0.8984375,0
Building,vertex_delete_50pct,4,3,1000000,0.9181386990182479,0.8984375,0
Building,vertex_delete_50pct,4,4,1000000,0.9181386990182479,0.8984375,0
Building,vertex_delete_50pct,4,5,1000000,0.9181386990182479,0.8984375,0
Building,vertex_delete_50pct,4,6,1000000,0.9181386990182479,0.8984375,0
Building,vertex_delete_50pct,4,7,1000000,0.9181386990182479,0.8984375,0
Building,vertex_delete_50pct,4,8,1000000,0.9181386990182479,0.8984375,0
Building,vertex_delete_50pct,4,9,1000000,0.9181386990182479,0.8984375,0
Building,object_delete_90pct,4,0,1,0.8427207267749608,0.814453125,50
Building,object_delete_90pct,4,1,1,0.8399384192079821,0.814453125,50
Building,object_delete_90pct,4,2,1,0.85205872280452,0.826171875,50
Building,object_delete_90pct,4,3,1,0.8275228763490876,0.798828125,50
Building,object_delete_90pct,4,4,1,0.856338961599323,0.8310546875,50
Building,object_delete_90pct,4,5,1,0.8440576920319314,0.8173828125,50
Building,object_delete_90pct,4,6,1,0.8369805932614168,0.8076171875,50
Building,object_delete_90pct,4,7,1,0.847367936077646,0.8203125,50
Building,object_delete_90pct,4,8,1,0.8512632867361516,0.826171875,50
Building,object_delete_90pct,4,9,1,0.8470044449885272,0.818359375,50
Building,object_delete_90pct,4,0,3,0.8946817532924514,0.8740234375,50
Building,object_delete_90pct,4,1,3,0.8979649890843503,0.8779296875,50
Building,object_delete_90pct,4,2,3,0.8994934412357324,0.8798828125,50
Building,object_delete_90pct,4,3,3,0.9021243573927253,0.8828125,50
Building,object_delete_90pct,4,4,3,0.8992738198307709,0.8798828125,50
Building,object_delete_90pct,4,5,3,0.897324303243206,0.876953125,50
Building,object_delete_90pct,4,6,3,0.8987282403815899,0.87890625,50
Building,object_delete_90pct,4,7,3,0.8980831399988982,0.8779296875,50
Building,object_delete_90pct,4,8,3,0.8969689707101444,0.876953125,50
Building,object_delete_90pct,4,9,3,0.9027822655181299,0.8837890625,50
Building,object_delete_90pct,4,0,5,0.9114951614330663,0.8935546875,50
Building,object_delete_90pct,4,1,5,0.9124665682068784,0.89453125,50
Building,object_delete_90pct,4,2,5,0.9116000515867972,0.8935546875,50
Building,object_delete_90pct,4,3,5,0.9108400680852976,0.892578125,50
Building,object_delete_90pct,4,4,5,0.9099721943518209,0.8916015625,50
Building,object_delete_90pct,4,5,5,0.9140930683284594,0.896484375,50
Building,object_delete_90pct,4,6,5,0.9106275690484149,0.892578125,50
Building,object_delete_90pct,4,7,5,0.9124665682068784,0.89453125,50
Building,object_delete_90pct,4,8,5,0.9124665682068784,0.89453125,50
Building,object_delete_90pct,4,9,5,0.912361940605361,0.89453125,50
Building,object_delete_90pct,4,0,10,0.9141971740997061,0.896484375,50
Building,object_delete_90pct,4,1,10,0.9134388187853678,0.8955078125,50
Building,object_delete_90pct,4,2,10,0.9134388187853678,0.8955078125,50
Building,object_delete_90pct,4,3,10,0.9134388187853678,0.8955078125,50
Building,object_delete_90pct,4,4,10,0.9134388187853678,0.8955078125,50
Building,object_delete_90pct,4,5,10,0.9134388187853678,0.8955078125,50
Building,object_delete_90pct,4,6,10,0.9141971740997061,0.896484375,50
Building,object_delete_90pct,4,7,10,0.9134388187853678,0.8955078125,50
Building,object_delete_90pct,4,8,10,0.9141971740997061,0.896484375,50
Building,object_delete_90pct,4,9,10,0.9134388187853678,0.8955078125,50
Building,object_delete_90pct,4,0,1000000,0.9134388187853678,0.8955078125,50
Building,object_delete_90pct,4,1,1000000,0.9134388187853678,0.8955078125,50
Building,object_delete_90pct,4,2,1000000,0.9134388187853678,0.8955078125,50
Building,object_delete_90pct,4,3,1000000,0.9134388187853678,0.8955078125,50
Building,object_delete_90pct,4,4,1000000,0.9134388187853678,0.8955078125,50
Building,object_delete_90pct,4,5,1000000,0.9134388187853678,0.8955078125,50
Building,object_delete_90pct,4,6,1000000,0.9134388187853678,0.8955078125,50
Building,object_delete_90pct,4,7,1000000,0.9134388187853678,0.8955078125,50
Building,object_delete_90pct,4,8,1000000,0.9134388187853678,0.8955078125,50
Building,object_delete_90pct,4,9,1000000,0.9134388187853678,0.8955078125,50
Building,vertex_delete_50pct,5,0,1,0.698688843315279,0.6484375,0
Building,vertex_delete_50pct,5,1,1,0.7044686312746405,0.6513671875,0
Building,vertex_delete_50pct,5,2,1,0.7276951222373909,0.681640625,0
Building,vertex_delete_50pct,5,3,1,0.7127942517199108,0.6650390625,0
Building,vertex_delete_50pct,5,4,1,0.6995079756632114,0.650390625,0
Building,vertex_delete_50pct,5,5,1,0.6950088997937169,0.6494140625,0
Building,vertex_delete_50pct,5,6,1,0.7329304064430576,0.689453125,0
Building,vertex_delete_50pct,5,7,1,0.710056053134544,0.6669921875,0
Building,vertex_delete_50pct,5,8,1,0.7082224570849402,0.6552734375,0
Building,vertex_delete_50pct,5,9,1,0.6907345435917439,0.6435546875,0
Building,vertex_delete_50pct,5,0,3,0.779743615553707,0.7353515625,0
Building,vertex_delete_50pct,5,1,3,0.7759123839746631,0.7353515625,0
Building,vertex_delete_50pct,5,2,3,0.7649488903423052,0.7216796875,0
Building,vertex_delete_50pct,5,3,3,0.7657323430080708,0.71875,0
Building,vertex_delete_50pct,5,4,3,0.7695806680430185,0.7265625,0
Building,vertex_delete_50pct,5,5,3,0.7692955545411028,0.728515625,0
Building,vertex_delete_50pct,5,6,3,0.7696152885095854,0.728515625,0
Building,vertex_delete_50pct,5,7,3,0.7481770562928439,0.708984375,0
Building,vertex_delete_50pct,5,8,3,0.7582797267873416,0.7158203125,0
Building,vertex_delete_50pct,5,9,3,0.7746127903830242,0.734375,0
Building,vertex_delete_50pct,5,0,5,0.8095953034970963,0.775390625,0
Building,vertex_delete_50pct,5,1,5,0.809215723907895,0.7734375,0
Building,vertex_delete_50pct,5,2,5,0.8210745483812536,0.783203125,0
Building,vertex_delete_50pct,5,3,5,0.8148765609120252,0.77734375,0
Building,vertex_delete_50pct,5,4,5,0.7955735041317474,0.7587890625,0
Building,vertex_delete_50pct,5,5,5,0.806034386911181,0.7685546875,0
Building,vertex_delete_50pct,5,6,5,0.8053822898001157,0.76953125,0
Building,vertex_delete_50pct,5,7,5,0.8150155899500416,0.7763671875,0
Building,vertex_delete_50pct,5,8,5,0.7921249681573155,0.75390625,0
Building,vertex_delete_50pct,5,9,5,0.8167395497118357,0.783203125,0
Building,vertex_delete_50pct,5,0,10,0.8766498129483014,0.8447265625,0
Building,vertex_delete_50pct,5,1,10,0.884387746730169,0.8515625,0
Building,vertex_delete_50pct,5,2,10,0.8780213646346255,0.84765625,0
Building,vertex_delete_50pct,5,3,10,0.8830568006208017,0.8515625,0
Building,vertex_delete_50pct,5,4,10,0.8826303576623215,0.849609375,0
Building,vertex_delete_50pct,5,5,10,0.8804470357268617,0.8466796875,0
Building,vertex_delete_50pct,5,6,10,0.8646305731191547,0.8271484375,0
Building,vertex_delete_50pct,5,7,10,0.878422495660562,0.8466796875,0
Building,vertex_delete_50pct,5,8,10,0.8806804080527368,0.8505859375,0
Building,vertex_delete_50pct,5,9,10,0.8723093526317582,0.8369140625,0
Building,vertex_delete_50pct,5,0,1000000,0.9232013375459771,0.9052734375,0
Building,vertex_delete_50pct,5,1,1000000,0.9232013375459771,0.9052734375,0
Building,vertex_delete_50pct,5,2,1000000,0.9232013375459771,0.9052734375,0
Building,vertex_delete_50pct,5,3,1000000,0.9232013375459771,0.9052734375,0
Building,vertex_delete_50pct,5,4,1000000,0.9232013375459771,0.9052734375,0
Building,vertex_delete_50pct,5,5,1000000,0.9232013375459771,0.9052734375,0
Building,vertex_delete_50pct,5,6,1000000,0.9232013375459771,0.9052734375,0
Building,vertex_delete_50pct,5,7,1000000,0.9232013375459771,0.9052734375,0
Building,vertex_delete_50pct,5,8,1000000,0.9232013375459771,0.9052734375,0
Building,vertex_delete_50pct,5,9,1000000,0.9232013375459771,0.9052734375,0
Building,object_delete_90pct,5,0,1,0.8296097006054028,0.80078125,42
Building,object_delete_90pct,5,1,1,0.8288624656799143,0.8017578125,42
Building,object_delete_90pct,5,2,1,0.8515928761317326,0.8271484375,42
Building,object_delete_90pct,5,3,1,0.8277004908294395,0.7998046875,42
Building,object_delete_90pct,5,4,1,0.8261152335428763,0.7958984375,42
Building,object_delete_90pct,5,5,1,0.832988966188317,0.8046875,42
Building,object_delete_90pct,5,6,1,0.8193988495303326,0.7880859375,42
Building,object_delete_90pct,5,7,1,0.8267527288715444,0.798828125,42
Building,object_delete_90pct,5,8,1,0.8318772292571118,0.8046875,42
Building,object_delete_90pct,5,9,1,0.8429546014056414,0.81640625,42
Building,object_delete_90pct,5,0,3,0.9002605999604568,0.880859375,42
Building,object_delete_90pct,5,1,3,0.9056205473067246,0.88671875,42
Building,object_delete_90pct,5,2,3,0.905845069601037,0.88671875,42
Building,object_delete_90pct,5,3,3,0.9055115687837462,0.88671875,42
Building,object_delete_90pct,5,4,3,0.9070450357057765,0.888671875,42
Building,object_delete_90pct,5,5,3,0.9034494549175293,0.884765625,42
Building,object_delete_90pct,5,6,3,0.8982034586572357,0.8779296875,42
Building,object_delete_90pct,5,7,3,0.8978490290945336,0.8779296875,42
Building,object_delete_90pct,5,8,3,0.9024678238060456,0.8828125,42
Building,object_delete_90pct,5,9,3,0.9055115687837462,0.88671875,42
Building,object_delete_90pct,5,0,5,0.9172495938586039,0.900390625,42
Building,object_delete_90pct,5,1,5,0.915620376107523,0.8984375,42
Building,object_delete_90pct,5,2,5,0.9098645797489284,0.8916015625,42
Building,object_delete_90pct,5,3,5,0.913991158356442,0.896484375,42
Building,object_delete_90pct,5,4,5,0.9165825677580532,0.8994140625,42
Building,object_delete_90pct,5,5,5,0.915620376107523,0.8984375,42
Building,object_delete_90pct,5,6,5,0.9179257604770472,0.9013671875,42
Building,object_delete_90pct,5,7,5,0.913991158356442,0.896484375,42
Building,object_delete_90pct,5,8,5,0.9178363211415469,0.9013671875,42
Building,object_delete_90pct,5,9,5,0.9148557660567501,0.8974609375,42
Building,object_delete_90pct,5,0,10,0.919068562238781,0.90234375,42
Building,object_delete_90pct,5,1,10,0.919068562238781,0.90234375,42
Building,object_delete_90pct,5,2,10,0.919068562238781,0.90234375,42
Building,object_delete_90pct,5,3,10,0.919068562238781,0.90234375,42
Building,object_delete_90pct,5,4,10,0.919068562238781,0.90234375,42
Building,object_delete_90pct,5,5,10,0.919068562238781,0.90234375,42
Building,object_delete_90pct,5,6,10,0.919068562238781,0.90234375,42
Building,object_delete_90pct,5,7,10,0.919068562238781,0.90234375,42
Building,object_delete_90pct,5,8,10,0.919068562238781,0.90234375,42
Building,object_delete_90pct,5,9,10,0.919068562238781,0.90234375,42
Building,object_delete_90pct,5,0,1000000,0.919068562238781,0.90234375,42
Building,object_delete_90pct,5,1,1000000,0.919068562238781,0.90234375,42
Building,object_delete_90pct,5,2,1000000,0.919068562238781,0.90234375,42
Building,object_delete_90pct,5,3,1000000,0.919068562238781,0.90234375,42
Building,object_delete_90pct,5,4,1000000,0.919068562238781,0.90234375,42
Building,object_delete_90pct,5,5,1000000,0.919068562238781,0.90234375,42
Building,object_delete_90pct,5,6,1000000,0.919068562238781,0.90234375,42
Building,object_delete_90pct,5,7,1000000,0.919068562238781,0.90234375,42
Building,object_delete_90pct,5,8,1000000,0.919068562238781,0.90234375,42
Building,object_delete_90pct,5,9,1000000,0.919068562238781,0.90234375,42
Building,vertex_delete_50pct,6,0,1,0.7145555909951028,0.6689453125,0
Building,vertex_delete_50pct,6,1,1,0.7167339268898498,0.6640625,0
Building,vertex_delete_50pct,6,2,1,0.7271848366958169,0.6796875,0
Building,vertex_delete_50pct,6,3,1,0.7219374439884332,0.6728515625,0
Building,vertex_delete_50pct,6,4,1,0.7257606169393284,0.6787109375,0
Building,vertex_delete_50pct,6,5,1,0.6993247002249785,0.6552734375,0
Building,vertex_delete_50pct,6,6,1,0.7220112813484488,0.6748046875,0
Building,vertex_delete_50pct,6,7,1,0.7239773714563835,0.6806640625,0
Building,vertex_delete_50pct,6,8,1,0.716524235224162,0.6669921875,0
Building,vertex_delete_50pct,6,9,1,0.7243691869829513,0.6728515625,0
Building,vertex_delete_50pct,6,0,3,0.7896052960033408,0.751953125,0
Building,vertex_delete_50pct,6,1,3,0.7906659377718412,0.7509765625,0
Building,vertex_delete_50pct,6,2,3,0.7873714963644586,0.7470703125,0
Building,vertex_delete_50pct,6,3,3,0.7735484355864088,0.7314453125,0
Building,vertex_delete_50pct,6,4,3,0.7858812797002476,0.7470703125,0
Building,vertex_delete_50pct,6,5,3,0.7647162689809298,0.7255859375,0
Building,vertex_delete_50pct,6,6,3,0.7782509010003872,0.73828125,0
Building,vertex_delete_50pct,6,7,3,0.7945430616395348,0.7548828125,0
Building,vertex_delete_50pct,6,8,3,0.779135392846002,0.7373046875,0
Building,vertex_delete_50pct,6,9,3,0.7559308208399044,0.71484375,0
Building,vertex_delete_50pct,6,0,5,0.807979630115654,0.7685546875,0
Building,vertex_delete_50pct,6,1,5,0.827016764646421,0.791015625,0
Building,vertex_delete_50pct,6,2,5,0.8320749551278781,0.7978515625,0
Building,vertex_delete_50pct,6,3,5,0.8441232895911146,0.8115234375,0
Building,vertex_delete_50pct,6,4,5,0.8143425751884571,0.77734375,0
Building,vertex_delete_50pct,6,5,5,0.8278885618846723,0.79296875,0
Building,vertex_delete_50pct,6,6,5,0.8213080805936838,0.7861328125,0
Building,vertex_delete_50pct,6,7,5,0.8332272405944487,0.7998046875,0
Building,vertex_delete_50pct,6,8,5,0.8178483222579481,0.779296875,0
Building,vertex_delete_50pct,6,9,5,0.8383728610186192,0.8037109375,0
Building,vertex_delete_50pct,6,0,10,0.8865736253560516,0.85546875,0
Building,vertex_delete_50pct,6,1,10,0.8929099967992247,0.8623046875,0
Building,vertex_delete_50pct,6,2,10,0.8854910233177357,0.8525390625,0
Building,vertex_delete_50pct,6,3,10,0.8817504369374526,0.8486328125,0
Building,vertex_delete_50pct,6,4,10,0.8906389057081148,0.8623046875,0
Building,vertex_delete_50pct,6,5,10,0.8957338786082336,0.865234375,0
Building,vertex_delete_50pct,6,6,10,0.8894183650913682,0.857421875,0
Building,vertex_delete_50pct,6,7,10,0.8791057436629534,0.845703125,0
Building,vertex_delete_50pct,6,8,10,0.8913810413252534,0.8603515625,0
Building,vertex_delete_50pct,6,9,10,0.8911655213791887,0.8603515625,0
Building,vertex_delete_50pct,6,0,1000000,0.9199051266869852,0.9013671875,0
Building,vertex_delete_50pct,6,1,1000000,0.9199051266869852,0.9013671875,0
Building,vertex_delete_50pct,6,2,1000000,0.9199051266869852,0.9013671875,0
Building,vertex_delete_50pct,6,3,1000000,0.9199051266869852,0.9013671875,0
Building,vertex_delete_50pct,6,4,1000000,0.9199051266869852,0.9013671875,0
Building,vertex_delete_50pct,6,5,1000000,0.9199051266869852,0.9013671875,0
Building,vertex_delete_50pct,6,6,1000000,0.9199051266869852,0.9013671875,0
Building,vertex_delete_50pct,6,7,1000000,0.9199051266869852,0.9013671875,0
Building,vertex_delete_50pct,6,8,1000000,0.9199051266869852,0.9013671875,0
Building,vertex_delete_50pct,6,9,1000000,0.9199051266869852,0.9013671875,0
Building,object_delete_90pct,6,0,1,0.8410519728605549,0.8125,64
Building,object_delete_90pct,6,1,1,0.8337390689663254,0.8056640625,64
Building,object_delete_90pct,6,2,1,0.8259938918792757,0.7978515625,64
Building,object_delete_90pct,6,3,1,0.8307507472763973,0.8017578125,64
Building,object_delete_90pct,6,4,1,0.8381163549234938,0.80859375,64
Building,object_delete_90pct,6,5,1,0.8460894497887488,0.8193359375,64
Building,object_delete_90pct,6,6,1,0.8344896985552419,0.8037109375,64
Building,object_delete_90pct,6,7,1,0.8362937373934721,0.8046875,64
Building,object_delete_90pct,6,8,1,0.8337390689663254,0.8056640625,64
Building,object_delete_90pct,6,9,1,0.839927717145252,0.8115234375,64
Building,object_delete_90pct,6,0,3,0.8784736610798242,0.853515625,64
Building,object_delete_90pct,6,1,3,0.8703546808480328,0.84375,64
Building,object_delete_90pct,6,2,3,0.8691000376454818,0.8427734375,64
Building,object_delete_90pct,6,3,3,0.8786391339087206,0.853515625,64
Building,object_delete_90pct,6,4,3,0.8756223643820332,0.8505859375,64
Building,object_delete_90pct,6,5,3,0.8761224904868536,0.8505859375,64
Building,object_delete_90pct,6,6,3,0.8764651780811956,0.8505859375,64
Building,object_delete_90pct,6,7,3,0.8808293470299022,0.8564453125,64
Building,object_delete_90pct,6,8,3,0.8779126855547517,0.8525390625,64
Building,object_delete_90pct,6,9,3,0.877579054236434,0.8525390625,64
Building,object_delete_90pct,6,0,5,0.8893017233443716,0.865234375,64
Building,object_delete_90pct,6,1,5,0.8884178968988986,0.8642578125,64
Building,object_delete_90pct,6,2,5,0.8910668340466762,0.8671875,64
Building,object_delete_90pct,6,3,5,0.8909069611121413,0.8671875,64
Building,object_delete_90pct,6,4,5,0.8914751727530039,0.8681640625,64
Building,object_delete_90pct,6,5,5,0.8901847016005436,0.8662109375,64
Building,object_delete_90pct,6,6,5,0.8891410699098916,0.865234375,64
Building,object_delete_90pct,6,7,5,0.8916309815169778,0.8681640625,64
Building,object_delete_90pct,6,8,5,0.8909069611121413,0.8671875,64
Building,object_delete_90pct,6,9,5,0.8916309815169778,0.8681640625,64
Building,object_delete_90pct,6,0,10,0.8903467799217704,0.8662109375,64
Building,object_delete_90pct,6,1,10,0.8903467799217704,0.8662109375,64
Building,object_delete_90pct,6,2,10,0.8903467799217704,0.8662109375,64
Building,object_delete_90pct,6,3,10,0.8903467799217704,0.8662109375,64
Building,object_delete_90pct,6,4,10,0.8903467799217704,0.8662109375,64
Building,object_delete_90pct,6,5,10,0.8903467799217704,0.8662109375,64
Building,object_delete_90pct,6,6,10,0.8903467799217704,0.8662109375,64
Building,object_delete_90pct,6,7,10,0.8903467799217704,0.8662109375,64
Building,object_delete_90pct,6,8,10,0.8903467799217704,0.8662109375,64
Building,object_delete_90pct,6,9,10,0.8903467799217704,0.8662109375,64
Building,object_delete_90pct,6,0,1000000,0.8903467799217704,0.8662109375,64
Building,object_delete_90pct,6,1,1000000,0.8903467799217704,0.8662109375,64
Building,object_delete_90pct,6,2,1000000,0.8903467799217704,0.8662109375,64
Building,object_delete_90pct,6,3,1000000,0.8903467799217704,0.8662109375,64
Building,object_delete_90pct,6,4,1000000,0.8903467799217704,0.8662109375,64
Building,object_delete_90pct,6,5,1000000,0.8903467799217704,0.8662109375,64
Building,object_delete_90pct,6,6,1000000,0.8903467799217704,0.8662109375,64
Building,object_delete_90pct,6,7,1000000,0.8903467799217704,0.8662109375,64
Building,object_delete_90pct,6,8,1000000,0.8903467799217704,0.8662109375,64
Building,object_delete_90pct,6,9,1000000,0.8903467799217704,0.8662109375,64
Building,vertex_delete_50pct,7,0,1,0.7145555909951028,0.6689453125,0
Building,vertex_delete_50pct,7,1,1,0.7549698911414012,0.7109375,0
Building,vertex_delete_50pct,7,2,1,0.7224083739049666,0.6748046875,0
Building,vertex_delete_50pct,7,3,1,0.7218656806324893,0.67578125,0
Building,vertex_delete_50pct,7,4,1,0.716973993339041,0.6689453125,0
Building,vertex_delete_50pct,7,5,1,0.6983335483162507,0.65625,0
Building,vertex_delete_50pct,7,6,1,0.7196402697751967,0.669921875,0
Building,vertex_delete_50pct,7,7,1,0.7123055535938719,0.66796875,0
Building,vertex_delete_50pct,7,8,1,0.6952238856419806,0.6484375,0
Building,vertex_delete_50pct,7,9,1,0.7121396331779724,0.662109375,0
Building,vertex_delete_50pct,7,0,3,0.7857951393936532,0.74609375,0
Building,vertex_delete_50pct,7,1,3,0.7769580805972515,0.7373046875,0
Building,vertex_delete_50pct,7,2,3,0.7897848932754968,0.7509765625,0
Building,vertex_delete_50pct,7,3,3,0.7907580560635078,0.751953125,0
Building,vertex_delete_50pct,7,4,3,0.7804706729907425,0.7392578125,0
Building,vertex_delete_50pct,7,5,3,0.766169611127897,0.728515625,0
Building,vertex_delete_50pct,7,6,3,0.7943525779585663,0.755859375,0
Building,vertex_delete_50pct,7,7,3,0.7884243670399936,0.7490234375,0
Building,vertex_delete_50pct,7,8,3,0.7847133453010423,0.7470703125,0
Building,vertex_delete_50pct,7,9,3,0.7733117037500862,0.7333984375,0
Building,vertex_delete_50pct,7,0,5,0.8378011656130009,0.8076171875,0
Building,vertex_delete_50pct,7,1,5,0.8026098812637489,0.765625,0
Building,vertex_delete_50pct,7,2,5,0.8155726394127811,0.78125,0
Building,vertex_delete_50pct,7,3,5,0.8351408967715074,0.8037109375,0
Building,vertex_delete_50pct,7,4,5,0.8288070838657269,0.796875,0
Building,vertex_delete_50pct,7,5,5,0.7989022635632611,0.7626953125,0
Building,vertex_delete_50pct,7,6,5,0.8217196689173957,0.7890625,0
Building,vertex_delete_50pct,7,7,5,0.8238858408710996,0.7890625,0
Building,vertex_delete_50pct,7,8,5,0.82172176564353,0.7880859375,0
Building,vertex_delete_50pct,7,9,5,0.8301992346604333,0.7978515625,0
Building,vertex_delete_50pct,7,0,10,0.8857707638641974,0.8564453125,0
Building,vertex_delete_50pct,7,1,10,0.8974953495181534,0.8720703125,0
Building,vertex_delete_50pct,7,2,10,0.8984948565757109,0.87109375,0
Building,vertex_delete_50pct,7,3,10,0.8894178320412565,0.8583984375,0
Building,vertex_delete_50pct,7,4,10,0.8855108068958781,0.85546875,0
Building,vertex_delete_50pct,7,5,10,0.8907253729457453,0.859375,0
Building,vertex_delete_50pct,7,6,10,0.8911655213791887,0.8603515625,0
Building,vertex_delete_50pct,7,7,10,0.8965598665471135,0.869140625,0
Building,vertex_delete_50pct,7,8,10,0.8725495628128879,0.8369140625,0
Building,vertex_delete_50pct,7,9,10,0.8907758285982563,0.861328125,0
Building,vertex_delete_50pct,7,0,1000000,0.929651530684448,0.9130859375,0
Building,vertex_delete_50pct,7,1,1000000,0.929651530684448,0.9130859375,0
Building,vertex_delete_50pct,7,2,1000000,0.929651530684448,0.9130859375,0
Building,vertex_delete_50pct,7,3,1000000,0.929651530684448,0.9130859375,0
Building,vertex_delete_50pct,7,4,1000000,0.929651530684448,0.9130859375,0
Building,vertex_delete_50pct,7,5,1000000,0.929651530684448,0.9130859375,0
Building,vertex_delete_50pct,7,6,1000000,0.929651530684448,0.9130859375,0
Building,vertex_delete_50pct,7,7,1000000,0.929651530684448,0.9130859375,0
Building,vertex_delete_50pct,7,8,1000000,0.929651530684448,0.9130859375,0
Building,vertex_delete_50pct,7,9,1000000,0.929651530684448,0.9130859375,0
Building,object_delete_90pct,7,0,1,0.8468013689012823,0.8193359375,48
Building,object_delete_90pct,7,1,1,0.8618333458640269,0.8369140625,48
Building,object_delete_90pct,7,2,1,0.8452462810345871,0.8193359375,48
Building,object_delete_90pct,7,3,1,0.8483608349489302,0.822265625,48
Building,object_delete_90pct,7,4,1,0.8352528308359891,0.806640625,48
Building,object_delete_90pct,7,5,1,0.8365546205460624,0.80859375,48
Building,object_delete_90pct,7,6,1,0.8353133012429678,0.8056640625,48
Building,object_delete_90pct,7,7,1,0.828665606072007,0.7998046875,48
Building,object_delete_90pct,7,8,1,0.8499666938441993,0.8232421875,48
Building,object_delete_90pct,7,9,1,0.8558744997203784,0.8310546875,48
Building,object_delete_90pct,7,0,3,0.890297599539274,0.8681640625,48
Building,object_delete_90pct,7,1,3,0.8919281812234119,0.8701171875,48
Building,object_delete_90pct,7,2,3,0.8948501880398778,0.873046875,48
Building,object_delete_90pct,7,3,3,0.8895528920902269,0.8671875,48
Building,object_delete_90pct,7,4,3,0.8920657647670801,0.8701171875,48
Building,object_delete_90pct,7,5,3,0.8942532167507402,0.8720703125,48
Building,object_delete_90pct,7,6,3,0.8888100502971273,0.8662109375,48
Building,object_delete_90pct,7,7,3,0.8917926427410459,0.8701171875,48
Building,object_delete_90pct,7,8,3,0.8936936220020566,0.8720703125,48
Building,object_delete_90pct,7,9,3,0.9003311037907119,0.8798828125,48
Building,object_delete_90pct,7,0,5,0.9034765305583988,0.8828125,48
Building,object_delete_90pct,7,1,5,0.9034765305583988,0.8828125,48
Building,object_delete_90pct,7,2,5,0.9027392994845401,0.8818359375,48
Building,object_delete_90pct,7,3,5,0.9059576214078361,0.8857421875,48
Building,object_delete_90pct,7,4,5,0.9052195702699257,0.884765625,48
Building,object_delete_90pct,7,5,5,0.9048278567177281,0.884765625,48
Building,object_delete_90pct,7,6,5,0.9053541010220679,0.884765625,48
Building,object_delete_90pct,7,7,5,0.9050870056574334,0.884765625,48
Building,object_delete_90pct,7,8,5,0.9018660554593643,0.880859375,48
Building,object_delete_90pct,7,9,5,0.9033433145255443,0.8828125,48
Building,object_delete_90pct,7,0,10,0.9059576214078361,0.8857421875,48
Building,object_delete_90pct,7,1,10,0.9066974807564679,0.88671875,48
Building,object_delete_90pct,7,2,10,0.9059576214078361,0.8857421875,48
Building,object_delete_90pct,7,3,10,0.9059576214078361,0.8857421875,48
Building,object_delete_90pct,7,4,10,0.9066974807564679,0.88671875,48
Building,object_delete_90pct,7,5,10,0.9066974807564679,0.88671875,48
Building,object_delete_90pct,7,6,10,0.9074391557113688,0.8876953125,48
Building,object_delete_90pct,7,7,10,0.9059576214078361,0.8857421875,48
Building,object_delete_90pct,7,8,10,0.9059576214078361,0.8857421875,48
Building,object_delete_90pct,7,9,10,0.9059576214078361,0.8857421875,48
Building,object_delete_90pct,7,0,1000000,0.9059576214078361,0.8857421875,48
Building,object_delete_90pct,7,1,1000000,0.9059576214078361,0.8857421875,48
Building,object_delete_90pct,7,2,1000000,0.9059576214078361,0.8857421875,48
Building,object_delete_90pct,7,3,1000000,0.9059576214078361,0.8857421875,48
Building,object_delete_90pct,7,4,1000000,0.9059576214078361,0.8857421875,48
Building,object_delete_90pct,7,5,1000000,0.9059576214078361,0.8857421875,48
Building,object_delete_90pct,7,6,1000000,0.9059576214078361,0.8857421875,48
Building,object_delete_90pct,7,7,1000000,0.9059576214078361,0.8857421875,48
Building,object_delete_90pct,7,8,1000000,0.9059576214078361,0.8857421875,48
Building,object_delete_90pct,7,9,1000000,0.9059576214078361,0.8857421875,48
Building,vertex_delete_50pct,8,0,1,0.7179501543727517,0.6728515625,0
Building,vertex_delete_50pct,8,1,1,0.6940288849683031,0.65234375,0
Building,vertex_delete_50pct,8,2,1,0.7162528726839272,0.6708984375,0
Building,vertex_delete_50pct,8,3,1,0.7166533364906047,0.673828125,0
Building,vertex_delete_50pct,8,4,1,0.7162528726839272,0.6708984375,0
Building,vertex_delete_50pct,8,5,1,0.7145488392444183,0.671875,0
Building,vertex_delete_50pct,8,6,1,0.7224083739049666,0.6748046875,0
Building,vertex_delete_50pct,8,7,1,0.7212836614329484,0.681640625,0
Building,vertex_delete_50pct,8,8,1,0.6965054054127837,0.650390625,0
Building,vertex_delete_50pct,8,9,1,0.7110941828420959,0.6611328125,0
Building,vertex_delete_50pct,8,0,3,0.7817377991740356,0.74609375,0
Building,vertex_delete_50pct,8,1,3,0.764668084568159,0.724609375,0
Building,vertex_delete_50pct,8,2,3,0.7851199741824063,0.748046875,0
Building,vertex_delete_50pct,8,3,3,0.7763475313852529,0.7373046875,0
Building,vertex_delete_50pct,8,4,3,0.7817647606175242,0.744140625,0
Building,vertex_delete_50pct,8,5,3,0.7908657275630399,0.7529296875,0
Building,vertex_delete_50pct,8,6,3,0.7619524524312101,0.7197265625,0
Building,vertex_delete_50pct,8,7,3,0.7732590811786556,0.736328125,0
Building,vertex_delete_50pct,8,8,3,0.788755529431959,0.751953125,0
Building,vertex_delete_50pct,8,9,3,0.7778174593052023,0.740234375,0
Building,vertex_delete_50pct,8,0,5,0.8129269714127222,0.779296875,0
Building,vertex_delete_50pct,8,1,5,0.8285826026750163,0.796875,0
Building,vertex_delete_50pct,8,2,5,0.822189861639254,0.7890625,0
Building,vertex_delete_50pct,8,3,5,0.8113094291509296,0.7763671875,0
Building,vertex_delete_50pct,8,4,5,0.8343945623709959,0.80078125,0
Building,vertex_delete_50pct,8,5,5,0.8165775785551191,0.78125,0
Building,vertex_delete_50pct,8,6,5,0.812518645229968,0.77734375,0
Building,vertex_delete_50pct,8,7,5,0.8186686897345941,0.7841796875,0
Building,vertex_delete_50pct,8,8,5,0.8177800855099456,0.7822265625,0
Building,vertex_delete_50pct,8,9,5,0.8217196689173957,0.7890625,0
Building,vertex_delete_50pct,8,0,10,0.8890845620681355,0.8603515625,0
Building,vertex_delete_50pct,8,1,10,0.8886124209305397,0.859375,0
Building,vertex_delete_50pct,8,2,10,0.8839599998785473,0.853515625,0
Building,vertex_delete_50pct,8,3,10,0.8791189179675369,0.8486328125,0
Building,vertex_delete_50pct,8,4,10,0.8931466253907023,0.86328125,0
Building,vertex_delete_50pct,8,5,10,0.8822418981379366,0.8525390625,0
Building,vertex_delete_50pct,8,6,10,0.8911911963214476,0.861328125,0
Building,vertex_delete_50pct,8,7,10,0.8747312310527496,0.83984375,0
Building,vertex_delete_50pct,8,8,10,0.885975874788177,0.8564453125,0
Building,vertex_delete_50pct,8,9,10,0.8801918262434387,0.8486328125,0
Building,vertex_delete_50pct,8,0,1000000,0.929309268519847,0.9130859375,0
Building,vertex_delete_50pct,8,1,1000000,0.929309268519847,0.9130859375,0
Building,vertex_delete_50pct,8,2,1000000,0.929309268519847,0.9130859375,0
Building,vertex_delete_50pct,8,3,1000000,0.929309268519847,0.9130859375,0
Building,vertex_delete_50pct,8,4,1000000,0.929309268519847,0.9130859375,0
Building,vertex_delete_50pct,8,5,1000000,0.929309268519847,0.9130859375,0
Building,vertex_delete_50pct,8,6,1000000,0.929309268519847,0.9130859375,0
Building,vertex_delete_50pct,8,7,1000000,0.929309268519847,0.9130859375,0
Building,vertex_delete_50pct,8,8,1000000,0.929309268519847,0.9130859375,0
Building,vertex_delete_50pct,8,9,1000000,0.929309268519847,0.9130859375,0
Building,object_delete_90pct,8,0,1,0.8574157772169066,0.83203125,67
Building,object_delete_90pct,8,1,1,0.8486408444122361,0.8232421875,67
Building,object_delete_90pct,8,2,1,0.8324237460147884,0.8046875,67
Building,object_delete_90pct,8,3,1,0.8250445620763552,0.796875,67
Building,object_delete_90pct,8,4,1,0.8481174876935338,0.8212890625,67
Building,object_delete_90pct,8,5,1,0.8349525714615418,0.80859375,67
Building,object_delete_90pct,8,6,1,0.838057864562688,0.810546875,67
Building,object_delete_90pct,8,7,1,0.8510644963469901,0.82421875,67
Building,object_delete_90pct,8,8,1,0.8408613040383819,0.8134765625,67
Building,object_delete_90pct,8,9,1,0.8358934357148975,0.8095703125,67
Building,object_delete_90pct,8,0,3,0.8940493970269899,0.873046875,67
Building,object_delete_90pct,8,1,3,0.8885260030240457,0.8662109375,67
Building,object_delete_90pct,8,2,3,0.8880690663831652,0.865234375,67
Building,object_delete_90pct,8,3,3,0.8958123825344496,0.875,67
Building,object_delete_90pct,8,4,3,0.8936936220020566,0.8720703125,67
Building,object_delete_90pct,8,5,3,0.8862944565880649,0.86328125,67
Building,object_delete_90pct,8,6,3,0.8905802254103071,0.8681640625,67
Building,object_delete_90pct,8,7,3,0.8969493364720095,0.8759765625,67
Building,object_delete_90pct,8,8,3,0.8985771937069859,0.8779296875,67
Building,object_delete_90pct,8,9,3,0.8989696318872457,0.8779296875,67
Building,object_delete_90pct,8,0,5,0.899520977561244,0.8779296875,67
Building,object_delete_90pct,8,1,5,0.9066974807564679,0.88671875,67
Building,object_delete_90pct,8,2,5,0.9034765305583988,0.8828125,67
Building,object_delete_90pct,8,3,5,0.9021436254865286,0.880859375,67
Building,object_delete_90pct,8,4,5,0.9050870056574334,0.884765625,67
Building,object_delete_90pct,8,5,5,0.9050870056574334,0.884765625,67
Building,object_delete_90pct,8,6,5,0.9017302014638915,0.880859375,67
Building,object_delete_90pct,8,7,5,0.9065695406488498,0.88671875,67
Building,object_delete_90pct,8,8,5,0.9042155707887707,0.8837890625,67
Building,object_delete_90pct,8,9,5,0.9042155707887707,0.8837890625,67
Building,object_delete_90pct,8,0,10,0.9053541010220679,0.884765625,67
Building,object_delete_90pct,8,1,10,0.9060898622983342,0.8857421875,67
Building,object_delete_90pct,8,2,10,0.9060898622983342,0.8857421875,67
Building,object_delete_90pct,8,3,10,0.9060898622983342,0.8857421875,67
Building,object_delete_90pct,8,4,10,0.9053541010220679,0.884765625,67
Building,object_delete_90pct,8,5,10,0.9053541010220679,0.884765625,67
Building,object_delete_90pct,8,6,10,0.9060898622983342,0.8857421875,67
Building,object_delete_90pct,8,7,10,0.9053541010220679,0.884765625,67
Building,object_delete_90pct,8,8,10,0.9060898622983342,0.8857421875,67
Building,object_delete_90pct,8,9,10,0.9053541010220679,0.884765625,67
Building,object_delete_90pct,8,0,1000000,0.9060898622983342,0.8857421875,67
Building,object_delete_90pct,8,1,1000000,0.9060898622983342,0.8857421875,67
Building,object_delete_90pct,8,2,1000000,0.9060898622983342,0.8857421875,67
Building,object_delete_90pct,8,3,1000000,0.9060898622983342,0.8857421875,67
Building,object_delete_90pct,8,4,1000000,0.9060898622983342,0.8857421875,67
Building,object_delete_90pct,8,5,1000000,0.9060898622983342,0.8857421875,67
Building,object_delete_90pct,8,6,1000000,0.9060898622983342,0.8857421875,67
Building,object_delete_90pct,8,7,1000000,0.9060898622983342,0.8857421875,67
Building,object_delete_90pct,8,8,1000000,0.9060898622983342,0.8857421875,67
Building,object_delete_90pct,8,9,1000000,0.9060898622983342,0.8857421875,67
Building,vertex_delete_50pct,9,0,1,0.705011948155382,0.658203125,0
Building,vertex_delete_50pct,9,1,1,0.7079992158075158,0.662109375,0
Building,vertex_delete_50pct,9,2,1,0.709421020058938,0.6591796875,0
Building,vertex_delete_50pct,9,3,1,0.7225704449377386,0.673828125,0
Building,vertex_delete_50pct,9,4,1,0.7062724554076775,0.65625,0
Building,vertex_delete_50pct,9,5,1,0.7166533364906047,0.673828125,0
Building,vertex_delete_50pct,9,6,1,0.7225133843793332,0.6767578125,0
Building,vertex_delete_50pct,9,7,1,0.7005746213266252,0.6552734375,0
Building,vertex_delete_50pct,9,8,1,0.6975734994688898,0.6513671875,0
Building,vertex_delete_50pct,9,9,1,0.7144405084084117,0.6650390625,0
Building,vertex_delete_50pct,9,0,3,0.7733117037500862,0.7333984375,0
Building,vertex_delete_50pct,9,1,3,0.7725596155618046,0.7353515625,0
Building,vertex_delete_50pct,9,2,3,0.7820423556250614,0.7392578125,0
Building,vertex_delete_50pct,9,3,3,0.7929369639189667,0.755859375,0
Building,vertex_delete_50pct,9,4,3,0.778470317698896,0.736328125,0
Building,vertex_delete_50pct,9,5,3,0.770021513140437,0.73046875,0
Building,vertex_delete_50pct,9,6,3,0.7735484355864088,0.7314453125,0
Building,vertex_delete_50pct,9,7,3,0.7736234965603533,0.7333984375,0
Building,vertex_delete_50pct,9,8,3,0.7699712644250318,0.7294921875,0
Building,vertex_delete_50pct,9,9,3,0.7713280430357793,0.7314453125,0
Building,vertex_delete_50pct,9,0,5,0.8067793113007158,0.771484375,0
Building,vertex_delete_50pct,9,1,5,0.8238504827405885,0.7900390625,0
Building,vertex_delete_50pct,9,2,5,0.813814194729696,0.77734375,0
Building,vertex_delete_50pct,9,3,5,0.8316270769283647,0.796875,0
Building,vertex_delete_50pct,9,4,5,0.813814194729696,0.77734375,0
Building,vertex_delete_50pct,9,5,5,0.806034386911181,0.7685546875,0
Building,vertex_delete_50pct,9,6,5,0.8228995638530858,0.7900390625,0
Building,vertex_delete_50pct,9,7,5,0.8224274091961871,0.7890625,0
Building,vertex_delete_50pct,9,8,5,0.8170214690309027,0.7822265625,0
Building,vertex_delete_50pct,9,9,5,0.8132500607904443,0.775390625,0
Building,vertex_delete_50pct,9,0,10,0.8819560543906554,0.849609375,0
Building,vertex_delete_50pct,9,1,10,0.8773177367122049,0.845703125,0
Building,vertex_delete_50pct,9,2,10,0.880851942817584,0.8486328125,0
Building,vertex_delete_50pct,9,3,10,0.8804168640688567,0.84765625,0
Building,vertex_delete_50pct,9,4,10,0.8848407267341611,0.8544921875,0
Building,vertex_delete_50pct,9,5,10,0.8779939474564918,0.8447265625,0
Building,vertex_delete_50pct,9,6,10,0.8962784216760357,0.8681640625,0
Building,vertex_delete_50pct,9,7,10,0.865899939189013,0.8271484375,0
Building,vertex_delete_50pct,9,8,10,0.873372926680405,0.8388671875,0
Building,vertex_delete_50pct,9,9,10,0.8753185292448002,0.8427734375,0
Building,vertex_delete_50pct,9,0,1000000,0.9238095238095239,0.90625,0
Building,vertex_delete_50pct,9,1,1000000,0.9238095238095239,0.90625,0
Building,vertex_delete_50pct,9,2,1000000,0.9238095238095239,0.90625,0
Building,vertex_delete_50pct,9,3,1000000,0.9238095238095239,0.90625,0
Building,vertex_delete_50pct,9,4,1000000,0.9238095238095239,0.90625,0
Building,vertex_delete_50pct,9,5,1000000,0.9238095238095239,0.90625,0
Building,vertex_delete_50pct,9,6,1000000,0.9238095238095239,0.90625,0
Building,vertex_delete_50pct,9,7,1000000,0.9238095238095239,0.90625,0
Building,vertex_delete_50pct,9,8,1000000,0.9238095238095239,0.90625,0
Building,vertex_delete_50pct,9,9,1000000,0.9238095238095239,0.90625,0
Building,object_delete_90pct,9,0,1,0.8712919706037621,0.845703125,48
Building,object_delete_90pct,9,1,1,0.862472313077679,0.8369140625,48
Building,object_delete_90pct,9,2,1,0.8551524672139182,0.8291015625,48
Building,object_delete_90pct,9,3,1,0.8732593104512473,0.8505859375,48
Building,object_delete_90pct,9,4,1,0.839383218946149,0.810546875,48
Building,object_delete_90pct,9,5,1,0.8659486356039515,0.8408203125,48
Building,object_delete_90pct,9,6,1,0.8746731553497525,0.8486328125,48
Building,object_delete_90pct,9,7,1,0.8594982617626765,0.8330078125,48
Building,object_delete_90pct,9,8,1,0.8666051984117568,0.8408203125,48
Building,object_delete_90pct,9,9,1,0.8609814350173132,0.8349609375,48
Building,object_delete_90pct,9,0,3,0.9116509704139395,0.892578125,48
Building,object_delete_90pct,9,1,3,0.9096958041284303,0.8896484375,48
Building,object_delete_90pct,9,2,3,0.9114268326688781,0.8916015625,48
Building,object_delete_90pct,9,3,3,0.9094319383919067,0.8896484375,48
Building,object_delete_90pct,9,4,3,0.9093029469164134,0.8896484375,48
Building,object_delete_90pct,9,5,3,0.9096958041284303,0.8896484375,48
Building,object_delete_90pct,9,6,3,0.904028929388618,0.8828125,48
Building,object_delete_90pct,9,7,3,0.910429134198449,0.890625,48
Building,object_delete_90pct,9,8,3,0.9102984923354535,0.890625,48
Building,object_delete_90pct,9,9,3,0.9063602112153274,0.8857421875,48
Building,object_delete_90pct,9,0,5,0.9179355719688143,0.8994140625,48
Building,object_delete_90pct,9,1,5,0.9179355719688143,0.8994140625,48
Building,object_delete_90pct,9,2,5,0.9185491034608819,0.900390625,48
Building,object_delete_90pct,9,3,5,0.9179355719688143,0.8994140625,48
Building,object_delete_90pct,9,4,5,0.9187944683191916,0.900390625,48
Building,object_delete_90pct,9,5,5,0.9170758882329121,0.8984375,48
Building,object_delete_90pct,9,6,5,0.9172021035560735,0.8984375,48
Building,object_delete_90pct,9,7,5,0.9180614849808869,0.8994140625,48
Building,object_delete_90pct,9,8,5,0.9186708028211432,0.900390625,48
Building,object_delete_90pct,9,9,5,0.9186708028211432,0.900390625,48
Building,object_delete_90pct,9,0,10,0.9199051266869852,0.9013671875,48
Building,object_delete_90pct,9,1,10,0.9206349206349206,0.90234375,48
Building,object_delete_90pct,9,2,10,0.9206349206349206,0.90234375,48
Building,object_delete_90pct,9,3,10,0.9199051266869852,0.9013671875,48
Building,object_delete_90pct,9,4,10,0.9199051266869852,0.9013671875,48
Building,object_delete_90pct,9,5,10,0.9199051266869852,0.9013671875,48
Building,object_delete_90pct,9,6,10,0.9199051266869852,0.9013671875,48
Building,object_delete_90pct,9,7,10,0.9206349206349206,0.90234375,48
Building,object_delete_90pct,9,8,10,0.9206349206349206,0.90234375,48
Building,object_delete_90pct,9,9,10,0.9206349206349206,0.90234375,48
Building,object_delete_90pct,9,0,1000000,0.9206349206349206,0.90234375,48
Building,object_delete_90pct,9,1,1000000,0.9206349206349206,0.90234375,48
Building,object_delete_90pct,9,2,1000000,0.9206349206349206,0.90234375,48
Building,object_delete_90pct,9,3,1000000,0.9206349206349206,0.90234375,48
Building,object_delete_90pct,9,4,1000000,0.9206349206349206,0.90234375,48
Building,object_delete_90pct,9,5,1000000,0.9206349206349206,0.90234375,48
Building,object_delete_90pct,9,6,1000000,0.9206349206349206,0.90234375,48
Building,object_delete_90pct,9,7,1000000,0.9206349206349206,0.90234375,48
Building,object_delete_90pct,9,8,1000000,0.9206349206349206,0.90234375,48
Building,object_delete_90pct,9,9,1000000,0.9206349206349206,0.90234375,48
Building,vertex_delete_50pct,10,0,1,0.7270111527697757,0.6845703125,0
Building,vertex_delete_50pct,10,1,1,0.7261596867530525,0.681640625,0
Building,vertex_delete_50pct,10,2,1,0.716164437307239,0.6689453125,0
Building,vertex_delete_50pct,10,3,1,0.7492705075682324,0.705078125,0
Building,vertex_delete_50pct,10,4,1,0.7276692743951743,0.6767578125,0
Building,vertex_delete_50pct,10,5,1,0.705011948155382,0.658203125,0
Building,vertex_delete_50pct,10,6,1,0.6863248844693358,0.63671875,0
Building,vertex_delete_50pct,10,7,1,0.6952303063500375,0.650390625,0
Building,vertex_delete_50pct,10,8,1,0.7001830333076817,0.6494140625,0
Building,vertex_delete_50pct,10,9,1,0.7175641831945211,0.66796875,0
Building,vertex_delete_50pct,10,0,3,0.7788206292846309,0.7373046875,0
Building,vertex_delete_50pct,10,1,3,0.787976590055737,0.7470703125,0
Building,vertex_delete_50pct,10,2,3,0.7823465445072787,0.7373046875,0
Building,vertex_delete_50pct,10,3,3,0.7881291597466175,0.7490234375,0
Building,vertex_delete_50pct,10,4,3,0.7930963603332557,0.7548828125,0
Building,vertex_delete_50pct,10,5,3,0.7486779205691827,0.703125,0
Building,vertex_delete_50pct,10,6,3,0.7663486737650121,0.7265625,0
Building,vertex_delete_50pct,10,7,3,0.7749250424491034,0.734375,0
Building,vertex_delete_50pct,10,8,3,0.7622859098166116,0.7197265625,0
Building,vertex_delete_50pct,10,9,3,0.7759123839746631,0.7353515625,0
Building,vertex_delete_50pct,10,0,5,0.8079294695392834,0.7734375,0
Building,vertex_delete_50pct,10,1,5,0.8151923738621536,0.779296875,0
Building,vertex_delete_50pct,10,2,5,0.8208703713823525,0.78515625,0
Building,vertex_delete_50pct,10,3,5,0.8113866102020205,0.775390625,0
Building,vertex_delete_50pct,10,4,5,0.8257303305182602,0.79296875,0
Building,vertex_delete_50pct,10,5,5,0.805761949187402,0.7685546875,0
Building,vertex_delete_50pct,10,6,5,0.821256141201787,0.7890625,0
Building,vertex_delete_50pct,10,7,5,0.8241342694793002,0.7890625,0
Building,vertex_delete_50pct,10,8,5,0.8121767416215879,0.775390625,0
Building,vertex_delete_50pct,10,9,5,0.8131571126147261,0.7802734375,0
Building,vertex_delete_50pct,10,0,10,0.8927303866432463,0.86328125,0
Building,vertex_delete_50pct,10,1,10,0.880851942817584,0.8486328125,0
Building,vertex_delete_50pct,10,2,10,0.8817904202792638,0.84765625,0
Building,vertex_delete_50pct,10,3,10,0.8773384834252593,0.84375,0
Building,vertex_delete_50pct,10,4,10,0.880192375564621,0.84765625,0
Building,vertex_delete_50pct,10,5,10,0.8817904202792638,0.84765625,0
Building,vertex_delete_50pct,10,6,10,0.8883271325824948,0.857421875,0
Building,vertex_delete_50pct,10,7,10,0.890291486771802,0.8583984375,0
Building,vertex_delete_50pct,10,8,10,0.8913849216427733,0.859375,0
Building,vertex_delete_50pct,10,9,10,0.8881470006071335,0.8583984375,0
Building,vertex_delete_50pct,10,0,1000000,0.9171488764276124,0.896484375,0
Building,vertex_delete_50pct,10,1,1000000,0.9171488764276124,0.896484375,0
Building,vertex_delete_50pct,10,2,1000000,0.9171488764276124,0.896484375,0
Building,vertex_delete_50pct,10,3,1000000,0.9171488764276124,0.896484375,0
Building,vertex_delete_50pct,10,4,1000000,0.9171488764276124,0.896484375,0
Building,vertex_delete_50pct,10,5,1000000,0.9171488764276124,0.896484375,0
Building,vertex_delete_50pct,10,6,1000000,0.9171488764276124,0.896484375,0
Building,vertex_delete_50pct,10,7,1000000,0.9171488764276124,0.896484375,0
Building,vertex_delete_50pct,10,8,1000000,0.9171488764276124,0.896484375,0
Building,vertex_delete_50pct,10,9,1000000,0.9171488764276124,0.896484375,0
Building,object_delete_90pct,10,0,1,0.8493957424325842,0.822265625,36
Building,object_delete_90pct,10,1,1,0.8495809741269533,0.8212890625,36
Building,object_delete_90pct,10,2,1,0.8482935310610414,0.8212890625,36
Building,object_delete_90pct,10,3,1,0.8377144650317432,0.80859375,36
Building,object_delete_90pct,10,4,1,0.8380108052186096,0.8076171875,36
Building,object_delete_90pct,10,5,1,0.8565547659194948,0.8291015625,36
Building,object_delete_90pct,10,6,1,0.8556655899412282,0.8271484375,36
Building,object_delete_90pct,10,7,1,0.8329169789064776,0.802734375,36
Building,object_delete_90pct,10,8,1,0.8304153573083144,0.80078125,36
Building,object_delete_90pct,10,9,1,0.837305230495676,0.8095703125,36
Building,object_delete_90pct,10,0,3,0.9003960201619156,0.87890625,36
Building,object_delete_90pct,10,1,3,0.90120680572884,0.880859375,36
Building,object_delete_90pct,10,2,3,0.897911816599596,0.8759765625,36
Building,object_delete_90pct,10,3,3,0.9058273632500697,0.8857421875,36
Building,object_delete_90pct,10,4,3,0.8953069425517065,0.8720703125,36
Building,object_delete_90pct,10,5,3,0.9043484604461881,0.8837890625,36
Building,object_delete_90pct,10,6,3,0.8998083199962251,0.8779296875,36
Building,object_delete_90pct,10,7,3,0.9037488632542983,0.8828125,36
Building,object_delete_90pct,10,8,3,0.904171813145842,0.8828125,36
Building,object_delete_90pct,10,9,3,0.9096958041284303,0.8896484375,36
Building,object_delete_90pct,10,0,5,0.9131546575314766,0.8935546875,36
Building,object_delete_90pct,10,1,5,0.9116971072687144,0.8916015625,36
Building,object_delete_90pct,10,2,5,0.9158730158730158,0.896484375,36
Building,object_delete_90pct,10,3,5,0.9158730158730158,0.896484375,36
Building,object_delete_90pct,10,4,5,0.9132882016967575,0.8935546875,36
Building,object_delete_90pct,10,5,5,0.9126984126984127,0.892578125,36
Building,object_delete_90pct,10,6,5,0.9108326445036007,0.890625,36
Building,object_delete_90pct,10,7,5,0.9132882016967575,0.8935546875,36
Building,object_delete_90pct,10,8,5,0.9135609533994887,0.8935546875,36
Building,object_delete_90pct,10,9,5,0.9150122028503108,0.8955078125,36
Building,object_delete_90pct,10,0,10,0.9161438278427011,0.896484375,36
Building,object_delete_90pct,10,1,10,0.9161438278427011,0.896484375,36
Building,object_delete_90pct,10,2,10,0.9161438278427011,0.896484375,36
Building,object_delete_90pct,10,3,10,0.9161438278427011,0.896484375,36
Building,object_delete_90pct,10,4,10,0.9161438278427011,0.896484375,36
Building,object_delete_90pct,10,5,10,0.9161438278427011,0.896484375,36
Building,object_delete_90pct,10,6,10,0.9161438278427011,0.896484375,36
Building,object_delete_90pct,10,7,10,0.9161438278427011,0.896484375,36
Building,object_delete_90pct,10,8,10,0.9168671945782516,0.8974609375,36
Building,object_delete_90pct,10,9,10,0.9161438278427011,0.896484375,36
Building,object_delete_90pct,10,0,1000000,0.9161438278427011,0.896484375,36
Building,object_delete_90pct,10,1,1000000,0.9161438278427011,0.896484375,36
Building,object_delete_90pct,10,2,1000000,0.9161438278427011,0.896484375,36
Building,object_delete_90pct,10,3,1000000,0.9161438278427011,0.896484375,36
Building,object_delete_90pct,10,4,1000000,0.9161438278427011,0.896484375,36
Building,object_delete_90pct,10,5,1000000,0.9161438278427011,0.896484375,36
Building,object_delete_90pct,10,6,1000000,0.9161438278427011,0.896484375,36
Building,object_delete_90pct,10,7,1000000,0.9161438278427011,0.896484375,36
Building,object_delete_90pct,10,8,1000000,0.9161438278427011,0.896484375,36
Building,object_delete_90pct,10,9,1000000,0.9161438278427011,0.896484375,36
Landuse,no_attack,0,0,1,0.8482007099999648,0.818359375,0
Landuse,no_attack,0,1,1,0.8397495673310003,0.8076171875,0
Landuse,no_attack,0,2,1,0.8355612640754253,0.8017578125,0
Landuse,no_attack,0,3,1,0.8290714678495967,0.7939453125,0
Landuse,no_attack,0,4,1,0.8485408565270823,0.8173828125,0
Landuse,no_attack,0,5,1,0.8367800509261192,0.8076171875,0
Landuse,no_attack,0,6,1,0.8530827184042705,0.826171875,0
Landuse,no_attack,0,7,1,0.8427683661996392,0.8134765625,0
Landuse,no_attack,0,8,1,0.8496747581983778,0.818359375,0
Landuse,no_attack,0,9,1,0.8446413123834138,0.8134765625,0
Landuse,no_attack,0,0,3,0.910909489225453,0.8916015625,0
Landuse,no_attack,0,1,3,0.915061267841825,0.8974609375,0
Landuse,no_attack,0,2,3,0.9239399503778558,0.908203125,0
Landuse,no_attack,0,3,3,0.9062240655933462,0.8857421875,0
Landuse,no_attack,0,4,3,0.9187217029404622,0.9013671875,0
Landuse,no_attack,0,5,3,0.9213671949966558,0.9052734375,0
Landuse,no_attack,0,6,3,0.9216294926156531,0.904296875,0
Landuse,no_attack,0,7,3,0.9146351059571136,0.896484375,0
Landuse,no_attack,0,8,3,0.9232295438181108,0.90625,0
Landuse,no_attack,0,9,3,0.9306800811953775,0.916015625,0
Landuse,no_attack,0,0,5,0.9631855526295907,0.955078125,0
Landuse,no_attack,0,1,5,0.9623618395681552,0.9541015625,0
Landuse,no_attack,0,2,5,0.9576586760508432,0.9482421875,0
Landuse,no_attack,0,3,5,0.9631855526295907,0.955078125,0
Landuse,no_attack,0,4,5,0.9616307726770964,0.953125,0
Landuse,no_attack,0,5,5,0.9632784511076727,0.955078125,0
Landuse,no_attack,0,6,5,0.9606690941038688,0.9521484375,0
Landuse,no_attack,0,7,5,0.9634352398207574,0.955078125,0
Landuse,no_attack,0,8,5,0.9627897310942608,0.9541015625,0
Landuse,no_attack,0,9,5,0.959886471494042,0.951171875,0
Landuse,no_attack,0,0,10,0.9898089033025912,0.9873046875,0
Landuse,no_attack,0,1,10,0.9874321857366062,0.984375,0
Landuse,no_attack,0,2,10,0.9944604459328878,0.9931640625,0
Landuse,no_attack,0,3,10,0.9936507936507937,0.9921875,0
Landuse,no_attack,0,4,10,0.988907739467653,0.986328125,0
Landuse,no_attack,0,5,10,0.9944491628150685,0.9931640625,0
Landuse,no_attack,0,6,10,0.9897546480253238,0.9873046875,0
Landuse,no_attack,0,7,10,0.9851259960895954,0.9814453125,0
Landuse,no_attack,0,8,10,0.9913332040827805,0.9892578125,0
Landuse,no_attack,0,9,10,0.9920634920634921,0.990234375,0
Landuse,no_attack,0,0,1000000,1.0,1.0,0
Landuse,no_attack,0,1,1000000,1.0,1.0,0
Landuse,no_attack,0,2,1000000,1.0,1.0,0
Landuse,no_attack,0,3,1000000,1.0,1.0,0
Landuse,no_attack,0,4,1000000,1.0,1.0,0
Landuse,no_attack,0,5,1000000,1.0,1.0,0
Landuse,no_attack,0,6,1000000,1.0,1.0,0
Landuse,no_attack,0,7,1000000,1.0,1.0,0
Landuse,no_attack,0,8,1000000,1.0,1.0,0
Landuse,no_attack,0,9,1000000,1.0,1.0,0
Landuse,vertex_delete_50pct,1,0,1,0.7063135981126931,0.654296875,0
Landuse,vertex_delete_50pct,1,1,1,0.6825478283157723,0.6357421875,0
Landuse,vertex_delete_50pct,1,2,1,0.7128583093062782,0.6669921875,0
Landuse,vertex_delete_50pct,1,3,1,0.6977876886564459,0.650390625,0
Landuse,vertex_delete_50pct,1,4,1,0.7250371641798479,0.67578125,0
Landuse,vertex_delete_50pct,1,5,1,0.695693336412561,0.65234375,0
Landuse,vertex_delete_50pct,1,6,1,0.6881446143636555,0.6416015625,0
Landuse,vertex_delete_50pct,1,7,1,0.6952718147250782,0.658203125,0
Landuse,vertex_delete_50pct,1,8,1,0.6997404688275046,0.6552734375,0
Landuse,vertex_delete_50pct,1,9,1,0.7121396331779724,0.662109375,0
Landuse,vertex_delete_50pct,1,0,3,0.753358755640149,0.7080078125,0
Landuse,vertex_delete_50pct,1,1,3,0.7666693406017866,0.73046875,0
Landuse,vertex_delete_50pct,1,2,3,0.7918389536840358,0.75390625,0
Landuse,vertex_delete_50pct,1,3,3,0.7502388050647933,0.70703125,0
Landuse,vertex_delete_50pct,1,4,3,0.7679695275737067,0.7314453125,0
Landuse,vertex_delete_50pct,1,5,3,0.7606304894205752,0.7197265625,0
Landuse,vertex_delete_50pct,1,6,3,0.7826455858563497,0.744140625,0
Landuse,vertex_delete_50pct,1,7,3,0.7988033705712198,0.763671875,0
Landuse,vertex_delete_50pct,1,8,3,0.7659434727142346,0.72265625,0
Landuse,vertex_delete_50pct,1,9,3,0.7863966970723749,0.74609375,0
Landuse,vertex_delete_50pct,1,0,5,0.8136602603847943,0.7763671875,0
Landuse,vertex_delete_50pct,1,1,5,0.803194840135015,0.767578125,0
Landuse,vertex_delete_50pct,1,2,5,0.8058190711514167,0.7705078125,0
Landuse,vertex_delete_50pct,1,3,5,0.8088512117104804,0.775390625,0
Landuse,vertex_delete_50pct,1,4,5,0.823610351845668,0.7900390625,0
Landuse,vertex_delete_50pct,1,5,5,0.8117599696745418,0.7744140625,0
Landuse,vertex_delete_50pct,1,6,5,0.7960761711648013,0.76171875,0
Landuse,vertex_delete_50pct,1,7,5,0.8261989418284266,0.79296875,0
Landuse,vertex_delete_50pct,1,8,5,0.8096536956220503,0.7744140625,0
Landuse,vertex_delete_50pct,1,9,5,0.8056468060730718,0.76953125,0
Landuse,vertex_delete_50pct,1,0,10,0.8808583858438858,0.849609375,0
Landuse,vertex_delete_50pct,1,1,10,0.8885936855762272,0.861328125,0
Landuse,vertex_delete_50pct,1,2,10,0.880192375564621,0.84765625,0
Landuse,vertex_delete_50pct,1,3,10,0.8848168538950832,0.853515625,0
Landuse,vertex_delete_50pct,1,4,10,0.878683478895931,0.8447265625,0
Landuse,vertex_delete_50pct,1,5,10,0.8782225281668234,0.8447265625,0
Landuse,vertex_delete_50pct,1,6,10,0.8883426522856307,0.85546875,0
Landuse,vertex_delete_50pct,1,7,10,0.8883554014303664,0.8583984375,0
Landuse,vertex_delete_50pct,1,8,10,0.8775365744647496,0.845703125,0
Landuse,vertex_delete_50pct,1,9,10,0.8817504369374526,0.8486328125,0
Landuse,vertex_delete_50pct,1,0,1000000,0.9401583265183349,0.9267578125,0
Landuse,vertex_delete_50pct,1,1,1000000,0.9401583265183349,0.9267578125,0
Landuse,vertex_delete_50pct,1,2,1000000,0.9401583265183349,0.9267578125,0
Landuse,vertex_delete_50pct,1,3,1000000,0.9401583265183349,0.9267578125,0
Landuse,vertex_delete_50pct,1,4,1000000,0.9401583265183349,0.9267578125,0
Landuse,vertex_delete_50pct,1,5,1000000,0.9401583265183349,0.9267578125,0
Landuse,vertex_delete_50pct,1,6,1000000,0.9401583265183349,0.9267578125,0
Landuse,vertex_delete_50pct,1,7,1000000,0.9401583265183349,0.9267578125,0
Landuse,vertex_delete_50pct,1,8,1000000,0.9401583265183349,0.9267578125,0
Landuse,vertex_delete_50pct,1,9,1000000,0.9401583265183349,0.9267578125,0
Landuse,object_delete_90pct,1,0,1,0.8331275670965683,0.802734375,21
Landuse,object_delete_90pct,1,1,1,0.8237298568529752,0.794921875,21
Landuse,object_delete_90pct,1,2,1,0.8350625909016403,0.8076171875,21
Landuse,object_delete_90pct,1,3,1,0.8268498848517236,0.796875,21
Landuse,object_delete_90pct,1,4,1,0.8119712129846812,0.7783203125,21
Landuse,object_delete_90pct,1,5,1,0.8350594368298275,0.806640625,21
Landuse,object_delete_90pct,1,6,1,0.8467715586730746,0.81640625,21
Landuse,object_delete_90pct,1,7,1,0.8412270975710997,0.8134765625,21
Landuse,object_delete_90pct,1,8,1,0.8407102061909626,0.8115234375,21
Landuse,object_delete_90pct,1,9,1,0.8303567603701132,0.8017578125,21
Landuse,object_delete_90pct,1,0,3,0.8999805646281689,0.87890625,21
Landuse,object_delete_90pct,1,1,3,0.9060781938679148,0.88671875,21
Landuse,object_delete_90pct,1,2,3,0.9066974807564679,0.88671875,21
Landuse,object_delete_90pct,1,3,3,0.897571976660624,0.876953125,21
Landuse,object_delete_90pct,1,4,3,0.9070684573997434,0.8876953125,21
Landuse,object_delete_90pct,1,5,3,0.9023386888732604,0.8818359375,21
Landuse,object_delete_90pct,1,6,3,0.9018660554593643,0.880859375,21
Landuse,object_delete_90pct,1,7,3,0.9027392994845401,0.8818359375,21
Landuse,object_delete_90pct,1,8,3,0.9014644577457075,0.880859375,21
Landuse,object_delete_90pct,1,9,3,0.9058273632500697,0.8857421875,21
Landuse,object_delete_90pct,1,0,5,0.9186708028211432,0.900390625,21
Landuse,object_delete_90pct,1,1,5,0.9156097387929553,0.896484375,21
Landuse,object_delete_90pct,1,2,5,0.9163419338230351,0.8974609375,21
Landuse,object_delete_90pct,1,3,5,0.9132882016967575,0.8935546875,21
Landuse,object_delete_90pct,1,4,5,0.9173302530966618,0.8984375,21
Landuse,object_delete_90pct,1,5,5,0.9185491034608819,0.900390625,21
Landuse,object_delete_90pct,1,6,5,0.9179355719688143,0.8994140625,21
Landuse,object_delete_90pct,1,7,5,0.9179355719688143,0.8994140625,21
Landuse,object_delete_90pct,1,8,5,0.9170758882329121,0.8984375,21
Landuse,object_delete_90pct,1,9,5,0.9156097387929553,0.896484375,21
Landuse,object_delete_90pct,1,0,10,0.9166007657024815,0.8974609375,21
Landuse,object_delete_90pct,1,1,10,0.9166007657024815,0.8974609375,21
Landuse,object_delete_90pct,1,2,10,0.9166007657024815,0.8974609375,21
Landuse,object_delete_90pct,1,3,10,0.9166007657024815,0.8974609375,21
Landuse,object_delete_90pct,1,4,10,0.9166007657024815,0.8974609375,21
Landuse,object_delete_90pct,1,5,10,0.9166007657024815,0.8974609375,21
Landuse,object_delete_90pct,1,6,10,0.9166007657024815,0.8974609375,21
Landuse,object_delete_90pct,1,7,10,0.9166007657024815,0.8974609375,21
Landuse,object_delete_90pct,1,8,10,0.9166007657024815,0.8974609375,21
Landuse,object_delete_90pct,1,9,10,0.9166007657024815,0.8974609375,21
Landuse,object_delete_90pct,1,0,1000000,0.9166007657024815,0.8974609375,21
Landuse,object_delete_90pct,1,1,1000000,0.9166007657024815,0.8974609375,21
Landuse,object_delete_90pct,1,2,1000000,0.9166007657024815,0.8974609375,21
Landuse,object_delete_90pct,1,3,1000000,0.9166007657024815,0.8974609375,21
Landuse,object_delete_90pct,1,4,1000000,0.9166007657024815,0.8974609375,21
Landuse,object_delete_90pct,1,5,1000000,0.9166007657024815,0.8974609375,21
Landuse,object_delete_90pct,1,6,1000000,0.9166007657024815,0.8974609375,21
Landuse,object_delete_90pct,1,7,1000000,0.9166007657024815,0.8974609375,21
Landuse,object_delete_90pct,1,8,1000000,0.9166007657024815,0.8974609375,21
Landuse,object_delete_90pct,1,9,1000000,0.9166007657024815,0.8974609375,21
Landuse,vertex_delete_50pct,2,0,1,0.7140447097720697,0.6611328125,0
Landuse,vertex_delete_50pct,2,1,1,0.6736866091555126,0.62109375,0
Landuse,vertex_delete_50pct,2,2,1,0.7315562121869066,0.6845703125,0
Landuse,vertex_delete_50pct,2,3,1,0.7109919180674905,0.65625,0
Landuse,vertex_delete_50pct,2,4,1,0.7182508848107271,0.6708984375,0
Landuse,vertex_delete_50pct,2,5,1,0.69950851982815,0.654296875,0
Landuse,vertex_delete_50pct,2,6,1,0.7092204136224918,0.658203125,0
Landuse,vertex_delete_50pct,2,7,1,0.7120530382794549,0.6669921875,0
Landuse,vertex_delete_50pct,2,8,1,0.7052645238039428,0.6533203125,0
Landuse,vertex_delete_50pct,2,9,1,0.7050820128721457,0.65234375,0
Landuse,vertex_delete_50pct,2,0,3,0.7727666965824412,0.734375,0
Landuse,vertex_delete_50pct,2,1,3,0.7709279361118708,0.7294921875,0
Landuse,vertex_delete_50pct,2,2,3,0.7778069427870227,0.7353515625,0
Landuse,vertex_delete_50pct,2,3,3,0.7702584371266092,0.728515625,0
Landuse,vertex_delete_50pct,2,4,3,0.7968614197167662,0.7578125,0
Landuse,vertex_delete_50pct,2,5,3,0.7703955626307096,0.7314453125,0
Landuse,vertex_delete_50pct,2,6,3,0.7870808892420823,0.75,0
Landuse,vertex_delete_50pct,2,7,3,0.7576371255515493,0.7177734375,0
Landuse,vertex_delete_50pct,2,8,3,0.7769400844280911,0.740234375,0
Landuse,vertex_delete_50pct,2,9,3,0.7858812797002476,0.7470703125,0
Landuse,vertex_delete_50pct,2,0,5,0.8182205917916486,0.783203125,0
Landuse,vertex_delete_50pct,2,1,5,0.7919637087632928,0.7548828125,0
Landuse,vertex_delete_50pct,2,2,5,0.8188748201523426,0.7861328125,0
Landuse,vertex_delete_50pct,2,3,5,0.8114916493515282,0.7744140625,0
Landuse,vertex_delete_50pct,2,4,5,0.8145928053705351,0.78125,0
Landuse,vertex_delete_50pct,2,5,5,0.7967670024882948,0.7568359375,0
Landuse,vertex_delete_50pct,2,6,5,0.8153057970215792,0.7822265625,0
Landuse,vertex_delete_50pct,2,7,5,0.8081220356417685,0.775390625,0
Landuse,vertex_delete_50pct,2,8,5,0.806034386911181,0.7685546875,0
Landuse,vertex_delete_50pct,2,9,5,0.8219539418536161,0.7890625,0
Landuse,vertex_delete_50pct,2,0,10,0.8960116233487794,0.8671875,0
Landuse,vertex_delete_50pct,2,1,10,0.8837362639553971,0.8505859375,0
Landuse,vertex_delete_50pct,2,2,10,0.8889770679366619,0.861328125,0
Landuse,vertex_delete_50pct,2,3,10,0.8812934478004318,0.849609375,0
Landuse,vertex_delete_50pct,2,4,10,0.8979138453914237,0.8681640625,0
Landuse,vertex_delete_50pct,2,5,10,0.8951410006884261,0.8662109375,0
Landuse,vertex_delete_50pct,2,6,10,0.8978210695618808,0.8701171875,0
Landuse,vertex_delete_50pct,2,7,10,0.8905702209351732,0.861328125,0
Landuse,vertex_delete_50pct,2,8,10,0.8900773930010435,0.859375,0
Landuse,vertex_delete_50pct,2,9,10,0.8985718988658934,0.869140625,0
Landuse,vertex_delete_50pct,2,0,1000000,0.9498833735417496,0.9384765625,0
Landuse,vertex_delete_50pct,2,1,1000000,0.9498833735417496,0.9384765625,0
Landuse,vertex_delete_50pct,2,2,1000000,0.9498833735417496,0.9384765625,0
Landuse,vertex_delete_50pct,2,3,1000000,0.9498833735417496,0.9384765625,0
Landuse,vertex_delete_50pct,2,4,1000000,0.9498833735417496,0.9384765625,0
Landuse,vertex_delete_50pct,2,5,1000000,0.9498833735417496,0.9384765625,0
Landuse,vertex_delete_50pct,2,6,1000000,0.9498833735417496,0.9384765625,0
Landuse,vertex_delete_50pct,2,7,1000000,0.9498833735417496,0.9384765625,0
Landuse,vertex_delete_50pct,2,8,1000000,0.9498833735417496,0.9384765625,0
Landuse,vertex_delete_50pct,2,9,1000000,0.9498833735417496,0.9384765625,0
Landuse,object_delete_90pct,2,0,1,0.844716443740461,0.814453125,24
Landuse,object_delete_90pct,2,1,1,0.8395264072690432,0.8076171875,24
Landuse,object_delete_90pct,2,2,1,0.844227706454882,0.8154296875,24
Landuse,object_delete_90pct,2,3,1,0.8361838817156362,0.80859375,24
Landuse,object_delete_90pct,2,4,1,0.8475945319554575,0.818359375,24
Landuse,object_delete_90pct,2,5,1,0.8414422134747775,0.8125,24
Landuse,object_delete_90pct,2,6,1,0.8613228145902062,0.8349609375,24
Landuse,object_delete_90pct,2,7,1,0.844227706454882,0.8154296875,24
Landuse,object_delete_90pct,2,8,1,0.8433001854748222,0.814453125,24
Landuse,object_delete_90pct,2,9,1,0.8444240997285186,0.8154296875,24
Landuse,object_delete_90pct,2,0,3,0.9128933289232578,0.8935546875,24
Landuse,object_delete_90pct,2,1,3,0.9108326445036007,0.890625,24
Landuse,object_delete_90pct,2,2,3,0.9038879395725277,0.8828125,24
Landuse,object_delete_90pct,2,3,3,0.9175696131208173,0.8994140625,24
Landuse,object_delete_90pct,2,4,3,0.9057692898475131,0.884765625,24
Landuse,object_delete_90pct,2,5,3,0.9085645765576071,0.888671875,24
Landuse,object_delete_90pct,2,6,3,0.9095628974740387,0.8896484375,24
Landuse,object_delete_90pct,2,7,3,0.9051864668025807,0.8837890625,24
Landuse,object_delete_90pct,2,8,3,0.9099673812399183,0.8896484375,24
Landuse,object_delete_90pct,2,9,3,0.911035874791187,0.8916015625,24
Landuse,object_delete_90pct,2,0,5,0.9177261142465745,0.8984375,24
Landuse,object_delete_90pct,2,1,5,0.9171410693823175,0.8974609375,24
Landuse,object_delete_90pct,2,2,5,0.9147022158908414,0.89453125,24
Landuse,object_delete_90pct,2,3,5,0.9170032105390813,0.8974609375,24
Landuse,object_delete_90pct,2,4,5,0.9155625133248609,0.8955078125,24
Landuse,object_delete_90pct,2,5,5,0.9168671945782516,0.8974609375,24
Landuse,object_delete_90pct,2,6,5,0.9193084006504478,0.900390625,24
Landuse,object_delete_90pct,2,7,5,0.9162820124640553,0.896484375,24
Landuse,object_delete_90pct,2,8,5,0.9170032105390813,0.8974609375,24
Landuse,object_delete_90pct,2,9,5,0.9168671945782516,0.8974609375,24
Landuse,object_delete_90pct,2,0,10,0.9172807527862713,0.8974609375,24
Landuse,object_delete_90pct,2,1,10,0.9172807527862713,0.8974609375,24
Landuse,object_delete_90pct,2,2,10,0.9172807527862713,0.8974609375,24
Landuse,object_delete_90pct,2,3,10,0.9172807527862713,0.8974609375,24
Landuse,object_delete_90pct,2,4,10,0.9172807527862713,0.8974609375,24
Landuse,object_delete_90pct,2,5,10,0.9172807527862713,0.8974609375,24
Landuse,object_delete_90pct,2,6,10,0.9172807527862713,0.8974609375,24
Landuse,object_delete_90pct,2,7,10,0.9172807527862713,0.8974609375,24
Landuse,object_delete_90pct,2,8,10,0.9172807527862713,0.8974609375,24
Landuse,object_delete_90pct,2,9,10,0.916563847047376,0.896484375,24
Landuse,object_delete_90pct,2,0,1000000,0.9172807527862713,0.8974609375,24
Landuse,object_delete_90pct,2,1,1000000,0.9172807527862713,0.8974609375,24
Landuse,object_delete_90pct,2,2,1000000,0.9172807527862713,0.8974609375,24
Landuse,object_delete_90pct,2,3,1000000,0.9172807527862713,0.8974609375,24
Landuse,object_delete_90pct,2,4,1000000,0.9172807527862713,0.8974609375,24
Landuse,object_delete_90pct,2,5,1000000,0.9172807527862713,0.8974609375,24
Landuse,object_delete_90pct,2,6,1000000,0.9172807527862713,0.8974609375,24
Landuse,object_delete_90pct,2,7,1000000,0.9172807527862713,0.8974609375,24
Landuse,object_delete_90pct,2,8,1000000,0.9172807527862713,0.8974609375,24
Landuse,object_delete_90pct,2,9,1000000,0.9172807527862713,0.8974609375,24
Landuse,vertex_delete_50pct,3,0,1,0.7088892200034936,0.6640625,0
Landuse,vertex_delete_50pct,3,1,1,0.7064762801416987,0.6572265625,0
Landuse,vertex_delete_50pct,3,2,1,0.6997404688275046,0.6552734375,0
Landuse,vertex_delete_50pct,3,3,1,0.7245899012755596,0.6787109375,0
Landuse,vertex_delete_50pct,3,4,1,0.7115135762365804,0.6611328125,0
Landuse,vertex_delete_50pct,3,5,1,0.7092328875280396,0.662109375,0
Landuse,vertex_delete_50pct,3,6,1,0.7183449056978183,0.6728515625,0
Landuse,vertex_delete_50pct,3,7,1,0.7228422743272269,0.6806640625,0
Landuse,vertex_delete_50pct,3,8,1,0.7016264559418588,0.65234375,0
Landuse,vertex_delete_50pct,3,9,1,0.6971916536183753,0.6474609375,0
Landuse,vertex_delete_50pct,3,0,3,0.7715718244578229,0.7294921875,0
Landuse,vertex_delete_50pct,3,1,3,0.7596202847627077,0.716796875,0
Landuse,vertex_delete_50pct,3,2,3,0.7770330481028217,0.73828125,0
Landuse,vertex_delete_50pct,3,3,3,0.7850033285756792,0.7431640625,0
Landuse,vertex_delete_50pct,3,4,3,0.7736234965603533,0.7333984375,0
Landuse,vertex_delete_50pct,3,5,3,0.7569554905727505,0.716796875,0
Landuse,vertex_delete_50pct,3,6,3,0.76794046993983,0.7236328125,0
Landuse,vertex_delete_50pct,3,7,3,0.7496587917803453,0.712890625,0
Landuse,vertex_delete_50pct,3,8,3,0.761297676351259,0.7177734375,0
Landuse,vertex_delete_50pct,3,9,3,0.7885866431198317,0.7470703125,0
Landuse,vertex_delete_50pct,3,0,5,0.8043927690152315,0.7666015625,0
Landuse,vertex_delete_50pct,3,1,5,0.7947523219999895,0.7587890625,0
Landuse,vertex_delete_50pct,3,2,5,0.8327680622494149,0.798828125,0
Landuse,vertex_delete_50pct,3,3,5,0.8100993907710891,0.775390625,0
Landuse,vertex_delete_50pct,3,4,5,0.8203159104382853,0.7861328125,0
Landuse,vertex_delete_50pct,3,5,5,0.8177206745238951,0.783203125,0
Landuse,vertex_delete_50pct,3,6,5,0.8215598888255423,0.7861328125,0
Landuse,vertex_delete_50pct,3,7,5,0.8327605837095319,0.7998046875,0
Landuse,vertex_delete_50pct,3,8,5,0.8179323632664475,0.7841796875,0
Landuse,vertex_delete_50pct,3,9,5,0.8178673110426629,0.78125,0
Landuse,vertex_delete_50pct,3,0,10,0.8826237028184019,0.8515625,0
Landuse,vertex_delete_50pct,3,1,10,0.8865997061809886,0.8564453125,0
Landuse,vertex_delete_50pct,3,2,10,0.8903141609948709,0.857421875,0
Landuse,vertex_delete_50pct,3,3,10,0.8778574800132724,0.8427734375,0
Landuse,vertex_delete_50pct,3,4,10,0.8944389522731959,0.8642578125,0
Landuse,vertex_delete_50pct,3,5,10,0.8859178293369685,0.853515625,0
Landuse,vertex_delete_50pct,3,6,10,0.8955517481242996,0.8662109375,0
Landuse,vertex_delete_50pct,3,7,10,0.8766550612330611,0.84375,0
Landuse,vertex_delete_50pct,3,8,10,0.8960802310080217,0.8681640625,0
Landuse,vertex_delete_50pct,3,9,10,0.8763307713523798,0.8408203125,0
Landuse,vertex_delete_50pct,3,0,1000000,0.9399789610622636,0.92578125,0
Landuse,vertex_delete_50pct,3,1,1000000,0.9399789610622636,0.92578125,0
Landuse,vertex_delete_50pct,3,2,1000000,0.9399789610622636,0.92578125,0
Landuse,vertex_delete_50pct,3,3,1000000,0.9399789610622636,0.92578125,0
Landuse,vertex_delete_50pct,3,4,1000000,0.9399789610622636,0.92578125,0
Landuse,vertex_delete_50pct,3,5,1000000,0.9399789610622636,0.92578125,0
Landuse,vertex_delete_50pct,3,6,1000000,0.9399789610622636,0.92578125,0
Landuse,vertex_delete_50pct,3,7,1000000,0.9399789610622636,0.92578125,0
Landuse,vertex_delete_50pct,3,8,1000000,0.9399789610622636,0.92578125,0
Landuse,vertex_delete_50pct,3,9,1000000,0.9399789610622636,0.92578125,0
Landuse,object_delete_90pct,3,0,1,0.8405083627261195,0.8095703125,19
Landuse,object_delete_90pct,3,1,1,0.8362937373934721,0.8046875,19
Landuse,object_delete_90pct,3,2,1,0.8401101995525886,0.8125,19
Landuse,object_delete_90pct,3,3,1,0.8453170533536619,0.8173828125,19
Landuse,object_delete_90pct,3,4,1,0.8378011656130009,0.8076171875,19
Landuse,object_delete_90pct,3,5,1,0.847367936077646,0.8203125,19
Landuse,object_delete_90pct,3,6,1,0.8202793390365547,0.783203125,19
Landuse,object_delete_90pct,3,7,1,0.8485166648585701,0.8193359375,19
Landuse,object_delete_90pct,3,8,1,0.8300991722760105,0.7998046875,19
Landuse,object_delete_90pct,3,9,1,0.8263279079701822,0.7958984375,19
Landuse,object_delete_90pct,3,0,3,0.8935494661804818,0.8701171875,19
Landuse,object_delete_90pct,3,1,3,0.8969057049491203,0.8740234375,19
Landuse,object_delete_90pct,3,2,3,0.8931521694094449,0.869140625,19
Landuse,object_delete_90pct,3,3,3,0.8933925743991041,0.8701171875,19
Landuse,object_delete_90pct,3,4,3,0.8967521524391932,0.8740234375,19
Landuse,object_delete_90pct,3,5,3,0.9028767776802551,0.8818359375,19
Landuse,object_delete_90pct,3,6,3,0.8989683518443694,0.8759765625,19
Landuse,object_delete_90pct,3,7,3,0.8949965107983844,0.8720703125,19
Landuse,object_delete_90pct,3,8,3,0.900538387718759,0.87890625,19
Landuse,object_delete_90pct,3,9,3,0.902574336444171,0.880859375,19
Landuse,object_delete_90pct,3,0,5,0.9124054012099476,0.8916015625,19
Landuse,object_delete_90pct,3,1,5,0.9119749100776147,0.8916015625,19
Landuse,object_delete_90pct,3,2,5,0.9101127510833643,0.888671875,19
Landuse,object_delete_90pct,3,3,5,0.9122600904845689,0.8916015625,19
Landuse,object_delete_90pct,3,4,5,0.9131224193176275,0.892578125,19
Landuse,object_delete_90pct,3,5,5,0.9142857142857143,0.89453125,19
Landuse,object_delete_90pct,3,6,5,0.9112531253107379,0.890625,19
Landuse,object_delete_90pct,3,7,5,0.9099628261711997,0.888671875,19
Landuse,object_delete_90pct,3,8,5,0.9115426227444137,0.890625,19
Landuse,object_delete_90pct,3,9,5,0.9105330516105262,0.8896484375,19
Landuse,object_delete_90pct,3,0,10,0.9111277504168527,0.8896484375,19
Landuse,object_delete_90pct,3,1,10,0.9111277504168527,0.8896484375,19
Landuse,object_delete_90pct,3,2,10,0.9111277504168527,0.8896484375,19
Landuse,object_delete_90pct,3,3,10,0.9111277504168527,0.8896484375,19
Landuse,object_delete_90pct,3,4,10,0.9111277504168527,0.8896484375,19
Landuse,object_delete_90pct,3,5,10,0.9111277504168527,0.8896484375,19
Landuse,object_delete_90pct,3,6,10,0.9111277504168527,0.8896484375,19
Landuse,object_delete_90pct,3,7,10,0.9111277504168527,0.8896484375,19
Landuse,object_delete_90pct,3,8,10,0.9111277504168527,0.8896484375,19
Landuse,object_delete_90pct,3,9,10,0.9111277504168527,0.8896484375,19
Landuse,object_delete_90pct,3,0,1000000,0.9111277504168527,0.8896484375,19
Landuse,object_delete_90pct,3,1,1000000,0.9111277504168527,0.8896484375,19
Landuse,object_delete_90pct,3,2,1000000,0.9111277504168527,0.8896484375,19
Landuse,object_delete_90pct,3,3,1000000,0.9111277504168527,0.8896484375,19
Landuse,object_delete_90pct,3,4,1000000,0.9111277504168527,0.8896484375,19
Landuse,object_delete_90pct,3,5,1000000,0.9111277504168527,0.8896484375,19
Landuse,object_delete_90pct,3,6,1000000,0.9111277504168527,0.8896484375,19
Landuse,object_delete_90pct,3,7,1000000,0.9111277504168527,0.8896484375,19
Landuse,object_delete_90pct,3,8,1000000,0.9111277504168527,0.8896484375,19
Landuse,object_delete_90pct,3,9,1000000,0.9111277504168527,0.8896484375,19
Landuse,vertex_delete_50pct,4,0,1,0.6913714589355396,0.64453125,0
Landuse,vertex_delete_50pct,4,1,1,0.7125698194657131,0.6640625,0
Landuse,vertex_delete_50pct,4,2,1,0.7381017469576844,0.6875,0
Landuse,vertex_delete_50pct,4,3,1,0.7173800093534238,0.6689453125,0
Landuse,vertex_delete_50pct,4,4,1,0.7357813511754144,0.6875,0
Landuse,vertex_delete_50pct,4,5,1,0.6979989706169912,0.6513671875,0
Landuse,vertex_delete_50pct,4,6,1,0.7100474405077508,0.66015625,0
Landuse,vertex_delete_50pct,4,7,1,0.7204638223065896,0.677734375,0
Landuse,vertex_delete_50pct,4,8,1,0.6930827744279544,0.646484375,0
Landuse,vertex_delete_50pct,4,9,1,0.7293193181012858,0.6787109375,0
Landuse,vertex_delete_50pct,4,0,3,0.76926645349094,0.7275390625,0
Landuse,vertex_delete_50pct,4,1,3,0.7616619427361695,0.7216796875,0
Landuse,vertex_delete_50pct,4,2,3,0.7464910405191775,0.7080078125,0
Landuse,vertex_delete_50pct,4,3,3,0.755366741587583,0.7099609375,0
Landuse,vertex_delete_50pct,4,4,3,0.7682771753043436,0.7236328125,0
Landuse,vertex_delete_50pct,4,5,3,0.7527090282612888,0.70703125,0
Landuse,vertex_delete_50pct,4,6,3,0.7669543284865572,0.7255859375,0
Landuse,vertex_delete_50pct,4,7,3,0.7417120980162943,0.7001953125,0
Landuse,vertex_delete_50pct,4,8,3,0.7817256528822526,0.7392578125,0
Landuse,vertex_delete_50pct,4,9,3,0.7596159035536741,0.7177734375,0
Landuse,vertex_delete_50pct,4,0,5,0.8126008584949788,0.7763671875,0
Landuse,vertex_delete_50pct,4,1,5,0.8079294695392834,0.7734375,0
Landuse,vertex_delete_50pct,4,2,5,0.8160720441317099,0.78125,0
Landuse,vertex_delete_50pct,4,3,5,0.8029189318491401,0.763671875,0
Landuse,vertex_delete_50pct,4,4,5,0.8009584206027124,0.763671875,0
Landuse,vertex_delete_50pct,4,5,5,0.8267049138578973,0.7919921875,0
Landuse,vertex_delete_50pct,4,6,5,0.8129269714127222,0.779296875,0
Landuse,vertex_delete_50pct,4,7,5,0.7919637087632928,0.7548828125,0
Landuse,vertex_delete_50pct,4,8,5,0.8052512555716989,0.771484375,0
Landuse,vertex_delete_50pct,4,9,5,0.8316270769283647,0.796875,0
Landuse,vertex_delete_50pct,4,0,10,0.8846006062162927,0.853515625,0
Landuse,vertex_delete_50pct,4,1,10,0.8913849216427733,0.859375,0
Landuse,vertex_delete_50pct,4,2,10,0.8789769523077394,0.84375,0
Landuse,vertex_delete_50pct,4,3,10,0.8828576641233693,0.849609375,0
Landuse,vertex_delete_50pct,4,4,10,0.8832839159582133,0.8505859375,0
Landuse,vertex_delete_50pct,4,5,10,0.8802648313168429,0.845703125,0
Landuse,vertex_delete_50pct,4,6,10,0.8810980132913799,0.84765625,0
Landuse,vertex_delete_50pct,4,7,10,0.8641171020652386,0.8251953125,0
Landuse,vertex_delete_50pct,4,8,10,0.8852652194293683,0.8525390625,0
Landuse,vertex_delete_50pct,4,9,10,0.8942453845790856,0.861328125,0
Landuse,vertex_delete_50pct,4,0,1000000,0.9387210191307636,0.923828125,0
Landuse,vertex_delete_50pct,4,1,1000000,0.9387210191307636,0.923828125,0
Landuse,vertex_delete_50pct,4,2,1000000,0.9387210191307636,0.923828125,0
Landuse,vertex_delete_50pct,4,3,1000000,0.9387210191307636,0.923828125,0
Landuse,vertex_delete_50pct,4,4,1000000,0.9387210191307636,0.923828125,0
Landuse,vertex_delete_50pct,4,5,1000000,0.9387210191307636,0.923828125,0
Landuse,vertex_delete_50pct,4,6,1000000,0.9387210191307636,0.923828125,0
Landuse,vertex_delete_50pct,4,7,1000000,0.9387210191307636,0.923828125,0
Landuse,vertex_delete_50pct,4,8,1000000,0.9387210191307636,0.923828125,0
Landuse,vertex_delete_50pct,4,9,1000000,0.9387210191307636,0.923828125,0
Landuse,object_delete_90pct,4,0,1,0.8277204821031298,0.798828125,18
Landuse,object_delete_90pct,4,1,1,0.8162711788670968,0.7841796875,18
Landuse,object_delete_90pct,4,2,1,0.828665606072007,0.7998046875,18
Landuse,object_delete_90pct,4,3,1,0.806242554245964,0.77734375,18
Landuse,object_delete_90pct,4,4,1,0.8419824693167639,0.8134765625,18
Landuse,object_delete_90pct,4,5,1,0.8360015943444676,0.80859375,18
Landuse,object_delete_90pct,4,6,1,0.848318662401038,0.8193359375,18
Landuse,object_delete_90pct,4,7,1,0.8321156949789633,0.80078125,18
Landuse,object_delete_90pct,4,8,1,0.8193720368718128,0.7900390625,18
Landuse,object_delete_90pct,4,9,1,0.8337390689663254,0.8056640625,18
Landuse,object_delete_90pct,4,0,3,0.8980923988661093,0.876953125,18
Landuse,object_delete_90pct,4,1,3,0.898645105261295,0.876953125,18
Landuse,object_delete_90pct,4,2,3,0.9005893969897453,0.8798828125,18
Landuse,object_delete_90pct,4,3,3,0.9091759433311322,0.8896484375,18
Landuse,object_delete_90pct,4,4,3,0.8957301016822466,0.8740234375,18
Landuse,object_delete_90pct,4,5,3,0.9054486922972439,0.8857421875,18
Landuse,object_delete_90pct,4,6,3,0.8985771937069859,0.8779296875,18
Landuse,object_delete_90pct,4,7,3,0.8939694301078822,0.8720703125,18
Landuse,object_delete_90pct,4,8,3,0.9079615543446831,0.8876953125,18
Landuse,object_delete_90pct,4,9,3,0.899520977561244,0.8779296875,18
Landuse,object_delete_90pct,4,0,5,0.9205099073534959,0.90234375,18
Landuse,object_delete_90pct,4,1,5,0.9172021035560735,0.8984375,18
Landuse,object_delete_90pct,4,2,5,0.9193084006504478,0.900390625,18
Landuse,object_delete_90pct,4,3,5,0.9230772133307334,0.9052734375,18
Landuse,object_delete_90pct,4,4,5,0.9236895616103301,0.90625,18
Landuse,object_delete_90pct,4,5,5,0.9196525794089301,0.9013671875,18
Landuse,object_delete_90pct,4,6,5,0.9244258626930595,0.9072265625,18
Landuse,object_delete_90pct,4,7,5,0.9229550171111642,0.9052734375,18
Landuse,object_delete_90pct,4,8,5,0.9172021035560735,0.8984375,18
Landuse,object_delete_90pct,4,9,5,0.9228347682650163,0.9052734375,18
Landuse,object_delete_90pct,4,0,10,0.9241809953301248,0.90625,18
Landuse,object_delete_90pct,4,1,10,0.9234552936121442,0.9052734375,18
Landuse,object_delete_90pct,4,2,10,0.9241809953301248,0.90625,18
Landuse,object_delete_90pct,4,3,10,0.9241809953301248,0.90625,18
Landuse,object_delete_90pct,4,4,10,0.9241809953301248,0.90625,18
Landuse,object_delete_90pct,4,5,10,0.9241809953301248,0.90625,18
Landuse,object_delete_90pct,4,6,10,0.9241809953301248,0.90625,18
Landuse,object_delete_90pct,4,7,10,0.9234552936121442,0.9052734375,18
Landuse,object_delete_90pct,4,8,10,0.9241809953301248,0.90625,18
Landuse,object_delete_90pct,4,9,10,0.9241809953301248,0.90625,18
Landuse,object_delete_90pct,4,0,1000000,0.9241809953301248,0.90625,18
Landuse,object_delete_90pct,4,1,1000000,0.9241809953301248,0.90625,18
Landuse,object_delete_90pct,4,2,1000000,0.9241809953301248,0.90625,18
Landuse,object_delete_90pct,4,3,1000000,0.9241809953301248,0.90625,18
Landuse,object_delete_90pct,4,4,1000000,0.9241809953301248,0.90625,18
Landuse,object_delete_90pct,4,5,1000000,0.9241809953301248,0.90625,18
Landuse,object_delete_90pct,4,6,1000000,0.9241809953301248,0.90625,18
Landuse,object_delete_90pct,4,7,1000000,0.9241809953301248,0.90625,18
Landuse,object_delete_90pct,4,8,1000000,0.9241809953301248,0.90625,18
Landuse,object_delete_90pct,4,9,1000000,0.9241809953301248,0.90625,18
Landuse,vertex_delete_50pct,5,0,1,0.6937511501538853,0.6455078125,0
Landuse,vertex_delete_50pct,5,1,1,0.7208252689952693,0.6748046875,0
Landuse,vertex_delete_50pct,5,2,1,0.7039533729502659,0.6572265625,0
Landuse,vertex_delete_50pct,5,3,1,0.7054231936122938,0.65625,0
Landuse,vertex_delete_50pct,5,4,1,0.7101084200697583,0.6640625,0
Landuse,vertex_delete_50pct,5,5,1,0.6857018022850867,0.6357421875,0
Landuse,vertex_delete_50pct,5,6,1,0.7214912619015199,0.6708984375,0
Landuse,vertex_delete_50pct,5,7,1,0.7178199094538125,0.673828125,0
Landuse,vertex_delete_50pct,5,8,1,0.6926570864145588,0.6484375,0
Landuse,vertex_delete_50pct,5,9,1,0.7098433565740532,0.6591796875,0
Landuse,vertex_delete_50pct,5,0,3,0.7619782666780651,0.7177734375,0
Landuse,vertex_delete_50pct,5,1,3,0.7949284639504582,0.755859375,0
Landuse,vertex_delete_50pct,5,2,3,0.7808322227237985,0.740234375,0
Landuse,vertex_delete_50pct,5,3,3,0.7832396888273127,0.744140625,0
Landuse,vertex_delete_50pct,5,4,3,0.7882284766542382,0.75,0
Landuse,vertex_delete_50pct,5,5,3,0.7549698911414012,0.7109375,0
Landuse,vertex_delete_50pct,5,6,3,0.7637767599710125,0.7255859375,0
Landuse,vertex_delete_50pct,5,7,3,0.7930963603332557,0.7548828125,0
Landuse,vertex_delete_50pct,5,8,3,0.7870033402975897,0.74609375,0
Landuse,vertex_delete_50pct,5,9,3,0.774247718994781,0.7275390625,0
Landuse,vertex_delete_50pct,5,0,5,0.8190737839540051,0.7822265625,0
Landuse,vertex_delete_50pct,5,1,5,0.8252575725493594,0.7919921875,0
Landuse,vertex_delete_50pct,5,2,5,0.8094467280430355,0.771484375,0
Landuse,vertex_delete_50pct,5,3,5,0.8155726394127811,0.78125,0
Landuse,vertex_delete_50pct,5,4,5,0.8252682722643162,0.79296875,0
Landuse,vertex_delete_50pct,5,5,5,0.8157879668770012,0.7822265625,0
Landuse,vertex_delete_50pct,5,6,5,0.8004780107610965,0.765625,0
Landuse,vertex_delete_50pct,5,7,5,0.820561658458191,0.7861328125,0
Landuse,vertex_delete_50pct,5,8,5,0.8238858408710996,0.7890625,0
Landuse,vertex_delete_50pct,5,9,5,0.8098465572375824,0.775390625,0
Landuse,vertex_delete_50pct,5,0,10,0.8885651822468098,0.8583984375,0
Landuse,vertex_delete_50pct,5,1,10,0.883938928221726,0.8515625,0
Landuse,vertex_delete_50pct,5,2,10,0.8916120091958729,0.861328125,0
Landuse,vertex_delete_50pct,5,3,10,0.8914453332614285,0.8623046875,0
Landuse,vertex_delete_50pct,5,4,10,0.8839599998785473,0.853515625,0
Landuse,vertex_delete_50pct,5,5,10,0.8831253648105459,0.853515625,0
Landuse,vertex_delete_50pct,5,6,10,0.8811446564282561,0.8466796875,0
Landuse,vertex_delete_50pct,5,7,10,0.8886124209305397,0.859375,0
Landuse,vertex_delete_50pct,5,8,10,0.8859318343678025,0.85546875,0
Landuse,vertex_delete_50pct,5,9,10,0.9049464315036092,0.8779296875,0
Landuse,vertex_delete_50pct,5,0,1000000,0.9355635236893614,0.9208984375,0
Landuse,vertex_delete_50pct,5,1,1000000,0.9355635236893614,0.9208984375,0
Landuse,vertex_delete_50pct,5,2,1000000,0.9355635236893614,0.9208984375,0
Landuse,vertex_delete_50pct,5,3,1000000,0.9355635236893614,0.9208984375,0
Landuse,vertex_delete_50pct,5,4,1000000,0.9355635236893614,0.9208984375,0
Landuse,vertex_delete_50pct,5,5,1000000,0.9355635236893614,0.9208984375,0
Landuse,vertex_delete_50pct,5,6,1000000,0.9355635236893614,0.9208984375,0
Landuse,vertex_delete_50pct,5,7,1000000,0.9355635236893614,0.9208984375,0
Landuse,vertex_delete_50pct,5,8,1000000,0.9355635236893614,0.9208984375,0
Landuse,vertex_delete_50pct,5,9,1000000,0.9355635236893614,0.9208984375,0
Landuse,object_delete_90pct,5,0,1,0.8246517864530013,0.7939453125,23
Landuse,object_delete_90pct,5,1,1,0.8424501304066742,0.8125,23
Landuse,object_delete_90pct,5,2,1,0.8445778166111684,0.81640625,23
Landuse,object_delete_90pct,5,3,1,0.8377144650317432,0.80859375,23
Landuse,object_delete_90pct,5,4,1,0.8348750871143585,0.802734375,23
Landuse,object_delete_90pct,5,5,1,0.8342069784457479,0.802734375,23
Landuse,object_delete_90pct,5,6,1,0.8386501920113775,0.8076171875,23
Landuse,object_delete_90pct,5,7,1,0.8280786712108251,0.794921875,23
Landuse,object_delete_90pct,5,8,1,0.8375163291600097,0.80859375,23
Landuse,object_delete_90pct,5,9,1,0.864960786270558,0.8388671875,23
Landuse,object_delete_90pct,5,0,3,0.9069593387898375,0.88671875,23
Landuse,object_delete_90pct,5,1,3,0.9037488632542983,0.8828125,23
Landuse,object_delete_90pct,5,2,3,0.9038879395725277,0.8828125,23
Landuse,object_delete_90pct,5,3,3,0.9026037783274716,0.8818359375,23
Landuse,object_delete_90pct,5,4,3,0.9060898622983342,0.8857421875,23
Landuse,object_delete_90pct,5,5,3,0.8960124869274994,0.8740234375,23
Landuse,object_delete_90pct,5,6,3,0.9020038701979189,0.880859375,23
Landuse,object_delete_90pct,5,7,3,0.9024702345810309,0.8818359375,23
Landuse,object_delete_90pct,5,8,3,0.9028767776802551,0.8818359375,23
Landuse,object_delete_90pct,5,9,3,0.8987881701259121,0.876953125,23
Landuse,object_delete_90pct,5,0,5,0.9181893285546522,0.8994140625,23
Landuse,object_delete_90pct,5,1,5,0.9208906870543213,0.90234375,23
Landuse,object_delete_90pct,5,2,5,0.9175922774868126,0.8984375,23
Landuse,object_delete_90pct,5,3,5,0.92076185357485,0.90234375,23
Landuse,object_delete_90pct,5,4,5,0.918319083365111,0.8994140625,23
Landuse,object_delete_90pct,5,5,5,0.9191770655308312,0.900390625,23
Landuse,object_delete_90pct,5,6,5,0.9197778914068229,0.9013671875,23
Landuse,object_delete_90pct,5,7,5,0.9174603174603174,0.8984375,23
Landuse,object_delete_90pct,5,8,5,0.919047619047619,0.900390625,23
Landuse,object_delete_90pct,5,9,5,0.9197778914068229,0.9013671875,23
Landuse,object_delete_90pct,5,0,10,0.9217463305935938,0.9033203125,23
Landuse,object_delete_90pct,5,1,10,0.9217463305935938,0.9033203125,23
Landuse,object_delete_90pct,5,2,10,0.9217463305935938,0.9033203125,23
Landuse,object_delete_90pct,5,3,10,0.9217463305935938,0.9033203125,23
Landuse,object_delete_90pct,5,4,10,0.9217463305935938,0.9033203125,23
Landuse,object_delete_90pct,5,5,10,0.9217463305935938,0.9033203125,23
Landuse,object_delete_90pct,5,6,10,0.9217463305935938,0.9033203125,23
Landuse,object_delete_90pct,5,7,10,0.921021402183697,0.90234375,23
Landuse,object_delete_90pct,5,8,10,0.9217463305935938,0.9033203125,23
Landuse,object_delete_90pct,5,9,10,0.9217463305935938,0.9033203125,23
Landuse,object_delete_90pct,5,0,1000000,0.9217463305935938,0.9033203125,23
Landuse,object_delete_90pct,5,1,1000000,0.9217463305935938,0.9033203125,23
Landuse,object_delete_90pct,5,2,1000000,0.9217463305935938,0.9033203125,23
Landuse,object_delete_90pct,5,3,1000000,0.9217463305935938,0.9033203125,23
Landuse,object_delete_90pct,5,4,1000000,0.9217463305935938,0.9033203125,23
Landuse,object_delete_90pct,5,5,1000000,0.9217463305935938,0.9033203125,23
Landuse,object_delete_90pct,5,6,1000000,0.9217463305935938,0.9033203125,23
Landuse,object_delete_90pct,5,7,1000000,0.9217463305935938,0.9033203125,23
Landuse,object_delete_90pct,5,8,1000000,0.9217463305935938,0.9033203125,23
Landuse,object_delete_90pct,5,9,1000000,0.9217463305935938,0.9033203125,23
Landuse,vertex_delete_50pct,6,0,1,0.7050235199381205,0.654296875,0
Landuse,vertex_delete_50pct,6,1,1,0.7065029172489988,0.6552734375,0
Landuse,vertex_delete_50pct,6,2,1,0.7304174834821295,0.681640625,0
Landuse,vertex_delete_50pct,6,3,1,0.7061301138955713,0.6533203125,0
Landuse,vertex_delete_50pct,6,4,1,0.7208252689952693,0.6748046875,0
Landuse,vertex_delete_50pct,6,5,1,0.6967249711512323,0.6513671875,0
Landuse,vertex_delete_50pct,6,6,1,0.7083728003178741,0.658203125,0
Landuse,vertex_delete_50pct,6,7,1,0.7125648960192569,0.6689453125,0
Landuse,vertex_delete_50pct,6,8,1,0.682611647748641,0.630859375,0
Landuse,vertex_delete_50pct,6,9,1,0.7026380470684137,0.6484375,0
Landuse,vertex_delete_50pct,6,0,3,0.7760442624547552,0.7373046875,0
Landuse,vertex_delete_50pct,6,1,3,0.779992582400195,0.7412109375,0
Landuse,vertex_delete_50pct,6,2,3,0.7755533161038152,0.734375,0
Landuse,vertex_delete_50pct,6,3,3,0.7740632574456626,0.7353515625,0
Landuse,vertex_delete_50pct,6,4,3,0.7815974228215684,0.7451171875,0
Landuse,vertex_delete_50pct,6,5,3,0.7572722974143034,0.7158203125,0
Landuse,vertex_delete_50pct,6,6,3,0.7759705701987263,0.736328125,0
Landuse,vertex_delete_50pct,6,7,3,0.7742509013537323,0.7333984375,0
Landuse,vertex_delete_50pct,6,8,3,0.7505884866124638,0.70703125,0
Landuse,vertex_delete_50pct,6,9,3,0.7609590403862863,0.7177734375,0
Landuse,vertex_delete_50pct,6,0,5,0.8026348171978371,0.763671875,0
Landuse,vertex_delete_50pct,6,1,5,0.7936310007817418,0.7568359375,0
Landuse,vertex_delete_50pct,6,2,5,0.8229441524673763,0.7880859375,0
Landuse,vertex_delete_50pct,6,3,5,0.8238441671958722,0.791015625,0
Landuse,vertex_delete_50pct,6,4,5,0.8323663398128229,0.796875,0
Landuse,vertex_delete_50pct,6,5,5,0.8059548415250044,0.7734375,0
Landuse,vertex_delete_50pct,6,6,5,0.8170214690309027,0.7822265625,0
Landuse,vertex_delete_50pct,6,7,5,0.8010018789148142,0.765625,0
Landuse,vertex_delete_50pct,6,8,5,0.7857242756607673,0.7451171875,0
Landuse,vertex_delete_50pct,6,9,5,0.8137949173840918,0.775390625,0
Landuse,vertex_delete_50pct,6,0,10,0.8809748283632578,0.845703125,0
Landuse,vertex_delete_50pct,6,1,10,0.872391403005181,0.8359375,0
Landuse,vertex_delete_50pct,6,2,10,0.8848168538950832,0.853515625,0
Landuse,vertex_delete_50pct,6,3,10,0.8996465532367599,0.8701171875,0
Landuse,vertex_delete_50pct,6,4,10,0.8819843204181209,0.8515625,0
Landuse,vertex_delete_50pct,6,5,10,0.8830568006208017,0.8515625,0
Landuse,vertex_delete_50pct,6,6,10,0.898108329183637,0.87109375,0
Landuse,vertex_delete_50pct,6,7,10,0.8999529588771308,0.8720703125,0
Landuse,vertex_delete_50pct,6,8,10,0.8811515655780645,0.8515625,0
Landuse,vertex_delete_50pct,6,9,10,0.8853023848582431,0.85546875,0
Landuse,vertex_delete_50pct,6,0,1000000,0.9422037664491533,0.9287109375,0
Landuse,vertex_delete_50pct,6,1,1000000,0.9422037664491533,0.9287109375,0
Landuse,vertex_delete_50pct,6,2,1000000,0.9422037664491533,0.9287109375,0
Landuse,vertex_delete_50pct,6,3,1000000,0.9422037664491533,0.9287109375,0
Landuse,vertex_delete_50pct,6,4,1000000,0.9422037664491533,0.9287109375,0
Landuse,vertex_delete_50pct,6,5,1000000,0.9422037664491533,0.9287109375,0
Landuse,vertex_delete_50pct,6,6,1000000,0.9422037664491533,0.9287109375,0
Landuse,vertex_delete_50pct,6,7,1000000,0.9422037664491533,0.9287109375,0
Landuse,vertex_delete_50pct,6,8,1000000,0.9422037664491533,0.9287109375,0
Landuse,vertex_delete_50pct,6,9,1000000,0.9422037664491533,0.9287109375,0
Landuse,object_delete_90pct,6,0,1,0.82172176564353,0.7880859375,24
Landuse,object_delete_90pct,6,1,1,0.8191244878741141,0.78515625,24
Landuse,object_delete_90pct,6,2,1,0.8266414989585591,0.796875,24
Landuse,object_delete_90pct,6,3,1,0.816766349670605,0.78515625,24
Landuse,object_delete_90pct,6,4,1,0.8124650016351397,0.7783203125,24
Landuse,object_delete_90pct,6,5,1,0.8153057970215792,0.7822265625,24
Landuse,object_delete_90pct,6,6,1,0.8247877550376453,0.7919921875,24
Landuse,object_delete_90pct,6,7,1,0.8160720441317099,0.78125,24
Landuse,object_delete_90pct,6,8,1,0.8181612036157916,0.78515625,24
Landuse,object_delete_90pct,6,9,1,0.8250885132884289,0.7939453125,24
Landuse,object_delete_90pct,6,0,3,0.8865982169276289,0.8603515625,24
Landuse,object_delete_90pct,6,1,3,0.8749073420327761,0.8466796875,24
Landuse,object_delete_90pct,6,2,3,0.88959519721558,0.8642578125,24
Landuse,object_delete_90pct,6,3,3,0.8773929844781189,0.849609375,24
Landuse,object_delete_90pct,6,4,3,0.8814510049022877,0.85546875,24
Landuse,object_delete_90pct,6,5,3,0.8754172325157622,0.84765625,24
Landuse,object_delete_90pct,6,6,3,0.8788623367718993,0.8505859375,24
Landuse,object_delete_90pct,6,7,3,0.886780015481556,0.8603515625,24
Landuse,object_delete_90pct,6,8,3,0.8851964797396247,0.8583984375,24
Landuse,object_delete_90pct,6,9,3,0.8889118929620514,0.8642578125,24
Landuse,object_delete_90pct,6,0,5,0.8934871726729446,0.8671875,24
Landuse,object_delete_90pct,6,1,5,0.8995833601328236,0.875,24
Landuse,object_delete_90pct,6,2,5,0.8966222153840778,0.87109375,24
Landuse,object_delete_90pct,6,3,5,0.8983676707669788,0.873046875,24
Landuse,object_delete_90pct,6,4,5,0.8976752871028356,0.8720703125,24
Landuse,object_delete_90pct,6,5,5,0.8959290400076505,0.8701171875,24
Landuse,object_delete_90pct,6,6,5,0.8981897367396443,0.873046875,24
Landuse,object_delete_90pct,6,7,5,0.8976752871028356,0.8720703125,24
Landuse,object_delete_90pct,6,8,5,0.894873499608568,0.869140625,24
Landuse,object_delete_90pct,6,9,5,0.8964434531166532,0.87109375,24
Landuse,object_delete_90pct,6,0,10,0.8976752871028356,0.8720703125,24
Landuse,object_delete_90pct,6,1,10,0.8976752871028356,0.8720703125,24
Landuse,object_delete_90pct,6,2,10,0.8976752871028356,0.8720703125,24
Landuse,object_delete_90pct,6,3,10,0.8976752871028356,0.8720703125,24
Landuse,object_delete_90pct,6,4,10,0.8976752871028356,0.8720703125,24
Landuse,object_delete_90pct,6,5,10,0.8976752871028356,0.8720703125,24
Landuse,object_delete_90pct,6,6,10,0.8976752871028356,0.8720703125,24
Landuse,object_delete_90pct,6,7,10,0.8976752871028356,0.8720703125,24
Landuse,object_delete_90pct,6,8,10,0.8976752871028356,0.8720703125,24
Landuse,object_delete_90pct,6,9,10,0.8969845018623213,0.87109375,24
Landuse,object_delete_90pct,6,0,1000000,0.8976752871028356,0.8720703125,24
Landuse,object_delete_90pct,6,1,1000000,0.8976752871028356,0.8720703125,24
Landuse,object_delete_90pct,6,2,1000000,0.8976752871028356,0.8720703125,24
Landuse,object_delete_90pct,6,3,1000000,0.8976752871028356,0.8720703125,24
Landuse,object_delete_90pct,6,4,1000000,0.8976752871028356,0.8720703125,24
Landuse,object_delete_90pct,6,5,1000000,0.8976752871028356,0.8720703125,24
Landuse,object_delete_90pct,6,6,1000000,0.8976752871028356,0.8720703125,24
Landuse,object_delete_90pct,6,7,1000000,0.8976752871028356,0.8720703125,24
Landuse,object_delete_90pct,6,8,1000000,0.8976752871028356,0.8720703125,24
Landuse,object_delete_90pct,6,9,1000000,0.8976752871028356,0.8720703125,24
Landuse,vertex_delete_50pct,7,0,1,0.7046126749613673,0.6630859375,0
Landuse,vertex_delete_50pct,7,1,1,0.7183678181568501,0.67578125,0
Landuse,vertex_delete_50pct,7,2,1,0.7112514112231818,0.6669921875,0
Landuse,vertex_delete_50pct,7,3,1,0.71088923026886,0.662109375,0
Landuse,vertex_delete_50pct,7,4,1,0.7304067613641284,0.6845703125,0
Landuse,vertex_delete_50pct,7,5,1,0.7054559350090583,0.666015625,0
Landuse,vertex_delete_50pct,7,6,1,0.7275767066809562,0.6796875,0
Landuse,vertex_delete_50pct,7,7,1,0.7115546717590162,0.6708984375,0
Landuse,vertex_delete_50pct,7,8,1,0.6883404172809628,0.64453125,0
Landuse,vertex_delete_50pct,7,9,1,0.694083338300329,0.642578125,0
Landuse,vertex_delete_50pct,7,0,3,0.7780206941684108,0.7392578125,0
Landuse,vertex_delete_50pct,7,1,3,0.7666103960708942,0.724609375,0
Landuse,vertex_delete_50pct,7,2,3,0.7928110877906357,0.7548828125,0
Landuse,vertex_delete_50pct,7,3,3,0.7767319402702011,0.73828125,0
Landuse,vertex_delete_50pct,7,4,3,0.7744502841566949,0.736328125,0
Landuse,vertex_delete_50pct,7,5,3,0.783154565733543,0.74609375,0
Landuse,vertex_delete_50pct,7,6,3,0.7818787152729159,0.7421875,0
Landuse,vertex_delete_50pct,7,7,3,0.7622388911744455,0.7255859375,0
Landuse,vertex_delete_50pct,7,8,3,0.7850033285756792,0.7431640625,0
Landuse,vertex_delete_50pct,7,9,3,0.7680292629618652,0.728515625,0
Landuse,vertex_delete_50pct,7,0,5,0.8232743238100517,0.79296875,0
Landuse,vertex_delete_50pct,7,1,5,0.8182235610872907,0.787109375,0
Landuse,vertex_delete_50pct,7,2,5,0.8219749650953755,0.7900390625,0
Landuse,vertex_delete_50pct,7,3,5,0.8259638264848215,0.79296875,0
Landuse,vertex_delete_50pct,7,4,5,0.7954540901914662,0.759765625,0
Landuse,vertex_delete_50pct,7,5,5,0.811983499734718,0.7802734375,0
Landuse,vertex_delete_50pct,7,6,5,0.8300198675933289,0.798828125,0
Landuse,vertex_delete_50pct,7,7,5,0.8186686897345941,0.7841796875,0
Landuse,vertex_delete_50pct,7,8,5,0.799960457702074,0.765625,0
Landuse,vertex_delete_50pct,7,9,5,0.8291578827612073,0.798828125,0
Landuse,vertex_delete_50pct,7,0,10,0.8939423277393705,0.8662109375,0
Landuse,vertex_delete_50pct,7,1,10,0.8812986140798421,0.8486328125,0
Landuse,vertex_delete_50pct,7,2,10,0.9041027593307351,0.8798828125,0
Landuse,vertex_delete_50pct,7,3,10,0.895407245384729,0.8671875,0
Landuse,vertex_delete_50pct,7,4,10,0.8872359890086654,0.8564453125,0
Landuse,vertex_delete_50pct,7,5,10,0.8808583858438858,0.849609375,0
Landuse,vertex_delete_50pct,7,6,10,0.8943361783117127,0.8662109375,0
Landuse,vertex_delete_50pct,7,7,10,0.8782011900888514,0.845703125,0
Landuse,vertex_delete_50pct,7,8,10,0.888776329267361,0.8583984375,0
Landuse,vertex_delete_50pct,7,9,10,0.8942372228158392,0.8671875,0
Landuse,vertex_delete_50pct,7,0,1000000,0.9497354911348205,0.9384765625,0
Landuse,vertex_delete_50pct,7,1,1000000,0.9497354911348205,0.9384765625,0
Landuse,vertex_delete_50pct,7,2,1000000,0.9497354911348205,0.9384765625,0
Landuse,vertex_delete_50pct,7,3,1000000,0.9497354911348205,0.9384765625,0
Landuse,vertex_delete_50pct,7,4,1000000,0.9497354911348205,0.9384765625,0
Landuse,vertex_delete_50pct,7,5,1000000,0.9497354911348205,0.9384765625,0
Landuse,vertex_delete_50pct,7,6,1000000,0.9497354911348205,0.9384765625,0
Landuse,vertex_delete_50pct,7,7,1000000,0.9497354911348205,0.9384765625,0
Landuse,vertex_delete_50pct,7,8,1000000,0.9497354911348205,0.9384765625,0
Landuse,vertex_delete_50pct,7,9,1000000,0.9497354911348205,0.9384765625,0
Landuse,object_delete_90pct,7,0,1,0.8350907615429053,0.8017578125,18
Landuse,object_delete_90pct,7,1,1,0.8379144807799166,0.80859375,18
Landuse,object_delete_90pct,7,2,1,0.8177206745238951,0.783203125,18
Landuse,object_delete_90pct,7,3,1,0.8308295720409677,0.80078125,18
Landuse,object_delete_90pct,7,4,1,0.8479968959491618,0.818359375,18
Landuse,object_delete_90pct,7,5,1,0.8422449371286254,0.8125,18
Landuse,object_delete_90pct,7,6,1,0.8464379019766697,0.814453125,18
Landuse,object_delete_90pct,7,7,1,0.816982446237566,0.783203125,18
Landuse,object_delete_90pct,7,8,1,0.8358556088379331,0.8046875,18
Landuse,object_delete_90pct,7,9,1,0.8359347034445197,0.8056640625,18
Landuse,object_delete_90pct,7,0,3,0.904620129194066,0.8837890625,18
Landuse,object_delete_90pct,7,1,3,0.8966625004272396,0.873046875,18
Landuse,object_delete_90pct,7,2,3,0.9026037783274716,0.8818359375,18
Landuse,object_delete_90pct,7,3,3,0.9042155707887707,0.8837890625,18
Landuse,object_delete_90pct,7,4,3,0.9036117202339223,0.8828125,18
Landuse,object_delete_90pct,7,5,3,0.8935494661804818,0.8701171875,18
Landuse,object_delete_90pct,7,6,3,0.9027392994845401,0.8818359375,18
Landuse,object_delete_90pct,7,7,3,0.897911816599596,0.8759765625,18
Landuse,object_delete_90pct,7,8,3,0.9001170884022388,0.87890625,18
Landuse,object_delete_90pct,7,9,3,0.9028767776802551,0.8818359375,18
Landuse,object_delete_90pct,7,0,5,0.916733040043237,0.8974609375,18
Landuse,object_delete_90pct,7,1,5,0.9125607717114105,0.892578125,18
Landuse,object_delete_90pct,7,2,5,0.9134236399981401,0.8935546875,18
Landuse,object_delete_90pct,7,3,5,0.9142857142857143,0.89453125,18
Landuse,object_delete_90pct,7,4,5,0.9118350771459696,0.8916015625,18
Landuse,object_delete_90pct,7,5,5,0.9150122028503108,0.8955078125,18
Landuse,object_delete_90pct,7,6,5,0.9124250092667189,0.892578125,18
Landuse,object_delete_90pct,7,7,5,0.9145615414388276,0.89453125,18
Landuse,object_delete_90pct,7,8,5,0.9116971072687144,0.8916015625,18
Landuse,object_delete_90pct,7,9,5,0.9125607717114105,0.892578125,18
Landuse,object_delete_90pct,7,0,10,0.9177261142465745,0.8984375,18
Landuse,object_delete_90pct,7,1,10,0.9177261142465745,0.8984375,18
Landuse,object_delete_90pct,7,2,10,0.9177261142465745,0.8984375,18
Landuse,object_delete_90pct,7,3,10,0.9177261142465745,0.8984375,18
Landuse,object_delete_90pct,7,4,10,0.9177261142465745,0.8984375,18
Landuse,object_delete_90pct,7,5,10,0.9177261142465745,0.8984375,18
Landuse,object_delete_90pct,7,6,10,0.9177261142465745,0.8984375,18
Landuse,object_delete_90pct,7,7,10,0.9177261142465745,0.8984375,18
Landuse,object_delete_90pct,7,8,10,0.9177261142465745,0.8984375,18
Landuse,object_delete_90pct,7,9,10,0.9177261142465745,0.8984375,18
Landuse,object_delete_90pct,7,0,1000000,0.9177261142465745,0.8984375,18
Landuse,object_delete_90pct,7,1,1000000,0.9177261142465745,0.8984375,18
Landuse,object_delete_90pct,7,2,1000000,0.9177261142465745,0.8984375,18
Landuse,object_delete_90pct,7,3,1000000,0.9177261142465745,0.8984375,18
Landuse,object_delete_90pct,7,4,1000000,0.9177261142465745,0.8984375,18
Landuse,object_delete_90pct,7,5,1000000,0.9177261142465745,0.8984375,18
Landuse,object_delete_90pct,7,6,1000000,0.9177261142465745,0.8984375,18
Landuse,object_delete_90pct,7,7,1000000,0.9177261142465745,0.8984375,18
Landuse,object_delete_90pct,7,8,1000000,0.9177261142465745,0.8984375,18
Landuse,object_delete_90pct,7,9,1000000,0.9177261142465745,0.8984375,18
Landuse,vertex_delete_50pct,8,0,1,0.6902972430186551,0.6435546875,0
Landuse,vertex_delete_50pct,8,1,1,0.701293708439678,0.658203125,0
Landuse,vertex_delete_50pct,8,2,1,0.7194164815579036,0.6767578125,0
Landuse,vertex_delete_50pct,8,3,1,0.7073232802503385,0.6572265625,0
Landuse,vertex_delete_50pct,8,4,1,0.7278258106736746,0.6806640625,0
Landuse,vertex_delete_50pct,8,5,1,0.7109255674505409,0.6640625,0
Landuse,vertex_delete_50pct,8,6,1,0.7150649601186292,0.6708984375,0
Landuse,vertex_delete_50pct,8,7,1,0.73447854101657,0.6943359375,0
Landuse,vertex_delete_50pct,8,8,1,0.6937510511006069,0.640625,0
Landuse,vertex_delete_50pct,8,9,1,0.7413944691263895,0.6943359375,0
Landuse,vertex_delete_50pct,8,0,3,0.7774881721423106,0.7353515625,0
Landuse,vertex_delete_50pct,8,1,3,0.7685897917685472,0.7255859375,0
Landuse,vertex_delete_50pct,8,2,3,0.7768245030737397,0.734375,0
Landuse,vertex_delete_50pct,8,3,3,0.7709062690446925,0.7265625,0
Landuse,vertex_delete_50pct,8,4,3,0.780747625670795,0.73828125,0
Landuse,vertex_delete_50pct,8,5,3,0.7670313898681301,0.7275390625,0
Landuse,vertex_delete_50pct,8,6,3,0.755283284357414,0.7119140625,0
Landuse,vertex_delete_50pct,8,7,3,0.7713280430357793,0.7314453125,0
Landuse,vertex_delete_50pct,8,8,3,0.76794046993983,0.7236328125,0
Landuse,vertex_delete_50pct,8,9,3,0.7728737063634263,0.7294921875,0
Landuse,vertex_delete_50pct,8,0,5,0.8305254781626401,0.7998046875,0
Landuse,vertex_delete_50pct,8,1,5,0.8234182936259017,0.7919921875,0
Landuse,vertex_delete_50pct,8,2,5,0.8136681158268659,0.779296875,0
Landuse,vertex_delete_50pct,8,3,5,0.8094775225629687,0.7734375,0
Landuse,vertex_delete_50pct,8,4,5,0.8075642632468585,0.771484375,0
Landuse,vertex_delete_50pct,8,5,5,0.8110786770915094,0.7734375,0
Landuse,vertex_delete_50pct,8,6,5,0.810284075919022,0.77734375,0
Landuse,vertex_delete_50pct,8,7,5,0.8139840098933958,0.7783203125,0
Landuse,vertex_delete_50pct,8,8,5,0.8067194991359427,0.76953125,0
Landuse,vertex_delete_50pct,8,9,5,0.8105392885134799,0.7734375,0
Landuse,vertex_delete_50pct,8,0,10,0.9010990513369258,0.8740234375,0
Landuse,vertex_delete_50pct,8,1,10,0.8975485215020362,0.869140625,0
Landuse,vertex_delete_50pct,8,2,10,0.8963893736674994,0.8662109375,0
Landuse,vertex_delete_50pct,8,3,10,0.903148665753156,0.875,0
Landuse,vertex_delete_50pct,8,4,10,0.8923903445314897,0.8642578125,0
Landuse,vertex_delete_50pct,8,5,10,0.8955207209410516,0.865234375,0
Landuse,vertex_delete_50pct,8,6,10,0.9015193111879696,0.8759765625,0
Landuse,vertex_delete_50pct,8,7,10,0.8815238880468824,0.8486328125,0
Landuse,vertex_delete_50pct,8,8,10,0.8846304284920854,0.8544921875,0
Landuse,vertex_delete_50pct,8,9,10,0.889202667559486,0.8583984375,0
Landuse,vertex_delete_50pct,8,0,1000000,0.947877943928333,0.935546875,0
Landuse,vertex_delete_50pct,8,1,1000000,0.947877943928333,0.935546875,0
Landuse,vertex_delete_50pct,8,2,1000000,0.947877943928333,0.935546875,0
Landuse,vertex_delete_50pct,8,3,1000000,0.947877943928333,0.935546875,0
Landuse,vertex_delete_50pct,8,4,1000000,0.947877943928333,0.935546875,0
Landuse,vertex_delete_50pct,8,5,1000000,0.947877943928333,0.935546875,0
Landuse,vertex_delete_50pct,8,6,1000000,0.947877943928333,0.935546875,0
Landuse,vertex_delete_50pct,8,7,1000000,0.947877943928333,0.935546875,0
Landuse,vertex_delete_50pct,8,8,1000000,0.947877943928333,0.935546875,0
Landuse,vertex_delete_50pct,8,9,1000000,0.947877943928333,0.935546875,0
Landuse,object_delete_90pct,8,0,1,0.8169221720855951,0.787109375,55
Landuse,object_delete_90pct,8,1,1,0.8156526711555556,0.78515625,55
Landuse,object_delete_90pct,8,2,1,0.8296097006054028,0.80078125,55
Landuse,object_delete_90pct,8,3,1,0.8315236081290509,0.8046875,55
Landuse,object_delete_90pct,8,4,1,0.8339289997275482,0.8056640625,55
Landuse,object_delete_90pct,8,5,1,0.8201220343165886,0.791015625,55
Landuse,object_delete_90pct,8,6,1,0.8250801157425414,0.7958984375,55
Landuse,object_delete_90pct,8,7,1,0.8169221720855951,0.787109375,55
Landuse,object_delete_90pct,8,8,1,0.8163924923245711,0.7861328125,55
Landuse,object_delete_90pct,8,9,1,0.8256160574069275,0.7978515625,55
Landuse,object_delete_90pct,8,0,3,0.883036021085903,0.859375,55
Landuse,object_delete_90pct,8,1,3,0.881100135376037,0.857421875,55
Landuse,object_delete_90pct,8,2,3,0.877579054236434,0.8525390625,55
Landuse,object_delete_90pct,8,3,3,0.8808293470299022,0.8564453125,55
Landuse,object_delete_90pct,8,4,3,0.8865926413116155,0.86328125,55
Landuse,object_delete_90pct,8,5,3,0.8837752728027226,0.8603515625,55
Landuse,object_delete_90pct,8,6,3,0.8837752728027226,0.8603515625,55
Landuse,object_delete_90pct,8,7,3,0.8854058544868604,0.8623046875,55
Landuse,object_delete_90pct,8,8,3,0.8833335993784783,0.8603515625,55
Landuse,object_delete_90pct,8,9,3,0.8905802254103071,0.8681640625,55
Landuse,object_delete_90pct,8,0,5,0.8970346301622605,0.875,55
Landuse,object_delete_90pct,8,1,5,0.8977684009435745,0.8759765625,55
Landuse,object_delete_90pct,8,2,5,0.8970346301622605,0.875,55
Landuse,object_delete_90pct,8,3,5,0.8968908622789332,0.875,55
Landuse,object_delete_90pct,8,4,5,0.898645105261295,0.876953125,55
Landuse,object_delete_90pct,8,5,5,0.8977684009435745,0.8759765625,55
Landuse,object_delete_90pct,8,6,5,0.8977684009435745,0.8759765625,55
Landuse,object_delete_90pct,8,7,5,0.8977684009435745,0.8759765625,55
Landuse,object_delete_90pct,8,8,5,0.8968908622789332,0.875,55
Landuse,object_delete_90pct,8,9,5,0.8977684009435745,0.8759765625,55
Landuse,object_delete_90pct,8,0,10,0.898645105261295,0.876953125,55
Landuse,object_delete_90pct,8,1,10,0.898645105261295,0.876953125,55
Landuse,object_delete_90pct,8,2,10,0.898645105261295,0.876953125,55
Landuse,object_delete_90pct,8,3,10,0.898645105261295,0.876953125,55
Landuse,object_delete_90pct,8,4,10,0.898645105261295,0.876953125,55
Landuse,object_delete_90pct,8,5,10,0.898645105261295,0.876953125,55
Landuse,object_delete_90pct,8,6,10,0.898645105261295,0.876953125,55
Landuse,object_delete_90pct,8,7,10,0.898645105261295,0.876953125,55
Landuse,object_delete_90pct,8,8,10,0.898645105261295,0.876953125,55
Landuse,object_delete_90pct,8,9,10,0.898645105261295,0.876953125,55
Landuse,object_delete_90pct,8,0,1000000,0.898645105261295,0.876953125,55
Landuse,object_delete_90pct,8,1,1000000,0.898645105261295,0.876953125,55
Landuse,object_delete_90pct,8,2,1000000,0.898645105261295,0.876953125,55
Landuse,object_delete_90pct,8,3,1000000,0.898645105261295,0.876953125,55
Landuse,object_delete_90pct,8,4,1000000,0.898645105261295,0.876953125,55
Landuse,object_delete_90pct,8,5,1000000,0.898645105261295,0.876953125,55
Landuse,object_delete_90pct,8,6,1000000,0.898645105261295,0.876953125,55
Landuse,object_delete_90pct,8,7,1000000,0.898645105261295,0.876953125,55
Landuse,object_delete_90pct,8,8,1000000,0.898645105261295,0.876953125,55
Landuse,object_delete_90pct,8,9,1000000,0.898645105261295,0.876953125,55
Landuse,vertex_delete_50pct,9,0,1,0.6945826766739849,0.6494140625,0
Landuse,vertex_delete_50pct,9,1,1,0.7180157028847648,0.669921875,0
Landuse,vertex_delete_50pct,9,2,1,0.7236990118414283,0.6796875,0
Landuse,vertex_delete_50pct,9,3,1,0.6761321148610481,0.6279296875,0
Landuse,vertex_delete_50pct,9,4,1,0.7039710372159766,0.6533203125,0
Landuse,vertex_delete_50pct,9,5,1,0.7008075154127948,0.65625,0
Landuse,vertex_delete_50pct,9,6,1,0.6935591320220836,0.64453125,0
Landuse,vertex_delete_50pct,9,7,1,0.68269929194425,0.640625,0
Landuse,vertex_delete_50pct,9,8,1,0.6901676448239317,0.640625,0
Landuse,vertex_delete_50pct,9,9,1,0.7129769339439449,0.662109375,0
Landuse,vertex_delete_50pct,9,0,3,0.7662734781574764,0.7236328125,0
Landuse,vertex_delete_50pct,9,1,3,0.7754418217745789,0.7373046875,0
Landuse,vertex_delete_50pct,9,2,3,0.774856284327078,0.732421875,0
Landuse,vertex_delete_50pct,9,3,3,0.7743681409375743,0.7353515625,0
Landuse,vertex_delete_50pct,9,4,3,0.7606304894205752,0.7197265625,0
Landuse,vertex_delete_50pct,9,5,3,0.7646177866361465,0.72265625,0
Landuse,vertex_delete_50pct,9,6,3,0.7545964152042005,0.7119140625,0
Landuse,vertex_delete_50pct,9,7,3,0.7556530091791755,0.716796875,0
Landuse,vertex_delete_50pct,9,8,3,0.7603663568221773,0.71484375,0
Landuse,vertex_delete_50pct,9,9,3,0.7649606054374503,0.7236328125,0
Landuse,vertex_delete_50pct,9,0,5,0.8093970938113603,0.7744140625,0
Landuse,vertex_delete_50pct,9,1,5,0.8043956527218349,0.7744140625,0
Landuse,vertex_delete_50pct,9,2,5,0.8377196442045202,0.806640625,0
Landuse,vertex_delete_50pct,9,3,5,0.815974524236931,0.779296875,0
Landuse,vertex_delete_50pct,9,4,5,0.8108671845689315,0.775390625,0
Landuse,vertex_delete_50pct,9,5,5,0.7921249681573155,0.75390625,0
Landuse,vertex_delete_50pct,9,6,5,0.7971287303813429,0.76171875,0
Landuse,vertex_delete_50pct,9,7,5,0.8184469388674581,0.787109375,0
Landuse,vertex_delete_50pct,9,8,5,0.8066806001966272,0.7744140625,0
Landuse,vertex_delete_50pct,9,9,5,0.8219539418536161,0.7890625,0
Landuse,vertex_delete_50pct,9,0,10,0.8768705124526811,0.8447265625,0
Landuse,vertex_delete_50pct,9,1,10,0.880192375564621,0.84765625,0
Landuse,vertex_delete_50pct,9,2,10,0.9010184901136198,0.873046875,0
Landuse,vertex_delete_50pct,9,3,10,0.8808696958320672,0.84765625,0
Landuse,vertex_delete_50pct,9,4,10,0.8832753611182625,0.8515625,0
Landuse,vertex_delete_50pct,9,5,10,0.8848415982041056,0.8515625,0
Landuse,vertex_delete_50pct,9,6,10,0.8967547363583342,0.869140625,0
Landuse,vertex_delete_50pct,9,7,10,0.8878927761289472,0.85546875,0
Landuse,vertex_delete_50pct,9,8,10,0.8742168736768033,0.8427734375,0
Landuse,vertex_delete_50pct,9,9,10,0.8865736253560516,0.85546875,0
Landuse,vertex_delete_50pct,9,0,1000000,0.9465830042156109,0.93359375,0
Landuse,vertex_delete_50pct,9,1,1000000,0.9465830042156109,0.93359375,0
Landuse,vertex_delete_50pct,9,2,1000000,0.9465830042156109,0.93359375,0
Landuse,vertex_delete_50pct,9,3,1000000,0.9465830042156109,0.93359375,0
Landuse,vertex_delete_50pct,9,4,1000000,0.9465830042156109,0.93359375,0
Landuse,vertex_delete_50pct,9,5,1000000,0.9465830042156109,0.93359375,0
Landuse,vertex_delete_50pct,9,6,1000000,0.9465830042156109,0.93359375,0
Landuse,vertex_delete_50pct,9,7,1000000,0.9465830042156109,0.93359375,0
Landuse,vertex_delete_50pct,9,8,1000000,0.9465830042156109,0.93359375,0
Landuse,vertex_delete_50pct,9,9,1000000,0.9465830042156109,0.93359375,0
Landuse,object_delete_90pct,9,0,1,0.8237298568529752,0.794921875,58
Landuse,object_delete_90pct,9,1,1,0.8237298568529752,0.794921875,58
Landuse,object_delete_90pct,9,2,1,0.8265653828363011,0.798828125,58
Landuse,object_delete_90pct,9,3,1,0.8079764092013316,0.779296875,58
Landuse,object_delete_90pct,9,4,1,0.8209497624131247,0.791015625,58
Landuse,object_delete_90pct,9,5,1,0.8199200616907878,0.791015625,58
Landuse,object_delete_90pct,9,6,1,0.8245408022310318,0.794921875,58
Landuse,object_delete_90pct,9,7,1,0.8220273233961092,0.791015625,58
Landuse,object_delete_90pct,9,8,1,0.8307507472763973,0.8017578125,58
Landuse,object_delete_90pct,9,9,1,0.8284685351090405,0.7998046875,58
Landuse,object_delete_90pct,9,0,3,0.8873299326168388,0.8642578125,58
Landuse,object_delete_90pct,9,1,3,0.8923469810514251,0.8701171875,58
Landuse,object_delete_90pct,9,2,3,0.8932290826267621,0.87109375,58
Landuse,object_delete_90pct,9,3,3,0.8885170328588751,0.865234375,58
Landuse,object_delete_90pct,9,4,3,0.8854386883594911,0.861328125,58
Landuse,object_delete_90pct,9,5,3,0.8919017444789035,0.869140625,58
Landuse,object_delete_90pct,9,6,3,0.889840233404332,0.8671875,58
Landuse,object_delete_90pct,9,7,3,0.8865926413116155,0.86328125,58
Landuse,object_delete_90pct,9,8,3,0.8904379075321037,0.8681640625,58
Landuse,object_delete_90pct,9,9,3,0.8939694301078822,0.8720703125,58
Landuse,object_delete_90pct,9,0,5,0.9021436254865286,0.880859375,58
Landuse,object_delete_90pct,9,1,5,0.897911816599596,0.8759765625,58
Landuse,object_delete_90pct,9,2,5,0.9012702353712154,0.8798828125,58
Landuse,object_delete_90pct,9,3,5,0.8998083199962251,0.8779296875,58
Landuse,object_delete_90pct,9,4,5,0.9031575249566159,0.8818359375,58
Landuse,object_delete_90pct,9,5,5,0.8980571507531362,0.8759765625,58
Landuse,object_delete_90pct,9,6,5,0.8977684009435745,0.8759765625,58
Landuse,object_delete_90pct,9,7,5,0.8971803200899087,0.875,58
Landuse,object_delete_90pct,9,8,5,0.8998083199962251,0.8779296875,58
Landuse,object_delete_90pct,9,9,5,0.9003960201619156,0.87890625,58
Landuse,object_delete_90pct,9,0,10,0.9024288781861604,0.880859375,58
Landuse,object_delete_90pct,9,1,10,0.9024288781861604,0.880859375,58
Landuse,object_delete_90pct,9,2,10,0.9024288781861604,0.880859375,58
Landuse,object_delete_90pct,9,3,10,0.9024288781861604,0.880859375,58
Landuse,object_delete_90pct,9,4,10,0.9024288781861604,0.880859375,58
Landuse,object_delete_90pct,9,5,10,0.9024288781861604,0.880859375,58
Landuse,object_delete_90pct,9,6,10,0.9024288781861604,0.880859375,58
Landuse,object_delete_90pct,9,7,10,0.9024288781861604,0.880859375,58
Landuse,object_delete_90pct,9,8,10,0.9024288781861604,0.880859375,58
Landuse,object_delete_90pct,9,9,10,0.9024288781861604,0.880859375,58
Landuse,object_delete_90pct,9,0,1000000,0.9024288781861604,0.880859375,58
Landuse,object_delete_90pct,9,1,1000000,0.9024288781861604,0.880859375,58
Landuse,object_delete_90pct,9,2,1000000,0.9024288781861604,0.880859375,58
Landuse,object_delete_90pct,9,3,1000000,0.9024288781861604,0.880859375,58
Landuse,object_delete_90pct,9,4,1000000,0.9024288781861604,0.880859375,58
Landuse,object_delete_90pct,9,5,1000000,0.9024288781861604,0.880859375,58
Landuse,object_delete_90pct,9,6,1000000,0.9024288781861604,0.880859375,58
Landuse,object_delete_90pct,9,7,1000000,0.9024288781861604,0.880859375,58
Landuse,object_delete_90pct,9,8,1000000,0.9024288781861604,0.880859375,58
Landuse,object_delete_90pct,9,9,1000000,0.9024288781861604,0.880859375,58
Landuse,vertex_delete_50pct,10,0,1,0.6791093002134259,0.6318359375,0
Landuse,vertex_delete_50pct,10,1,1,0.704794193760409,0.6552734375,0
Landuse,vertex_delete_50pct,10,2,1,0.708238564317974,0.6630859375,0
Landuse,vertex_delete_50pct,10,3,1,0.7225240295326142,0.671875,0
Landuse,vertex_delete_50pct,10,4,1,0.7026746191733315,0.6552734375,0
Landuse,vertex_delete_50pct,10,5,1,0.6948800477116487,0.64453125,0
Landuse,vertex_delete_50pct,10,6,1,0.6758131842648619,0.6259765625,0
Landuse,vertex_delete_50pct,10,7,1,0.6881386901635873,0.6455078125,0
Landuse,vertex_delete_50pct,10,8,1,0.698216652269547,0.650390625,0
Landuse,vertex_delete_50pct,10,9,1,0.7183449056978183,0.6728515625,0
Landuse,vertex_delete_50pct,10,0,3,0.7637767599710125,0.7255859375,0
Landuse,vertex_delete_50pct,10,1,3,0.7674769865120559,0.7294921875,0
Landuse,vertex_delete_50pct,10,2,3,0.7736234965603533,0.7333984375,0
Landuse,vertex_delete_50pct,10,3,3,0.7723204472493503,0.732421875,0
Landuse,vertex_delete_50pct,10,4,3,0.7852532418474668,0.7490234375,0
Landuse,vertex_delete_50pct,10,5,3,0.7400148163274699,0.6982421875,0
Landuse,vertex_delete_50pct,10,6,3,0.784607794129902,0.74609375,0
Landuse,vertex_delete_50pct,10,7,3,0.7705658867263103,0.7333984375,0
Landuse,vertex_delete_50pct,10,8,3,0.7742509013537323,0.7333984375,0
Landuse,vertex_delete_50pct,10,9,3,0.7720913914254919,0.736328125,0
Landuse,vertex_delete_50pct,10,0,5,0.8174730272130776,0.783203125,0
Landuse,vertex_delete_50pct,10,1,5,0.8047495995435464,0.7724609375,0
Landuse,vertex_delete_50pct,10,2,5,0.8029319676658445,0.767578125,0
Landuse,vertex_delete_50pct,10,3,5,0.8079294695392834,0.7734375,0
Landuse,vertex_delete_50pct,10,4,5,0.8031181359157789,0.7685546875,0
Landuse,vertex_delete_50pct,10,5,5,0.7997718103494631,0.7646484375,0
Landuse,vertex_delete_50pct,10,6,5,0.8198497637473576,0.7880859375,0
Landuse,vertex_delete_50pct,10,7,5,0.8010018789148142,0.765625,0
Landuse,vertex_delete_50pct,10,8,5,0.8022310229947747,0.7666015625,0
Landuse,vertex_delete_50pct,10,9,5,0.803634752892436,0.7685546875,0
Landuse,vertex_delete_50pct,10,0,10,0.889024092079383,0.859375,0
Landuse,vertex_delete_50pct,10,1,10,0.8813128438682392,0.8505859375,0
Landuse,vertex_delete_50pct,10,2,10,0.8844215311481977,0.8544921875,0
Landuse,vertex_delete_50pct,10,3,10,0.8941795301365223,0.8681640625,0
Landuse,vertex_delete_50pct,10,4,10,0.8788732646141769,0.84765625,0
Landuse,vertex_delete_50pct,10,5,10,0.8838013701574939,0.8564453125,0
Landuse,vertex_delete_50pct,10,6,10,0.887023732068142,0.859375,0
Landuse,vertex_delete_50pct,10,7,10,0.8804105284764093,0.8486328125,0
Landuse,vertex_delete_50pct,10,8,10,0.8883554014303664,0.8583984375,0
Landuse,vertex_delete_50pct,10,9,10,0.8694019261268762,0.833984375,0
Landuse,vertex_delete_50pct,10,0,1000000,0.9347181159503735,0.919921875,0
Landuse,vertex_delete_50pct,10,1,1000000,0.9347181159503735,0.919921875,0
Landuse,vertex_delete_50pct,10,2,1000000,0.9347181159503735,0.919921875,0
Landuse,vertex_delete_50pct,10,3,1000000,0.9347181159503735,0.919921875,0
Landuse,vertex_delete_50pct,10,4,1000000,0.9347181159503735,0.919921875,0
Landuse,vertex_delete_50pct,10,5,1000000,0.9347181159503735,0.919921875,0
Landuse,vertex_delete_50pct,10,6,1000000,0.9347181159503735,0.919921875,0
Landuse,vertex_delete_50pct,10,7,1000000,0.9347181159503735,0.919921875,0
Landuse,vertex_delete_50pct,10,8,1000000,0.9347181159503735,0.919921875,0
Landuse,vertex_delete_50pct,10,9,1000000,0.9347181159503735,0.919921875,0
Landuse,object_delete_90pct,10,0,1,0.8312993333968599,0.802734375,19
Landuse,object_delete_90pct,10,1,1,0.8263279079701822,0.7958984375,19
Landuse,object_delete_90pct,10,2,1,0.8363846370732675,0.8076171875,19
Landuse,object_delete_90pct,10,3,1,0.8309506723571409,0.8017578125,19
Landuse,object_delete_90pct,10,4,1,0.8314646378209264,0.80078125,19
Landuse,object_delete_90pct,10,5,1,0.8460798332573981,0.8173828125,19
Landuse,object_delete_90pct,10,6,1,0.8311525215522841,0.8017578125,19
Landuse,object_delete_90pct,10,7,1,0.8356433051958901,0.80859375,19
Landuse,object_delete_90pct,10,8,1,0.8311058419481324,0.802734375,19
Landuse,object_delete_90pct,10,9,1,0.8295853109908518,0.798828125,19
Landuse,object_delete_90pct,10,0,3,0.8916079772136464,0.869140625,19
Landuse,object_delete_90pct,10,1,3,0.8903467799217704,0.8662109375,19
Landuse,object_delete_90pct,10,2,3,0.9062240655933462,0.8857421875,19
Landuse,object_delete_90pct,10,3,3,0.901596328658022,0.880859375,19
Landuse,object_delete_90pct,10,4,3,0.8977684009435745,0.8759765625,19
Landuse,object_delete_90pct,10,5,3,0.8982043835969449,0.8759765625,19
Landuse,object_delete_90pct,10,6,3,0.8980571507531362,0.8759765625,19
Landuse,object_delete_90pct,10,7,3,0.8976269238408823,0.8759765625,19
Landuse,object_delete_90pct,10,8,3,0.8992413607542652,0.8779296875,19
Landuse,object_delete_90pct,10,9,3,0.8960286733763294,0.873046875,19
Landuse,object_delete_90pct,10,0,5,0.9199051266869852,0.9013671875,19
Landuse,object_delete_90pct,10,1,5,0.920165290575423,0.9013671875,19
Landuse,object_delete_90pct,10,2,5,0.9151469967213628,0.8955078125,19
Landuse,object_delete_90pct,10,3,5,0.9160074894427939,0.896484375,19
Landuse,object_delete_90pct,10,4,5,0.9185842505572521,0.8994140625,19
Landuse,object_delete_90pct,10,5,5,0.9199051266869852,0.9013671875,19
Landuse,object_delete_90pct,10,6,5,0.9202981814972309,0.9013671875,19
Landuse,object_delete_90pct,10,7,5,0.9179993433804472,0.8984375,19
Landuse,object_delete_90pct,10,8,5,0.9152836588363203,0.8955078125,19
Landuse,object_delete_90pct,10,9,5,0.9214911700088593,0.9033203125,19
Landuse,object_delete_90pct,10,0,10,0.9204329203216193,0.9013671875,19
Landuse,object_delete_90pct,10,1,10,0.9204329203216193,0.9013671875,19
Landuse,object_delete_90pct,10,2,10,0.9204329203216193,0.9013671875,19
Landuse,object_delete_90pct,10,3,10,0.9204329203216193,0.9013671875,19
Landuse,object_delete_90pct,10,4,10,0.9204329203216193,0.9013671875,19
Landuse,object_delete_90pct,10,5,10,0.9204329203216193,0.9013671875,19
Landuse,object_delete_90pct,10,6,10,0.9204329203216193,0.9013671875,19
Landuse,object_delete_90pct,10,7,10,0.9204329203216193,0.9013671875,19
Landuse,object_delete_90pct,10,8,10,0.9204329203216193,0.9013671875,19
Landuse,object_delete_90pct,10,9,10,0.9204329203216193,0.9013671875,19
Landuse,object_delete_90pct,10,0,1000000,0.9204329203216193,0.9013671875,19
Landuse,object_delete_90pct,10,1,1000000,0.9204329203216193,0.9013671875,19
Landuse,object_delete_90pct,10,2,1000000,0.9204329203216193,0.9013671875,19
Landuse,object_delete_90pct,10,3,1000000,0.9204329203216193,0.9013671875,19
Landuse,object_delete_90pct,10,4,1000000,0.9204329203216193,0.9013671875,19
Landuse,object_delete_90pct,10,5,1000000,0.9204329203216193,0.9013671875,19
Landuse,object_delete_90pct,10,6,1000000,0.9204329203216193,0.9013671875,19
Landuse,object_delete_90pct,10,7,1000000,0.9204329203216193,0.9013671875,19
Landuse,object_delete_90pct,10,8,1000000,0.9204329203216193,0.9013671875,19
Landuse,object_delete_90pct,10,9,1000000,0.9204329203216193,0.9013671875,19
Boundary,no_attack,0,0,1,0.6719274149295924,0.6220703125,0
Boundary,no_attack,0,1,1,0.6739194645917864,0.6328125,0
Boundary,no_attack,0,2,1,0.6961612181699868,0.6416015625,0
Boundary,no_attack,0,3,1,0.6764617192424547,0.6240234375,0
Boundary,no_attack,0,4,1,0.6697346298300029,0.623046875,0
Boundary,no_attack,0,5,1,0.7090084613068224,0.6611328125,0
Boundary,no_attack,0,6,1,0.6909800038890659,0.642578125,0
Boundary,no_attack,0,7,1,0.668373882436804,0.6171875,0
Boundary,no_attack,0,8,1,0.6789854454327624,0.6357421875,0
Boundary,no_attack,0,9,1,0.6894963875832671,0.63671875,0
Boundary,no_attack,0,0,3,0.7499777061070355,0.712890625,0
Boundary,no_attack,0,1,3,0.7358450139021424,0.6962890625,0
Boundary,no_attack,0,2,3,0.7381469842740572,0.693359375,0
Boundary,no_attack,0,3,3,0.7473815076128646,0.701171875,0
Boundary,no_attack,0,4,3,0.7220001878699696,0.677734375,0
Boundary,no_attack,0,5,3,0.7475128829686359,0.705078125,0
Boundary,no_attack,0,6,3,0.7258981842289932,0.6845703125,0
Boundary,no_attack,0,7,3,0.7408457105939564,0.6962890625,0
Boundary,no_attack,0,8,3,0.7208463875698177,0.677734375,0
Boundary,no_attack,0,9,3,0.7592830310546677,0.716796875,0
Boundary,no_attack,0,0,5,0.8035736487892577,0.76953125,0
Boundary,no_attack,0,1,5,0.7755077250158702,0.740234375,0
Boundary,no_attack,0,2,5,0.7976643710860024,0.76171875,0
Boundary,no_attack,0,3,5,0.797539888481408,0.7587890625,0
Boundary,no_attack,0,4,5,0.7772158918110593,0.7421875,0
Boundary,no_attack,0,5,5,0.7843097900703129,0.7412109375,0
Boundary,no_attack,0,6,5,0.7889718962534382,0.7548828125,0
Boundary,no_attack,0,7,5,0.7832396888273127,0.744140625,0
Boundary,no_attack,0,8,5,0.7788676465145152,0.73828125,0
Boundary,no_attack,0,9,5,0.7983649986879939,0.7626953125,0
Boundary,no_attack,0,0,10,0.8555403460845971,0.818359375,0
Boundary,no_attack,0,1,10,0.8506158948736031,0.8125,0
Boundary,no_attack,0,2,10,0.861304055645221,0.8232421875,0
Boundary,no_attack,0,3,10,0.8697105459605077,0.8310546875,0
Boundary,no_attack,0,4,10,0.8788632340502645,0.8466796875,0
Boundary,no_attack,0,5,10,0.8677528451366244,0.833984375,0
Boundary,no_attack,0,6,10,0.8608052594457113,0.826171875,0
Boundary,no_attack,0,7,10,0.8537244943064745,0.814453125,0
Boundary,no_attack,0,8,10,0.8459236260801277,0.8037109375,0
Boundary,no_attack,0,9,10,0.8706625796211577,0.8369140625,0
Boundary,no_attack,0,0,1000000,1.0,1.0,0
Boundary,no_attack,0,1,1000000,1.0,1.0,0
Boundary,no_attack,0,2,1000000,1.0,1.0,0
Boundary,no_attack,0,3,1000000,1.0,1.0,0
Boundary,no_attack,0,4,1000000,1.0,1.0,0
Boundary,no_attack,0,5,1000000,1.0,1.0,0
Boundary,no_attack,0,6,1000000,1.0,1.0,0
Boundary,no_attack,0,7,1000000,1.0,1.0,0
Boundary,no_attack,0,8,1000000,1.0,1.0,0
Boundary,no_attack,0,9,1000000,1.0,1.0,0
Boundary,vertex_delete_50pct,1,0,1,0.6289064991115317,0.5791015625,0
Boundary,vertex_delete_50pct,1,1,1,0.6022419927153514,0.546875,0
Boundary,vertex_delete_50pct,1,2,1,0.6484877781943411,0.583984375,0
Boundary,vertex_delete_50pct,1,3,1,0.6114728393784384,0.556640625,0
Boundary,vertex_delete_50pct,1,4,1,0.6189350584223627,0.5634765625,0
Boundary,vertex_delete_50pct,1,5,1,0.6138983550405415,0.5654296875,0
Boundary,vertex_delete_50pct,1,6,1,0.6143495528885232,0.55859375,0
Boundary,vertex_delete_50pct,1,7,1,0.6051344135771415,0.5576171875,0
Boundary,vertex_delete_50pct,1,8,1,0.5963260636677097,0.544921875,0
Boundary,vertex_delete_50pct,1,9,1,0.6179303847597956,0.568359375,0
Boundary,vertex_delete_50pct,1,0,3,0.6450954566171957,0.5966796875,0
Boundary,vertex_delete_50pct,1,1,3,0.6771111667693442,0.630859375,0
Boundary,vertex_delete_50pct,1,2,3,0.6576218587168874,0.599609375,0
Boundary,vertex_delete_50pct,1,3,3,0.6464976285134149,0.587890625,0
Boundary,vertex_delete_50pct,1,4,3,0.6676378207832895,0.615234375,0
Boundary,vertex_delete_50pct,1,5,3,0.6577541965772369,0.6103515625,0
Boundary,vertex_delete_50pct,1,6,3,0.6609770722817694,0.603515625,0
Boundary,vertex_delete_50pct,1,7,3,0.6420453428086074,0.591796875,0
Boundary,vertex_delete_50pct,1,8,3,0.6530451966942992,0.6044921875,0
Boundary,vertex_delete_50pct,1,9,3,0.6502043786762596,0.60546875,0
Boundary,vertex_delete_50pct,1,0,5,0.6529286250990105,0.603515625,0
Boundary,vertex_delete_50pct,1,1,5,0.6708326475186587,0.6240234375,0
Boundary,vertex_delete_50pct,1,2,5,0.7005526320181391,0.6533203125,0
Boundary,vertex_delete_50pct,1,3,5,0.6844607120328269,0.6337890625,0
Boundary,vertex_delete_50pct,1,4,5,0.668336694152186,0.623046875,0
Boundary,vertex_delete_50pct,1,5,5,0.7039533729502659,0.6572265625,0
Boundary,vertex_delete_50pct,1,6,5,0.6611780044794067,0.6103515625,0
Boundary,vertex_delete_50pct,1,7,5,0.6667981980217329,0.6162109375,0
Boundary,vertex_delete_50pct,1,8,5,0.6963201798155739,0.6474609375,0
Boundary,vertex_delete_50pct,1,9,5,0.6819986151618005,0.6298828125,0
Boundary,vertex_delete_50pct,1,0,10,0.7579500568431244,0.6904296875,0
Boundary,vertex_delete_50pct,1,1,10,0.7515431969426297,0.68359375,0
Boundary,vertex_delete_50pct,1,2,10,0.7449878245384701,0.681640625,0
Boundary,vertex_delete_50pct,1,3,10,0.7488235757033831,0.689453125,0
Boundary,vertex_delete_50pct,1,4,10,0.7679344564290018,0.7021484375,0
Boundary,vertex_delete_50pct,1,5,10,0.7490445754722312,0.6884765625,0
Boundary,vertex_delete_50pct,1,6,10,0.7588841814071455,0.6982421875,0
Boundary,vertex_delete_50pct,1,7,10,0.7320958544302304,0.6630859375,0
Boundary,vertex_delete_50pct,1,8,10,0.741421916270106,0.6748046875,0
Boundary,vertex_delete_50pct,1,9,10,0.7555837161423031,0.693359375,0
Boundary,vertex_delete_50pct,1,0,1000000,0.8737758176693735,0.84765625,0
Boundary,vertex_delete_50pct,1,1,1000000,0.8737758176693735,0.84765625,0
Boundary,vertex_delete_50pct,1,2,1000000,0.8737758176693735,0.84765625,0
Boundary,vertex_delete_50pct,1,3,1000000,0.8737758176693735,0.84765625,0
Boundary,vertex_delete_50pct,1,4,1000000,0.8737758176693735,0.84765625,0
Boundary,vertex_delete_50pct,1,5,1000000,0.8737758176693735,0.84765625,0
Boundary,vertex_delete_50pct,1,6,1000000,0.8737758176693735,0.84765625,0
Boundary,vertex_delete_50pct,1,7,1000000,0.8737758176693735,0.84765625,0
Boundary,vertex_delete_50pct,1,8,1000000,0.8737758176693735,0.84765625,0
Boundary,vertex_delete_50pct,1,9,1000000,0.8737758176693735,0.84765625,0
Boundary,object_delete_90pct,1,0,1,0.6770719690005151,0.625,0
Boundary,object_delete_90pct,1,1,1,0.6840045205962623,0.6337890625,0
Boundary,object_delete_90pct,1,2,1,0.6956914481480293,0.646484375,0
Boundary,object_delete_90pct,1,3,1,0.677220258166959,0.62890625,0
Boundary,object_delete_90pct,1,4,1,0.6791093002134259,0.6318359375,0
Boundary,object_delete_90pct,1,5,1,0.6698895367916422,0.62109375,0
Boundary,object_delete_90pct,1,6,1,0.694383846272756,0.646484375,0
Boundary,object_delete_90pct,1,7,1,0.6836867305458644,0.6318359375,0
Boundary,object_delete_90pct,1,8,1,0.7048326975864716,0.6533203125,0
Boundary,object_delete_90pct,1,9,1,0.6972665511472531,0.6455078125,0
Boundary,object_delete_90pct,1,0,3,0.7539111197259877,0.712890625,0
Boundary,object_delete_90pct,1,1,3,0.7592830472829463,0.7177734375,0
Boundary,object_delete_90pct,1,2,3,0.7491964705428896,0.70703125,0
Boundary,object_delete_90pct,1,3,3,0.7439777329432868,0.6982421875,0
Boundary,object_delete_90pct,1,4,3,0.74216043338608,0.6982421875,0
Boundary,object_delete_90pct,1,5,3,0.7389884275845571,0.697265625,0
Boundary,object_delete_90pct,1,6,3,0.7417120980162943,0.7001953125,0
Boundary,object_delete_90pct,1,7,3,0.7281338445056985,0.6845703125,0
Boundary,object_delete_90pct,1,8,3,0.7338715938148589,0.6875,0
Boundary,object_delete_90pct,1,9,3,0.7430864859780654,0.701171875,0
Boundary,object_delete_90pct,1,0,5,0.7863867486193536,0.7509765625,0
Boundary,object_delete_90pct,1,1,5,0.7702584371266092,0.728515625,0
Boundary,object_delete_90pct,1,2,5,0.7873656507671948,0.75,0
Boundary,object_delete_90pct,1,3,5,0.7800871538350832,0.7421875,0
Boundary,object_delete_90pct,1,4,5,0.784607794129902,0.74609375,0
Boundary,object_delete_90pct,1,5,5,0.7877467353144202,0.748046875,0
Boundary,object_delete_90pct,1,6,5,0.7664043843649937,0.7275390625,0
Boundary,object_delete_90pct,1,7,5,0.7976500451384476,0.7568359375,0
Boundary,object_delete_90pct,1,8,5,0.8024471794922817,0.76171875,0
Boundary,object_delete_90pct,1,9,5,0.7785586358025426,0.73828125,0
Boundary,object_delete_90pct,1,0,10,0.8341168926141301,0.7919921875,0
Boundary,object_delete_90pct,1,1,10,0.8446516507707931,0.8046875,0
Boundary,object_delete_90pct,1,2,10,0.8410940975498858,0.798828125,0
Boundary,object_delete_90pct,1,3,10,0.8420064239644341,0.7998046875,0
Boundary,object_delete_90pct,1,4,10,0.8352524548331224,0.7919921875,0
Boundary,object_delete_90pct,1,5,10,0.8392004498997648,0.7958984375,0
Boundary,object_delete_90pct,1,6,10,0.8392667489957436,0.796875,0
Boundary,object_delete_90pct,1,7,10,0.8451898244452777,0.8046875,0
Boundary,object_delete_90pct,1,8,10,0.8368020883300298,0.7939453125,0
Boundary,object_delete_90pct,1,9,10,0.8462071786727651,0.806640625,0
Boundary,object_delete_90pct,1,0,1000000,0.8456955083581459,0.80859375,0
Boundary,object_delete_90pct,1,1,1000000,0.8456955083581459,0.80859375,0
Boundary,object_delete_90pct,1,2,1000000,0.8456955083581459,0.80859375,0
Boundary,object_delete_90pct,1,3,1000000,0.8456955083581459,0.80859375,0
Boundary,object_delete_90pct,1,4,1000000,0.8456955083581459,0.80859375,0
Boundary,object_delete_90pct,1,5,1000000,0.8456955083581459,0.80859375,0
Boundary,object_delete_90pct,1,6,1000000,0.8456955083581459,0.80859375,0
Boundary,object_delete_90pct,1,7,1000000,0.8456955083581459,0.80859375,0
Boundary,object_delete_90pct,1,8,1000000,0.8456955083581459,0.80859375,0
Boundary,object_delete_90pct,1,9,1000000,0.8456955083581459,0.80859375,0
Boundary,vertex_delete_50pct,2,0,1,0.6562628344475784,0.6064453125,0
Boundary,vertex_delete_50pct,2,1,1,0.5986603424135188,0.5478515625,0
Boundary,vertex_delete_50pct,2,2,1,0.642523397674918,0.58203125,0
Boundary,vertex_delete_50pct,2,3,1,0.6264302851642788,0.5732421875,0
Boundary,vertex_delete_50pct,2,4,1,0.6223735865247092,0.5673828125,0
Boundary,vertex_delete_50pct,2,5,1,0.6051161684685412,0.556640625,0
Boundary,vertex_delete_50pct,2,6,1,0.6495415180362357,0.5947265625,0
Boundary,vertex_delete_50pct,2,7,1,0.6658356867159559,0.6162109375,0
Boundary,vertex_delete_50pct,2,8,1,0.6034035927422986,0.5478515625,0
Boundary,vertex_delete_50pct,2,9,1,0.5927354797499442,0.544921875,0
Boundary,vertex_delete_50pct,2,0,3,0.645692471310455,0.6015625,0
Boundary,vertex_delete_50pct,2,1,3,0.650590130873094,0.6005859375,0
Boundary,vertex_delete_50pct,2,2,3,0.6758131842648619,0.6259765625,0
Boundary,vertex_delete_50pct,2,3,3,0.6803104997777367,0.6279296875,0
Boundary,vertex_delete_50pct,2,4,3,0.6589567886682426,0.603515625,0
Boundary,vertex_delete_50pct,2,5,3,0.6264701188590724,0.57421875,0
Boundary,vertex_delete_50pct,2,6,3,0.6526135225560983,0.6005859375,0
Boundary,vertex_delete_50pct,2,7,3,0.6473412013807635,0.5986328125,0
Boundary,vertex_delete_50pct,2,8,3,0.6265152109878167,0.5751953125,0
Boundary,vertex_delete_50pct,2,9,3,0.6617062735735338,0.6142578125,0
Boundary,vertex_delete_50pct,2,0,5,0.6650426053892052,0.625,0
Boundary,vertex_delete_50pct,2,1,5,0.6983335483162507,0.65625,0
Boundary,vertex_delete_50pct,2,2,5,0.6573712302616691,0.607421875,0
Boundary,vertex_delete_50pct,2,3,5,0.687849131399326,0.6376953125,0
Boundary,vertex_delete_50pct,2,4,5,0.6923060883030268,0.642578125,0
Boundary,vertex_delete_50pct,2,5,5,0.6838955877145979,0.6357421875,0
Boundary,vertex_delete_50pct,2,6,5,0.6932023579741615,0.65234375,0
Boundary,vertex_delete_50pct,2,7,5,0.6677222022152627,0.626953125,0
Boundary,vertex_delete_50pct,2,8,5,0.6632587761936652,0.611328125,0
Boundary,vertex_delete_50pct,2,9,5,0.6708356730265632,0.62109375,0
Boundary,vertex_delete_50pct,2,0,10,0.7537654446453755,0.6943359375,0
Boundary,vertex_delete_50pct,2,1,10,0.7363081952919621,0.671875,0
Boundary,vertex_delete_50pct,2,2,10,0.7450978650445854,0.6796875,0
Boundary,vertex_delete_50pct,2,3,10,0.7521918215876607,0.6923828125,0
Boundary,vertex_delete_50pct,2,4,10,0.7671373302594048,0.7021484375,0
Boundary,vertex_delete_50pct,2,5,10,0.7631827272298156,0.7021484375,0
Boundary,vertex_delete_50pct,2,6,10,0.752398400863632,0.6865234375,0
Boundary,vertex_delete_50pct,2,7,10,0.7713399474426759,0.7080078125,0
Boundary,vertex_delete_50pct,2,8,10,0.7485288787317977,0.685546875,0
Boundary,vertex_delete_50pct,2,9,10,0.7635904850072461,0.7060546875,0
Boundary,vertex_delete_50pct,2,0,1000000,0.8841508293699839,0.859375,0
Boundary,vertex_delete_50pct,2,1,1000000,0.8841508293699839,0.859375,0
Boundary,vertex_delete_50pct,2,2,1000000,0.8841508293699839,0.859375,0
Boundary,vertex_delete_50pct,2,3,1000000,0.8841508293699839,0.859375,0
Boundary,vertex_delete_50pct,2,4,1000000,0.8841508293699839,0.859375,0
Boundary,vertex_delete_50pct,2,5,1000000,0.8841508293699839,0.859375,0
Boundary,vertex_delete_50pct,2,6,1000000,0.8841508293699839,0.859375,0
Boundary,vertex_delete_50pct,2,7,1000000,0.8841508293699839,0.859375,0
Boundary,vertex_delete_50pct,2,8,1000000,0.8841508293699839,0.859375,0
Boundary,vertex_delete_50pct,2,9,1000000,0.8841508293699839,0.859375,0
Boundary,object_delete_90pct,2,0,1,0.6787663708067384,0.6298828125,0
Boundary,object_delete_90pct,2,1,1,0.7008075154127948,0.65625,0
Boundary,object_delete_90pct,2,2,1,0.6594896957766492,0.6123046875,0
Boundary,object_delete_90pct,2,3,1,0.6812284125549595,0.630859375,0
Boundary,object_delete_90pct,2,4,1,0.7033131241839233,0.65625,0
Boundary,object_delete_90pct,2,5,1,0.6553971731289772,0.607421875,0
Boundary,object_delete_90pct,2,6,1,0.6941540215303169,0.6474609375,0
Boundary,object_delete_90pct,2,7,1,0.6869037302955033,0.634765625,0
Boundary,object_delete_90pct,2,8,1,0.6919544930182643,0.640625,0
Boundary,object_delete_90pct,2,9,1,0.6710427129764157,0.615234375,0
Boundary,object_delete_90pct,2,0,3,0.7468295676599284,0.69921875,0
Boundary,object_delete_90pct,2,1,3,0.7481630050679156,0.7080078125,0
Boundary,object_delete_90pct,2,2,3,0.761842390654357,0.724609375,0
Boundary,object_delete_90pct,2,3,3,0.7342517223385797,0.6875,0
Boundary,object_delete_90pct,2,4,3,0.7455186253923518,0.7021484375,0
Boundary,object_delete_90pct,2,5,3,0.7441979536283182,0.7001953125,0
Boundary,object_delete_90pct,2,6,3,0.7408457105939564,0.6962890625,0
Boundary,object_delete_90pct,2,7,3,0.7380706436248723,0.6943359375,0
Boundary,object_delete_90pct,2,8,3,0.7352757801360255,0.6884765625,0
Boundary,object_delete_90pct,2,9,3,0.7329669414377004,0.685546875,0
Boundary,object_delete_90pct,2,0,5,0.7927029670496962,0.7578125,0
Boundary,object_delete_90pct,2,1,5,0.7877467353144202,0.748046875,0
Boundary,object_delete_90pct,2,2,5,0.7837707604029654,0.7431640625,0
Boundary,object_delete_90pct,2,3,5,0.7776393241131321,0.73828125,0
Boundary,object_delete_90pct,2,4,5,0.7767319402702011,0.73828125,0
Boundary,object_delete_90pct,2,5,5,0.793960379179224,0.7548828125,0
Boundary,object_delete_90pct,2,6,5,0.7679320787595488,0.7255859375,0
Boundary,object_delete_90pct,2,7,5,0.7749819234126134,0.7353515625,0
Boundary,object_delete_90pct,2,8,5,0.7735785165969826,0.732421875,0
Boundary,object_delete_90pct,2,9,5,0.7712811224673983,0.73046875,0
Boundary,object_delete_90pct,2,0,10,0.8569473237898269,0.8193359375,0
Boundary,object_delete_90pct,2,1,10,0.8629873278794199,0.826171875,0
Boundary,object_delete_90pct,2,2,10,0.8706430274987361,0.837890625,0
Boundary,object_delete_90pct,2,3,10,0.8612812745148787,0.826171875,0
Boundary,object_delete_90pct,2,4,10,0.8506368831154926,0.810546875,0
Boundary,object_delete_90pct,2,5,10,0.8695400972023449,0.8359375,0
Boundary,object_delete_90pct,2,6,10,0.8669011226879088,0.83203125,0
Boundary,object_delete_90pct,2,7,10,0.8670901853644252,0.8330078125,0
Boundary,object_delete_90pct,2,8,10,0.8572580567747384,0.8212890625,0
Boundary,object_delete_90pct,2,9,10,0.8592548724157519,0.8212890625,0
Boundary,object_delete_90pct,2,0,1000000,0.8818400869620064,0.8544921875,0
Boundary,object_delete_90pct,2,1,1000000,0.8818400869620064,0.8544921875,0
Boundary,object_delete_90pct,2,2,1000000,0.8818400869620064,0.8544921875,0
Boundary,object_delete_90pct,2,3,1000000,0.8818400869620064,0.8544921875,0
Boundary,object_delete_90pct,2,4,1000000,0.8818400869620064,0.8544921875,0
Boundary,object_delete_90pct,2,5,1000000,0.8818400869620064,0.8544921875,0
Boundary,object_delete_90pct,2,6,1000000,0.8818400869620064,0.8544921875,0
Boundary,object_delete_90pct,2,7,1000000,0.8818400869620064,0.8544921875,0
Boundary,object_delete_90pct,2,8,1000000,0.8818400869620064,0.8544921875,0
Boundary,object_delete_90pct,2,9,1000000,0.8818400869620064,0.8544921875,0
Boundary,vertex_delete_50pct,3,0,1,0.6344084348829219,0.5810546875,0
Boundary,vertex_delete_50pct,3,1,1,0.6318579209425706,0.5830078125,0
Boundary,vertex_delete_50pct,3,2,1,0.6548474412230118,0.5966796875,0
Boundary,vertex_delete_50pct,3,3,1,0.5975012699953579,0.5458984375,0
Boundary,vertex_delete_50pct,3,4,1,0.6120580022176698,0.5556640625,0
Boundary,vertex_delete_50pct,3,5,1,0.5969486435424286,0.5439453125,0
Boundary,vertex_delete_50pct,3,6,1,0.5984674304472403,0.537109375,0
Boundary,vertex_delete_50pct,3,7,1,0.6062622856844394,0.5556640625,0
Boundary,vertex_delete_50pct,3,8,1,0.6126374746329801,0.5556640625,0
Boundary,vertex_delete_50pct,3,9,1,0.6189641438445356,0.5654296875,0
Boundary,vertex_delete_50pct,3,0,3,0.64279835122111,0.587890625,0
Boundary,vertex_delete_50pct,3,1,3,0.678838491174368,0.6328125,0
Boundary,vertex_delete_50pct,3,2,3,0.6461407771041089,0.5908203125,0
Boundary,vertex_delete_50pct,3,3,3,0.6400319941630986,0.5859375,0
Boundary,vertex_delete_50pct,3,4,3,0.6558383247310768,0.6025390625,0
Boundary,vertex_delete_50pct,3,5,3,0.6383697736222586,0.595703125,0
Boundary,vertex_delete_50pct,3,6,3,0.677364634354306,0.626953125,0
Boundary,vertex_delete_50pct,3,7,3,0.6403992045831146,0.5908203125,0
Boundary,vertex_delete_50pct,3,8,3,0.617971966362342,0.5693359375,0
Boundary,vertex_delete_50pct,3,9,3,0.6357309202603104,0.5908203125,0
Boundary,vertex_delete_50pct,3,0,5,0.6742017040336918,0.6298828125,0
Boundary,vertex_delete_50pct,3,1,5,0.6887710146572122,0.64453125,0
Boundary,vertex_delete_50pct,3,2,5,0.7136211509470423,0.6611328125,0
Boundary,vertex_delete_50pct,3,3,5,0.6801481864253778,0.6298828125,0
Boundary,vertex_delete_50pct,3,4,5,0.6755639965803094,0.6298828125,0
Boundary,vertex_delete_50pct,3,5,5,0.684172319121686,0.634765625,0
Boundary,vertex_delete_50pct,3,6,5,0.69168210792541,0.6416015625,0
Boundary,vertex_delete_50pct,3,7,5,0.6708356730265632,0.62109375,0
Boundary,vertex_delete_50pct,3,8,5,0.6661850501237652,0.615234375,0
Boundary,vertex_delete_50pct,3,9,5,0.6494395828495302,0.603515625,0
Boundary,vertex_delete_50pct,3,0,10,0.7459381753361075,0.6796875,0
Boundary,vertex_delete_50pct,3,1,10,0.7519850911063882,0.6865234375,0
Boundary,vertex_delete_50pct,3,2,10,0.7565555616897963,0.6865234375,0
Boundary,vertex_delete_50pct,3,3,10,0.7605254077216619,0.6962890625,0
Boundary,vertex_delete_50pct,3,4,10,0.7499256548549469,0.6865234375,0
Boundary,vertex_delete_50pct,3,5,10,0.7639575278148107,0.7041015625,0
Boundary,vertex_delete_50pct,3,6,10,0.7505905963880999,0.685546875,0
Boundary,vertex_delete_50pct,3,7,10,0.7448105281678093,0.677734375,0
Boundary,vertex_delete_50pct,3,8,10,0.7391527341130278,0.673828125,0
Boundary,vertex_delete_50pct,3,9,10,0.7744316357535539,0.7099609375,0
Boundary,vertex_delete_50pct,3,0,1000000,0.8767782479916251,0.8525390625,0
Boundary,vertex_delete_50pct,3,1,1000000,0.8767782479916251,0.8525390625,0
Boundary,vertex_delete_50pct,3,2,1000000,0.8767782479916251,0.8525390625,0
Boundary,vertex_delete_50pct,3,3,1000000,0.8767782479916251,0.8525390625,0
Boundary,vertex_delete_50pct,3,4,1000000,0.8767782479916251,0.8525390625,0
Boundary,vertex_delete_50pct,3,5,1000000,0.8767782479916251,0.8525390625,0
Boundary,vertex_delete_50pct,3,6,1000000,0.8767782479916251,0.8525390625,0
Boundary,vertex_delete_50pct,3,7,1000000,0.8767782479916251,0.8525390625,0
Boundary,vertex_delete_50pct,3,8,1000000,0.8767782479916251,0.8525390625,0
Boundary,vertex_delete_50pct,3,9,1000000,0.8767782479916251,0.8525390625,0
Boundary,object_delete_90pct,3,0,1,0.688751076698056,0.6376953125,0
Boundary,object_delete_90pct,3,1,1,0.6698895367916422,0.62109375,0
Boundary,object_delete_90pct,3,2,1,0.6999280363976131,0.654296875,0
Boundary,object_delete_90pct,3,3,1,0.6572670690061994,0.6103515625,0
Boundary,object_delete_90pct,3,4,1,0.6615652471241297,0.61328125,0
Boundary,object_delete_90pct,3,5,1,0.6883468379703341,0.642578125,0
Boundary,object_delete_90pct,3,6,1,0.6832531974697225,0.62890625,0
Boundary,object_delete_90pct,3,7,1,0.6753468928681654,0.6259765625,0
Boundary,object_delete_90pct,3,8,1,0.6995620282779134,0.6484375,0
Boundary,object_delete_90pct,3,9,1,0.6969280637116977,0.6435546875,0
Boundary,object_delete_90pct,3,0,3,0.739735868524317,0.6923828125,0
Boundary,object_delete_90pct,3,1,3,0.7576371255515493,0.7177734375,0
Boundary,object_delete_90pct,3,2,3,0.734460925980683,0.6953125,0
Boundary,object_delete_90pct,3,3,3,0.7592975577653555,0.7158203125,0
Boundary,object_delete_90pct,3,4,3,0.7434384282410943,0.701171875,0
Boundary,object_delete_90pct,3,5,3,0.7346327753955133,0.6875,0
Boundary,object_delete_90pct,3,6,3,0.7502388050647933,0.70703125,0
Boundary,object_delete_90pct,3,7,3,0.746293613100204,0.701171875,0
Boundary,object_delete_90pct,3,8,3,0.7304067613641284,0.6845703125,0
Boundary,object_delete_90pct,3,9,3,0.7434821805300734,0.7001953125,0
Boundary,object_delete_90pct,3,0,5,0.7603347561556646,0.720703125,0
Boundary,object_delete_90pct,3,1,5,0.76609289704208,0.7275390625,0
Boundary,object_delete_90pct,3,2,5,0.7886291247263947,0.7509765625,0
Boundary,object_delete_90pct,3,3,5,0.7784396961220321,0.734375,0
Boundary,object_delete_90pct,3,4,5,0.7653493034868404,0.7255859375,0
Boundary,object_delete_90pct,3,5,5,0.765610324871715,0.72265625,0
Boundary,object_delete_90pct,3,6,5,0.7666103960708942,0.724609375,0
Boundary,object_delete_90pct,3,7,5,0.7821207166968539,0.7412109375,0
Boundary,object_delete_90pct,3,8,5,0.7817256528822526,0.7392578125,0
Boundary,object_delete_90pct,3,9,5,0.7818787152729159,0.7421875,0
Boundary,object_delete_90pct,3,0,10,0.8456783528751164,0.806640625,0
Boundary,object_delete_90pct,3,1,10,0.8493182344767091,0.810546875,0
Boundary,object_delete_90pct,3,2,10,0.8428263720267752,0.802734375,0
Boundary,object_delete_90pct,3,3,10,0.8478210272513863,0.806640625,0
Boundary,object_delete_90pct,3,4,10,0.8385720705904621,0.794921875,0
Boundary,object_delete_90pct,3,5,10,0.8538480567960118,0.8154296875,0
Boundary,object_delete_90pct,3,6,10,0.846370051101223,0.8056640625,0
Boundary,object_delete_90pct,3,7,10,0.8419123775918324,0.8017578125,0
Boundary,object_delete_90pct,3,8,10,0.8504867979187066,0.8115234375,0
Boundary,object_delete_90pct,3,9,10,0.847500085734872,0.80859375,0
Boundary,object_delete_90pct,3,0,1000000,0.8524202710265947,0.8173828125,0
Boundary,object_delete_90pct,3,1,1000000,0.8524202710265947,0.8173828125,0
Boundary,object_delete_90pct,3,2,1000000,0.8524202710265947,0.8173828125,0
Boundary,object_delete_90pct,3,3,1000000,0.8524202710265947,0.8173828125,0
Boundary,object_delete_90pct,3,4,1000000,0.8524202710265947,0.8173828125,0
Boundary,object_delete_90pct,3,5,1000000,0.8524202710265947,0.8173828125,0
Boundary,object_delete_90pct,3,6,1000000,0.8524202710265947,0.8173828125,0
Boundary,object_delete_90pct,3,7,1000000,0.8524202710265947,0.8173828125,0
Boundary,object_delete_90pct,3,8,1000000,0.8524202710265947,0.8173828125,0
Boundary,object_delete_90pct,3,9,1000000,0.8524202710265947,0.8173828125,0
Boundary,vertex_delete_50pct,4,0,1,0.6259216388877269,0.57421875,0
Boundary,vertex_delete_50pct,4,1,1,0.6192296651092069,0.572265625,0
Boundary,vertex_delete_50pct,4,2,1,0.6451956342061868,0.5810546875,0
Boundary,vertex_delete_50pct,4,3,1,0.6132132899393943,0.560546875,0
Boundary,vertex_delete_50pct,4,4,1,0.6021715467678503,0.5517578125,0
Boundary,vertex_delete_50pct,4,5,1,0.6105271509807892,0.5654296875,0
Boundary,vertex_delete_50pct,4,6,1,0.6481625472923077,0.5966796875,0
Boundary,vertex_delete_50pct,4,7,1,0.6021715467678503,0.5517578125,0
Boundary,vertex_delete_50pct,4,8,1,0.5963081442943942,0.5458984375,0
Boundary,vertex_delete_50pct,4,9,1,0.603351981388458,0.5546875,0
Boundary,vertex_delete_50pct,4,0,3,0.6211299937499416,0.576171875,0
Boundary,vertex_delete_50pct,4,1,3,0.6378019421651328,0.5908203125,0
Boundary,vertex_delete_50pct,4,2,3,0.6499890902404946,0.59375,0
Boundary,vertex_delete_50pct,4,3,3,0.6749059524322477,0.623046875,0
Boundary,vertex_delete_50pct,4,4,3,0.6550671300079984,0.599609375,0
Boundary,vertex_delete_50pct,4,5,3,0.6518141961714802,0.6025390625,0
Boundary,vertex_delete_50pct,4,6,3,0.6703623315019771,0.62109375,0
Boundary,vertex_delete_50pct,4,7,3,0.618424734329814,0.56640625,0
Boundary,vertex_delete_50pct,4,8,3,0.6595835439179246,0.609375,0
Boundary,vertex_delete_50pct,4,9,3,0.6653732251458171,0.6220703125,0
Boundary,vertex_delete_50pct,4,0,5,0.6589909243340468,0.615234375,0
Boundary,vertex_delete_50pct,4,1,5,0.6670744518552132,0.6181640625,0
Boundary,vertex_delete_50pct,4,2,5,0.6716463340950606,0.6201171875,0
Boundary,vertex_delete_50pct,4,3,5,0.6584781315993471,0.6083984375,0
Boundary,vertex_delete_50pct,4,4,5,0.6847124716486248,0.6376953125,0
Boundary,vertex_delete_50pct,4,5,5,0.6941882107292091,0.6455078125,0
Boundary,vertex_delete_50pct,4,6,5,0.6901676448239317,0.640625,0
Boundary,vertex_delete_50pct,4,7,5,0.6741512360316458,0.6318359375,0
Boundary,vertex_delete_50pct,4,8,5,0.670556949586926,0.619140625,0
Boundary,vertex_delete_50pct,4,9,5,0.6734875807585384,0.6259765625,0
Boundary,vertex_delete_50pct,4,0,10,0.7517845345683293,0.6943359375,0
Boundary,vertex_delete_50pct,4,1,10,0.7467802373466818,0.6796875,0
Boundary,vertex_delete_50pct,4,2,10,0.7558158222379747,0.6923828125,0
Boundary,vertex_delete_50pct,4,3,10,0.7399165328739372,0.669921875,0
Boundary,vertex_delete_50pct,4,4,10,0.7479537508107463,0.6845703125,0
Boundary,vertex_delete_50pct,4,5,10,0.7568729534189649,0.69140625,0
Boundary,vertex_delete_50pct,4,6,10,0.7752138671496845,0.7099609375,0
Boundary,vertex_delete_50pct,4,7,10,0.7434227240667507,0.6796875,0
Boundary,vertex_delete_50pct,4,8,10,0.7370307223679932,0.673828125,0
Boundary,vertex_delete_50pct,4,9,10,0.7517919571805006,0.6923828125,0
Boundary,vertex_delete_50pct,4,0,1000000,0.8821446911185847,0.8583984375,0
Boundary,vertex_delete_50pct,4,1,1000000,0.8821446911185847,0.8583984375,0
Boundary,vertex_delete_50pct,4,2,1000000,0.8821446911185847,0.8583984375,0
Boundary,vertex_delete_50pct,4,3,1000000,0.8821446911185847,0.8583984375,0
Boundary,vertex_delete_50pct,4,4,1000000,0.8821446911185847,0.8583984375,0
Boundary,vertex_delete_50pct,4,5,1000000,0.8821446911185847,0.8583984375,0
Boundary,vertex_delete_50pct,4,6,1000000,0.8821446911185847,0.8583984375,0
Boundary,vertex_delete_50pct,4,7,1000000,0.8821446911185847,0.8583984375,0
Boundary,vertex_delete_50pct,4,8,1000000,0.8821446911185847,0.8583984375,0
Boundary,vertex_delete_50pct,4,9,1000000,0.8821446911185847,0.8583984375,0
Boundary,object_delete_90pct,4,0,1,0.6782013831117398,0.6318359375,0
Boundary,object_delete_90pct,4,1,1,0.6883404172809628,0.64453125,0
Boundary,object_delete_90pct,4,2,1,0.6889898524384025,0.6435546875,0
Boundary,object_delete_90pct,4,3,1,0.6918081271916982,0.6484375,0
Boundary,object_delete_90pct,4,4,1,0.6659610778554877,0.6201171875,0
Boundary,object_delete_90pct,4,5,1,0.7014597328786778,0.6572265625,0
Boundary,object_delete_90pct,4,6,1,0.6900677050652599,0.64453125,0
Boundary,object_delete_90pct,4,7,1,0.6834456574800084,0.6357421875,0
Boundary,object_delete_90pct,4,8,1,0.6767474454932508,0.6259765625,0
Boundary,object_delete_90pct,4,9,1,0.6947016754726705,0.6435546875,0
Boundary,object_delete_90pct,4,0,3,0.7224660415139625,0.6806640625,0
Boundary,object_delete_90pct,4,1,3,0.7488656685474847,0.7099609375,0
Boundary,object_delete_90pct,4,2,3,0.7417120980162943,0.7001953125,0
Boundary,object_delete_90pct,4,3,3,0.7270111527697757,0.6845703125,0
Boundary,object_delete_90pct,4,4,3,0.7427707689880996,0.7001953125,0
Boundary,object_delete_90pct,4,5,3,0.7285579415703638,0.6904296875,0
Boundary,object_delete_90pct,4,6,3,0.7437364516396252,0.7041015625,0
Boundary,object_delete_90pct,4,7,3,0.7335927928470645,0.6904296875,0
Boundary,object_delete_90pct,4,8,3,0.7461469997562273,0.7041015625,0
Boundary,object_delete_90pct,4,9,3,0.745478109438225,0.703125,0
Boundary,object_delete_90pct,4,0,5,0.7882543227568609,0.75390625,0
Boundary,object_delete_90pct,4,1,5,0.7806788936481528,0.7421875,0
Boundary,object_delete_90pct,4,2,5,0.7724637423590657,0.734375,0
Boundary,object_delete_90pct,4,3,5,0.783154565733543,0.74609375,0
Boundary,object_delete_90pct,4,4,5,0.7765390250444613,0.7353515625,0
Boundary,object_delete_90pct,4,5,5,0.7813670197347266,0.7431640625,0
Boundary,object_delete_90pct,4,6,5,0.7797565052343172,0.7470703125,0
Boundary,object_delete_90pct,4,7,5,0.7718620446605873,0.734375,0
Boundary,object_delete_90pct,4,8,5,0.758684914904539,0.7197265625,0
Boundary,object_delete_90pct,4,9,5,0.7920905298054052,0.759765625,0
Boundary,object_delete_90pct,4,0,10,0.8501192205245243,0.8154296875,0
Boundary,object_delete_90pct,4,1,10,0.8521737994429688,0.814453125,0
Boundary,object_delete_90pct,4,2,10,0.8618429953626713,0.8251953125,0
Boundary,object_delete_90pct,4,3,10,0.8552049927345754,0.8193359375,0
Boundary,object_delete_90pct,4,4,10,0.860206929790513,0.82421875,0
Boundary,object_delete_90pct,4,5,10,0.860541737150007,0.8271484375,0
Boundary,object_delete_90pct,4,6,10,0.8511640960726473,0.814453125,0
Boundary,object_delete_90pct,4,7,10,0.85660039802295,0.8203125,0
Boundary,object_delete_90pct,4,8,10,0.8467709632426442,0.810546875,0
Boundary,object_delete_90pct,4,9,10,0.8650655072007379,0.8310546875,0
Boundary,object_delete_90pct,4,0,1000000,0.8816504763305839,0.8564453125,0
Boundary,object_delete_90pct,4,1,1000000,0.8816504763305839,0.8564453125,0
Boundary,object_delete_90pct,4,2,1000000,0.8816504763305839,0.8564453125,0
Boundary,object_delete_90pct,4,3,1000000,0.8816504763305839,0.8564453125,0
Boundary,object_delete_90pct,4,4,1000000,0.8816504763305839,0.8564453125,0
Boundary,object_delete_90pct,4,5,1000000,0.8816504763305839,0.8564453125,0
Boundary,object_delete_90pct,4,6,1000000,0.8816504763305839,0.8564453125,0
Boundary,object_delete_90pct,4,7,1000000,0.8816504763305839,0.8564453125,0
Boundary,object_delete_90pct,4,8,1000000,0.8816504763305839,0.8564453125,0
Boundary,object_delete_90pct,4,9,1000000,0.8816504763305839,0.8564453125,0
Boundary,vertex_delete_50pct,5,0,1,0.6453251605971883,0.59375,0
Boundary,vertex_delete_50pct,5,1,1,0.6114720276739724,0.5576171875,0
Boundary,vertex_delete_50pct,5,2,1,0.6133737768937294,0.5498046875,0
Boundary,vertex_delete_50pct,5,3,1,0.6311232037538299,0.580078125,0
Boundary,vertex_delete_50pct,5,4,1,0.6372538926915365,0.583984375,0
Boundary,vertex_delete_50pct,5,5,1,0.6180190487702277,0.5703125,0
Boundary,vertex_delete_50pct,5,6,1,0.6207896559012962,0.5703125,0
Boundary,vertex_delete_50pct,5,7,1,0.6554338335948309,0.603515625,0
Boundary,vertex_delete_50pct,5,8,1,0.6062753815464316,0.5517578125,0
Boundary,vertex_delete_50pct,5,9,1,0.6033517442186755,0.55078125,0
Boundary,vertex_delete_50pct,5,0,3,0.6610817276358167,0.61328125,0
Boundary,vertex_delete_50pct,5,1,3,0.6523158341380093,0.6025390625,0
Boundary,vertex_delete_50pct,5,2,3,0.6640256870426138,0.609375,0
Boundary,vertex_delete_50pct,5,3,3,0.6837192011662204,0.634765625,0
Boundary,vertex_delete_50pct,5,4,3,0.672123548774491,0.6201171875,0
Boundary,vertex_delete_50pct,5,5,3,0.6403708279622152,0.58203125,0
Boundary,vertex_delete_50pct,5,6,3,0.649277551044207,0.59765625,0
Boundary,vertex_delete_50pct,5,7,3,0.6385102080186864,0.5869140625,0
Boundary,vertex_delete_50pct,5,8,3,0.6268972138344149,0.5703125,0
Boundary,vertex_delete_50pct,5,9,3,0.6697346298300029,0.623046875,0
Boundary,vertex_delete_50pct,5,0,5,0.6718176144342286,0.626953125,0
Boundary,vertex_delete_50pct,5,1,5,0.6868714502493318,0.6396484375,0
Boundary,vertex_delete_50pct,5,2,5,0.671035468726207,0.619140625,0
Boundary,vertex_delete_50pct,5,3,5,0.7001378794159406,0.6513671875,0
Boundary,vertex_delete_50pct,5,4,5,0.6844363632751314,0.640625,0
Boundary,vertex_delete_50pct,5,5,5,0.6767947970822145,0.6337890625,0
Boundary,vertex_delete_50pct,5,6,5,0.7027027163767493,0.6572265625,0
Boundary,vertex_delete_50pct,5,7,5,0.687849131399326,0.6376953125,0
Boundary,vertex_delete_50pct,5,8,5,0.6812284125549595,0.630859375,0
Boundary,vertex_delete_50pct,5,9,5,0.6868714502493318,0.6396484375,0
Boundary,vertex_delete_50pct,5,0,10,0.7668752556721933,0.70703125,0
Boundary,vertex_delete_50pct,5,1,10,0.7718181207494192,0.7158203125,0
Boundary,vertex_delete_50pct,5,2,10,0.7586803360942197,0.69921875,0
Boundary,vertex_delete_50pct,5,3,10,0.7630389245262477,0.69921875,0
Boundary,vertex_delete_50pct,5,4,10,0.7701997547314982,0.7060546875,0
Boundary,vertex_delete_50pct,5,5,10,0.7469911447229162,0.6748046875,0
Boundary,vertex_delete_50pct,5,6,10,0.7618276217854312,0.6943359375,0
Boundary,vertex_delete_50pct,5,7,10,0.7500400881707647,0.6787109375,0
Boundary,vertex_delete_50pct,5,8,10,0.7398589090400562,0.6806640625,0
Boundary,vertex_delete_50pct,5,9,10,0.7629828681843762,0.703125,0
Boundary,vertex_delete_50pct,5,0,1000000,0.8865926413116155,0.86328125,0
Boundary,vertex_delete_50pct,5,1,1000000,0.8865926413116155,0.86328125,0
Boundary,vertex_delete_50pct,5,2,1000000,0.8865926413116155,0.86328125,0
Boundary,vertex_delete_50pct,5,3,1000000,0.8865926413116155,0.86328125,0
Boundary,vertex_delete_50pct,5,4,1000000,0.8865926413116155,0.86328125,0
Boundary,vertex_delete_50pct,5,5,1000000,0.8865926413116155,0.86328125,0
Boundary,vertex_delete_50pct,5,6,1000000,0.8865926413116155,0.86328125,0
Boundary,vertex_delete_50pct,5,7,1000000,0.8865926413116155,0.86328125,0
Boundary,vertex_delete_50pct,5,8,1000000,0.8865926413116155,0.86328125,0
Boundary,vertex_delete_50pct,5,9,1000000,0.8865926413116155,0.86328125,0
Boundary,object_delete_90pct,5,0,1,0.688650038755695,0.6396484375,0
Boundary,object_delete_90pct,5,1,1,0.6667472203392012,0.619140625,0
Boundary,object_delete_90pct,5,2,1,0.6890415707097697,0.63671875,0
Boundary,object_delete_90pct,5,3,1,0.6777484480085417,0.6318359375,0
Boundary,object_delete_90pct,5,4,1,0.6973594844812573,0.650390625,0
Boundary,object_delete_90pct,5,5,1,0.6774877707545716,0.6328125,0
Boundary,object_delete_90pct,5,6,1,0.6625338315464466,0.61328125,0
Boundary,object_delete_90pct,5,7,1,0.6755057765007135,0.626953125,0
Boundary,object_delete_90pct,5,8,1,0.6776809349962221,0.62890625,0
Boundary,object_delete_90pct,5,9,1,0.693466649295138,0.6416015625,0
Boundary,object_delete_90pct,5,0,3,0.729921365909438,0.685546875,0
Boundary,object_delete_90pct,5,1,3,0.7291697476026797,0.685546875,0
Boundary,object_delete_90pct,5,2,3,0.7206910296072997,0.67578125,0
Boundary,object_delete_90pct,5,3,3,0.7400148163274699,0.6982421875,0
Boundary,object_delete_90pct,5,4,3,0.7341128721351309,0.6953125,0
Boundary,object_delete_90pct,5,5,3,0.7684023139108259,0.7294921875,0
Boundary,object_delete_90pct,5,6,3,0.7099303304647971,0.66796875,0
Boundary,object_delete_90pct,5,7,3,0.7440671772021645,0.697265625,0
Boundary,object_delete_90pct,5,8,3,0.7498572056680706,0.708984375,0
Boundary,object_delete_90pct,5,9,3,0.7486141162836178,0.7041015625,0
Boundary,object_delete_90pct,5,0,5,0.7911524871885632,0.7529296875,0
Boundary,object_delete_90pct,5,1,5,0.7964254847831473,0.7607421875,0
Boundary,object_delete_90pct,5,2,5,0.7697098521587183,0.73046875,0
Boundary,object_delete_90pct,5,3,5,0.7769580805972515,0.7373046875,0
Boundary,object_delete_90pct,5,4,5,0.7867714857673731,0.7470703125,0
Boundary,object_delete_90pct,5,5,5,0.7957209727333625,0.7578125,0
Boundary,object_delete_90pct,5,6,5,0.7642820056281477,0.7216796875,0
Boundary,object_delete_90pct,5,7,5,0.7764322089461307,0.73828125,0
Boundary,object_delete_90pct,5,8,5,0.779396505489117,0.7412109375,0
Boundary,object_delete_90pct,5,9,5,0.7739921365291108,0.734375,0
Boundary,object_delete_90pct,5,0,10,0.8644546467896344,0.8291015625,0
Boundary,object_delete_90pct,5,1,10,0.8672115656456226,0.8310546875,0
Boundary,object_delete_90pct,5,2,10,0.8638828160732873,0.8271484375,0
Boundary,object_delete_90pct,5,3,10,0.8644546467896344,0.8291015625,0
Boundary,object_delete_90pct,5,4,10,0.8577122245299067,0.8193359375,0
Boundary,object_delete_90pct,5,5,10,0.8613506803738726,0.8251953125,0
Boundary,object_delete_90pct,5,6,10,0.8615590613141133,0.8232421875,0
Boundary,object_delete_90pct,5,7,10,0.8608633258645011,0.8251953125,0
Boundary,object_delete_90pct,5,8,10,0.856193181239558,0.8193359375,0
Boundary,object_delete_90pct,5,9,10,0.856193181239558,0.8193359375,0
Boundary,object_delete_90pct,5,0,1000000,0.8779725763863457,0.849609375,0
Boundary,object_delete_90pct,5,1,1000000,0.8779725763863457,0.849609375,0
Boundary,object_delete_90pct,5,2,1000000,0.8779725763863457,0.849609375,0
Boundary,object_delete_90pct,5,3,1000000,0.8779725763863457,0.849609375,0
Boundary,object_delete_90pct,5,4,1000000,0.8779725763863457,0.849609375,0
Boundary,object_delete_90pct,5,5,1000000,0.8779725763863457,0.849609375,0
Boundary,object_delete_90pct,5,6,1000000,0.8779725763863457,0.849609375,0
Boundary,object_delete_90pct,5,7,1000000,0.8779725763863457,0.849609375,0
Boundary,object_delete_90pct,5,8,1000000,0.8779725763863457,0.849609375,0
Boundary,object_delete_90pct,5,9,1000000,0.8779725763863457,0.849609375,0
Boundary,vertex_delete_50pct,6,0,1,0.6553239735432957,0.6103515625,0
Boundary,vertex_delete_50pct,6,1,1,0.6074546205861212,0.55859375,0
Boundary,vertex_delete_50pct,6,2,1,0.6252614076413366,0.55859375,0
Boundary,vertex_delete_50pct,6,3,1,0.6134751306397749,0.568359375,0
Boundary,vertex_delete_50pct,6,4,1,0.6097455149734146,0.5546875,0
Boundary,vertex_delete_50pct,6,5,1,0.6322586121841358,0.5810546875,0
Boundary,vertex_delete_50pct,6,6,1,0.651503033173277,0.599609375,0
Boundary,vertex_delete_50pct,6,7,1,0.6305847712407936,0.580078125,0
Boundary,vertex_delete_50pct,6,8,1,0.6172230316926867,0.5625,0
Boundary,vertex_delete_50pct,6,9,1,0.5851367280609642,0.5341796875,0
Boundary,vertex_delete_50pct,6,0,3,0.6479562525421928,0.599609375,0
Boundary,vertex_delete_50pct,6,1,3,0.6465629578542142,0.6005859375,0
Boundary,vertex_delete_50pct,6,2,3,0.6217949033809601,0.56640625,0
Boundary,vertex_delete_50pct,6,3,3,0.6601162894531724,0.61328125,0
Boundary,vertex_delete_50pct,6,4,3,0.669470379753324,0.6142578125,0
Boundary,vertex_delete_50pct,6,5,3,0.623597535304901,0.5712890625,0
Boundary,vertex_delete_50pct,6,6,3,0.6362536450692432,0.5849609375,0
Boundary,vertex_delete_50pct,6,7,3,0.6357230429358297,0.5849609375,0
Boundary,vertex_delete_50pct,6,8,3,0.6355362272125836,0.58203125,0
Boundary,vertex_delete_50pct,6,9,3,0.6328210190841685,0.587890625,0
Boundary,vertex_delete_50pct,6,0,5,0.6868298994363167,0.6416015625,0
Boundary,vertex_delete_50pct,6,1,5,0.6851041961714014,0.6396484375,0
Boundary,vertex_delete_50pct,6,2,5,0.672258870778771,0.62109375,0
Boundary,vertex_delete_50pct,6,3,5,0.6880237084407945,0.638671875,0
Boundary,vertex_delete_50pct,6,4,5,0.6770566318374519,0.6279296875,0
Boundary,vertex_delete_50pct,6,5,5,0.6939987682255281,0.64453125,0
Boundary,vertex_delete_50pct,6,6,5,0.673373689371947,0.6279296875,0
Boundary,vertex_delete_50pct,6,7,5,0.6880237084407945,0.638671875,0
Boundary,vertex_delete_50pct,6,8,5,0.6971518910860122,0.6494140625,0
Boundary,vertex_delete_50pct,6,9,5,0.6812063482534833,0.6357421875,0
Boundary,vertex_delete_50pct,6,0,10,0.7551814073644951,0.693359375,0
Boundary,vertex_delete_50pct,6,1,10,0.7631830232995513,0.6923828125,0
Boundary,vertex_delete_50pct,6,2,10,0.746923345509397,0.6806640625,0
Boundary,vertex_delete_50pct,6,3,10,0.7682729894011543,0.7041015625,0
Boundary,vertex_delete_50pct,6,4,10,0.7707463884103513,0.708984375,0
Boundary,vertex_delete_50pct,6,5,10,0.759467759196246,0.701171875,0
Boundary,vertex_delete_50pct,6,6,10,0.7726735415429477,0.7109375,0
Boundary,vertex_delete_50pct,6,7,10,0.7408643984678648,0.6767578125,0
Boundary,vertex_delete_50pct,6,8,10,0.7412858642626203,0.6767578125,0
Boundary,vertex_delete_50pct,6,9,10,0.7646398410998236,0.69921875,0
Boundary,vertex_delete_50pct,6,0,1000000,0.8974874055997483,0.8759765625,0
Boundary,vertex_delete_50pct,6,1,1000000,0.8974874055997483,0.8759765625,0
Boundary,vertex_delete_50pct,6,2,1000000,0.8974874055997483,0.8759765625,0
Boundary,vertex_delete_50pct,6,3,1000000,0.8974874055997483,0.8759765625,0
Boundary,vertex_delete_50pct,6,4,1000000,0.8974874055997483,0.8759765625,0
Boundary,vertex_delete_50pct,6,5,1000000,0.8974874055997483,0.8759765625,0
Boundary,vertex_delete_50pct,6,6,1000000,0.8974874055997483,0.8759765625,0
Boundary,vertex_delete_50pct,6,7,1000000,0.8974874055997483,0.8759765625,0
Boundary,vertex_delete_50pct,6,8,1000000,0.8974874055997483,0.8759765625,0
Boundary,vertex_delete_50pct,6,9,1000000,0.8974874055997483,0.8759765625,0
Boundary,object_delete_90pct,6,0,1,0.7126182473730422,0.666015625,0
Boundary,object_delete_90pct,6,1,1,0.6963019407251582,0.6513671875,0
Boundary,object_delete_90pct,6,2,1,0.7050619828748573,0.66015625,0
Boundary,object_delete_90pct,6,3,1,0.6785436208472847,0.6357421875,0
Boundary,object_delete_90pct,6,4,1,0.6761321148610481,0.6279296875,0
Boundary,object_delete_90pct,6,5,1,0.6899909536273038,0.6396484375,0
Boundary,object_delete_90pct,6,6,1,0.6893430666610435,0.6357421875,0
Boundary,object_delete_90pct,6,7,1,0.6884719012248557,0.638671875,0
Boundary,object_delete_90pct,6,8,1,0.7001378794159406,0.6513671875,0
Boundary,object_delete_90pct,6,9,1,0.7056537434163295,0.6591796875,0
Boundary,object_delete_90pct,6,0,3,0.7679292073819819,0.724609375,0
Boundary,object_delete_90pct,6,1,3,0.7616201661123959,0.7197265625,0
Boundary,object_delete_90pct,6,2,3,0.7709063893840893,0.728515625,0
Boundary,object_delete_90pct,6,3,3,0.7632903857749231,0.7216796875,0
Boundary,object_delete_90pct,6,4,3,0.7752474045055898,0.73828125,0
Boundary,object_delete_90pct,6,5,3,0.7596159035536741,0.7177734375,0
Boundary,object_delete_90pct,6,6,3,0.7433970309431671,0.7041015625,0
Boundary,object_delete_90pct,6,7,3,0.7609815835626654,0.720703125,0
Boundary,object_delete_90pct,6,8,3,0.7822584664056931,0.7431640625,0
Boundary,object_delete_90pct,6,9,3,0.7576371255515493,0.7177734375,0
Boundary,object_delete_90pct,6,0,5,0.8017054380130483,0.7666015625,0
Boundary,object_delete_90pct,6,1,5,0.8026098812637489,0.765625,0
Boundary,object_delete_90pct,6,2,5,0.806034386911181,0.7685546875,0
Boundary,object_delete_90pct,6,3,5,0.8088885418578018,0.7744140625,0
Boundary,object_delete_90pct,6,4,5,0.8023381949598354,0.765625,0
Boundary,object_delete_90pct,6,5,5,0.8101714597007496,0.7744140625,0
Boundary,object_delete_90pct,6,6,5,0.7989022635632611,0.7626953125,0
Boundary,object_delete_90pct,6,7,5,0.78749602547075,0.7509765625,0
Boundary,object_delete_90pct,6,8,5,0.8076760048071304,0.7705078125,0
Boundary,object_delete_90pct,6,9,5,0.7982200932007707,0.759765625,0
Boundary,object_delete_90pct,6,0,10,0.8773159396241197,0.8447265625,0
Boundary,object_delete_90pct,6,1,10,0.8757992931034606,0.841796875,0
Boundary,object_delete_90pct,6,2,10,0.8687519059043182,0.8330078125,0
Boundary,object_delete_90pct,6,3,10,0.8788632340502645,0.8466796875,0
Boundary,object_delete_90pct,6,4,10,0.8707063558568745,0.8359375,0
Boundary,object_delete_90pct,6,5,10,0.8739932922558089,0.8408203125,0
Boundary,object_delete_90pct,6,6,10,0.8672115656456226,0.8310546875,0
Boundary,object_delete_90pct,6,7,10,0.8709434189036969,0.8359375,0
Boundary,object_delete_90pct,6,8,10,0.8740264044573383,0.83984375,0
Boundary,object_delete_90pct,6,9,10,0.8746813512742034,0.8408203125,0
Boundary,object_delete_90pct,6,0,1000000,0.8825145231839787,0.853515625,0
Boundary,object_delete_90pct,6,1,1000000,0.8825145231839787,0.853515625,0
Boundary,object_delete_90pct,6,2,1000000,0.8825145231839787,0.853515625,0
Boundary,object_delete_90pct,6,3,1000000,0.8825145231839787,0.853515625,0
Boundary,object_delete_90pct,6,4,1000000,0.8825145231839787,0.853515625,0
Boundary,object_delete_90pct,6,5,1000000,0.8825145231839787,0.853515625,0
Boundary,object_delete_90pct,6,6,1000000,0.8825145231839787,0.853515625,0
Boundary,object_delete_90pct,6,7,1000000,0.8825145231839787,0.853515625,0
Boundary,object_delete_90pct,6,8,1000000,0.8825145231839787,0.853515625,0
Boundary,object_delete_90pct,6,9,1000000,0.8825145231839787,0.853515625,0
Boundary,vertex_delete_50pct,7,0,1,0.6230442125889922,0.5712890625,0
Boundary,vertex_delete_50pct,7,1,1,0.6270187590236529,0.57421875,0
Boundary,vertex_delete_50pct,7,2,1,0.6245988914029752,0.564453125,0
Boundary,vertex_delete_50pct,7,3,1,0.6056759628924642,0.5537109375,0
Boundary,vertex_delete_50pct,7,4,1,0.6361879851804508,0.583984375,0
Boundary,vertex_delete_50pct,7,5,1,0.6202799107869698,0.5712890625,0
Boundary,vertex_delete_50pct,7,6,1,0.6286655652967719,0.57421875,0
Boundary,vertex_delete_50pct,7,7,1,0.6337723859568337,0.5869140625,0
Boundary,vertex_delete_50pct,7,8,1,0.620654322473536,0.5654296875,0
Boundary,vertex_delete_50pct,7,9,1,0.6081823767199582,0.5634765625,0
Boundary,vertex_delete_50pct,7,0,3,0.6717651061274424,0.6240234375,0
Boundary,vertex_delete_50pct,7,1,3,0.6427945971520916,0.5986328125,0
Boundary,vertex_delete_50pct,7,2,3,0.6664542058337363,0.6171875,0
Boundary,vertex_delete_50pct,7,3,3,0.650214200012405,0.5966796875,0
Boundary,vertex_delete_50pct,7,4,3,0.6663147934538178,0.6123046875,0
Boundary,vertex_delete_50pct,7,5,3,0.6616931598844269,0.6171875,0
Boundary,vertex_delete_50pct,7,6,3,0.6257644627588571,0.5693359375,0
Boundary,vertex_delete_50pct,7,7,3,0.6501956082628741,0.6015625,0
Boundary,vertex_delete_50pct,7,8,3,0.6545403598164824,0.6044921875,0
Boundary,vertex_delete_50pct,7,9,3,0.6406870278246038,0.59375,0
Boundary,vertex_delete_50pct,7,0,5,0.6787663708067384,0.6298828125,0
Boundary,vertex_delete_50pct,7,1,5,0.6647281709707705,0.62109375,0
Boundary,vertex_delete_50pct,7,2,5,0.6789580355286511,0.625,0
Boundary,vertex_delete_50pct,7,3,5,0.6941882107292091,0.6455078125,0
Boundary,vertex_delete_50pct,7,4,5,0.6615652471241297,0.61328125,0
Boundary,vertex_delete_50pct,7,5,5,0.6967668993557202,0.6533203125,0
Boundary,vertex_delete_50pct,7,6,5,0.6892780826972209,0.640625,0
Boundary,vertex_delete_50pct,7,7,5,0.6819131951443127,0.634765625,0
Boundary,vertex_delete_50pct,7,8,5,0.6827383255595082,0.63671875,0
Boundary,vertex_delete_50pct,7,9,5,0.6687937159063865,0.6201171875,0
Boundary,vertex_delete_50pct,7,0,10,0.7725087890696911,0.7138671875,0
Boundary,vertex_delete_50pct,7,1,10,0.732536074119762,0.6630859375,0
Boundary,vertex_delete_50pct,7,2,10,0.7511598726143321,0.6865234375,0
Boundary,vertex_delete_50pct,7,3,10,0.7678480600189428,0.7060546875,0
Boundary,vertex_delete_50pct,7,4,10,0.7655431766782858,0.7080078125,0
Boundary,vertex_delete_50pct,7,5,10,0.7646398410998236,0.69921875,0
Boundary,vertex_delete_50pct,7,6,10,0.7447363989576845,0.6826171875,0
Boundary,vertex_delete_50pct,7,7,10,0.751828565041385,0.6904296875,0
Boundary,vertex_delete_50pct,7,8,10,0.7476592267719535,0.6767578125,0
Boundary,vertex_delete_50pct,7,9,10,0.7587742044636459,0.6904296875,0
Boundary,vertex_delete_50pct,7,0,1000000,0.8901593228825458,0.8681640625,0
Boundary,vertex_delete_50pct,7,1,1000000,0.8901593228825458,0.8681640625,0
Boundary,vertex_delete_50pct,7,2,1000000,0.8901593228825458,0.8681640625,0
Boundary,vertex_delete_50pct,7,3,1000000,0.8901593228825458,0.8681640625,0
Boundary,vertex_delete_50pct,7,4,1000000,0.8901593228825458,0.8681640625,0
Boundary,vertex_delete_50pct,7,5,1000000,0.8901593228825458,0.8681640625,0
Boundary,vertex_delete_50pct,7,6,1000000,0.8901593228825458,0.8681640625,0
Boundary,vertex_delete_50pct,7,7,1000000,0.8901593228825458,0.8681640625,0
Boundary,vertex_delete_50pct,7,8,1000000,0.8901593228825458,0.8681640625,0
Boundary,vertex_delete_50pct,7,9,1000000,0.8901593228825458,0.8681640625,0
Boundary,object_delete_90pct,7,0,1,0.6888343074093592,0.640625,0
Boundary,object_delete_90pct,7,1,1,0.6781326902444914,0.6337890625,0
Boundary,object_delete_90pct,7,2,1,0.6906134083805254,0.640625,0
Boundary,object_delete_90pct,7,3,1,0.6830939434211994,0.6337890625,0
Boundary,object_delete_90pct,7,4,1,0.7087903687608011,0.66015625,0
Boundary,object_delete_90pct,7,5,1,0.6744160435035327,0.6259765625,0
Boundary,object_delete_90pct,7,6,1,0.6924909290403847,0.6435546875,0
Boundary,object_delete_90pct,7,7,1,0.6590920973565949,0.609375,0
Boundary,object_delete_90pct,7,8,1,0.6749059524322477,0.623046875,0
Boundary,object_delete_90pct,7,9,1,0.6713882563481363,0.6181640625,0
Boundary,object_delete_90pct,7,0,3,0.7451809372677431,0.697265625,0
Boundary,object_delete_90pct,7,1,3,0.7456421126590437,0.7001953125,0
Boundary,object_delete_90pct,7,2,3,0.7576144084141581,0.716796875,0
Boundary,object_delete_90pct,7,3,3,0.7372507464707585,0.6962890625,0
Boundary,object_delete_90pct,7,4,3,0.7519134452546701,0.708984375,0
Boundary,object_delete_90pct,7,5,3,0.7441979536283182,0.7001953125,0
Boundary,object_delete_90pct,7,6,3,0.7617059651255795,0.72265625,0
Boundary,object_delete_90pct,7,7,3,0.7596263169775997,0.71875,0
Boundary,object_delete_90pct,7,8,3,0.7549215715615132,0.7138671875,0
Boundary,object_delete_90pct,7,9,3,0.7560176393745253,0.7109375,0
Boundary,object_delete_90pct,7,0,5,0.7794513549282215,0.7373046875,0
Boundary,object_delete_90pct,7,1,5,0.7952982928001908,0.7587890625,0
Boundary,object_delete_90pct,7,2,5,0.7935080080946115,0.7578125,0
Boundary,object_delete_90pct,7,3,5,0.7765330766693769,0.7392578125,0
Boundary,object_delete_90pct,7,4,5,0.788755529431959,0.751953125,0
Boundary,object_delete_90pct,7,5,5,0.7744502841566949,0.736328125,0
Boundary,object_delete_90pct,7,6,5,0.7752907885788024,0.7353515625,0
Boundary,object_delete_90pct,7,7,5,0.7873085300881967,0.74609375,0
Boundary,object_delete_90pct,7,8,5,0.7758369464741708,0.73828125,0
Boundary,object_delete_90pct,7,9,5,0.7716414840875591,0.7314453125,0
Boundary,object_delete_90pct,7,0,10,0.8588195468599383,0.8232421875,0
Boundary,object_delete_90pct,7,1,10,0.8472386450390926,0.80859375,0
Boundary,object_delete_90pct,7,2,10,0.8568475131510654,0.8203125,0
Boundary,object_delete_90pct,7,3,10,0.8588195468599383,0.8232421875,0
Boundary,object_delete_90pct,7,4,10,0.8574341814949136,0.822265625,0
Boundary,object_delete_90pct,7,5,10,0.8523223544791731,0.8154296875,0
Boundary,object_delete_90pct,7,6,10,0.8576245664545504,0.8232421875,0
Boundary,object_delete_90pct,7,7,10,0.8523223544791731,0.8154296875,0
Boundary,object_delete_90pct,7,8,10,0.8534798136949976,0.81640625,0
Boundary,object_delete_90pct,7,9,10,0.8578609152550544,0.8232421875,0
Boundary,object_delete_90pct,7,0,1000000,0.8680460783796381,0.83984375,0
Boundary,object_delete_90pct,7,1,1000000,0.8680460783796381,0.83984375,0
Boundary,object_delete_90pct,7,2,1000000,0.8680460783796381,0.83984375,0
Boundary,object_delete_90pct,7,3,1000000,0.8680460783796381,0.83984375,0
Boundary,object_delete_90pct,7,4,1000000,0.8680460783796381,0.83984375,0
Boundary,object_delete_90pct,7,5,1000000,0.8680460783796381,0.83984375,0
Boundary,object_delete_90pct,7,6,1000000,0.8680460783796381,0.83984375,0
Boundary,object_delete_90pct,7,7,1000000,0.8680460783796381,0.83984375,0
Boundary,object_delete_90pct,7,8,1000000,0.8680460783796381,0.83984375,0
Boundary,object_delete_90pct,7,9,1000000,0.8680460783796381,0.83984375,0
Boundary,vertex_delete_50pct,8,0,1,0.6354845587094815,0.5810546875,0
Boundary,vertex_delete_50pct,8,1,1,0.6056892205948698,0.5517578125,0
Boundary,vertex_delete_50pct,8,2,1,0.615506243599594,0.5615234375,0
Boundary,vertex_delete_50pct,8,3,1,0.6309292531783314,0.576171875,0
Boundary,vertex_delete_50pct,8,4,1,0.627531378678229,0.5732421875,0
Boundary,vertex_delete_50pct,8,5,1,0.5951147781325683,0.5458984375,0
Boundary,vertex_delete_50pct,8,6,1,0.6206712050540983,0.56640625,0
Boundary,vertex_delete_50pct,8,7,1,0.6104087297087908,0.5625,0
Boundary,vertex_delete_50pct,8,8,1,0.6126246590449559,0.5576171875,0
Boundary,vertex_delete_50pct,8,9,1,0.5974812205313372,0.5517578125,0
Boundary,vertex_delete_50pct,8,0,3,0.663115313729122,0.6171875,0
Boundary,vertex_delete_50pct,8,1,3,0.6613748535881007,0.615234375,0
Boundary,vertex_delete_50pct,8,2,3,0.6611480065605977,0.60546875,0
Boundary,vertex_delete_50pct,8,3,3,0.6571451490872456,0.60546875,0
Boundary,vertex_delete_50pct,8,4,3,0.6547261077106561,0.5947265625,0
Boundary,vertex_delete_50pct,8,5,3,0.6301839617946923,0.58203125,0
Boundary,vertex_delete_50pct,8,6,3,0.6687937159063865,0.6201171875,0
Boundary,vertex_delete_50pct,8,7,3,0.6462191044120529,0.59765625,0
Boundary,vertex_delete_50pct,8,8,3,0.6614441112986799,0.6083984375,0
Boundary,vertex_delete_50pct,8,9,3,0.6443841198150644,0.5947265625,0
Boundary,vertex_delete_50pct,8,0,5,0.6513284077284911,0.6064453125,0
Boundary,vertex_delete_50pct,8,1,5,0.6603251987103325,0.611328125,0
Boundary,vertex_delete_50pct,8,2,5,0.6929317604490748,0.6435546875,0
Boundary,vertex_delete_50pct,8,3,5,0.6866086450310915,0.6357421875,0
Boundary,vertex_delete_50pct,8,4,5,0.6776838732998286,0.6259765625,0
Boundary,vertex_delete_50pct,8,5,5,0.6613748535881007,0.615234375,0
Boundary,vertex_delete_50pct,8,6,5,0.6868298994363167,0.6416015625,0
Boundary,vertex_delete_50pct,8,7,5,0.6515541015726118,0.6044921875,0
Boundary,vertex_delete_50pct,8,8,5,0.6551529386682149,0.60546875,0
Boundary,vertex_delete_50pct,8,9,5,0.6758131842648619,0.6259765625,0
Boundary,vertex_delete_50pct,8,0,10,0.7442486189756641,0.6767578125,0
Boundary,vertex_delete_50pct,8,1,10,0.7628868378214481,0.7080078125,0
Boundary,vertex_delete_50pct,8,2,10,0.7476239967580407,0.6796875,0
Boundary,vertex_delete_50pct,8,3,10,0.7539334864828304,0.6826171875,0
Boundary,vertex_delete_50pct,8,4,10,0.7664890050791385,0.705078125,0
Boundary,vertex_delete_50pct,8,5,10,0.7601551112678717,0.69140625,0
Boundary,vertex_delete_50pct,8,6,10,0.7559865603583894,0.693359375,0
Boundary,vertex_delete_50pct,8,7,10,0.7618436171695679,0.69921875,0
Boundary,vertex_delete_50pct,8,8,10,0.7515722460001194,0.6865234375,0
Boundary,vertex_delete_50pct,8,9,10,0.7455633269993734,0.6826171875,0
Boundary,vertex_delete_50pct,8,0,1000000,0.883582681880058,0.857421875,0
Boundary,vertex_delete_50pct,8,1,1000000,0.883582681880058,0.857421875,0
Boundary,vertex_delete_50pct,8,2,1000000,0.883582681880058,0.857421875,0
Boundary,vertex_delete_50pct,8,3,1000000,0.883582681880058,0.857421875,0
Boundary,vertex_delete_50pct,8,4,1000000,0.883582681880058,0.857421875,0
Boundary,vertex_delete_50pct,8,5,1000000,0.883582681880058,0.857421875,0
Boundary,vertex_delete_50pct,8,6,1000000,0.883582681880058,0.857421875,0
Boundary,vertex_delete_50pct,8,7,1000000,0.883582681880058,0.857421875,0
Boundary,vertex_delete_50pct,8,8,1000000,0.883582681880058,0.857421875,0
Boundary,vertex_delete_50pct,8,9,1000000,0.883582681880058,0.857421875,0
Boundary,object_delete_90pct,8,0,1,0.7007695553100164,0.654296875,0
Boundary,object_delete_90pct,8,1,1,0.676899059508702,0.626953125,0
Boundary,object_delete_90pct,8,2,1,0.6811701970986396,0.6376953125,0
Boundary,object_delete_90pct,8,3,1,0.6714652102688401,0.625,0
Boundary,object_delete_90pct,8,4,1,0.6640256870426138,0.609375,0
Boundary,object_delete_90pct,8,5,1,0.69594332378327,0.6455078125,0
Boundary,object_delete_90pct,8,6,1,0.6971488285573019,0.6513671875,0
Boundary,object_delete_90pct,8,7,1,0.6687937159063865,0.6201171875,0
Boundary,object_delete_90pct,8,8,1,0.6924909290403847,0.6435546875,0
Boundary,object_delete_90pct,8,9,1,0.6869243116010034,0.6318359375,0
Boundary,object_delete_90pct,8,0,3,0.7285101637973157,0.6845703125,0
Boundary,object_delete_90pct,8,1,3,0.7171634667838528,0.6728515625,0
Boundary,object_delete_90pct,8,2,3,0.736191624589464,0.6904296875,0
Boundary,object_delete_90pct,8,3,3,0.7542472332656507,0.712890625,0
Boundary,object_delete_90pct,8,4,3,0.7270111527697757,0.6845703125,0
Boundary,object_delete_90pct,8,5,3,0.7384359213862042,0.6943359375,0
Boundary,object_delete_90pct,8,6,3,0.7257782604045276,0.681640625,0
Boundary,object_delete_90pct,8,7,3,0.753574698817812,0.7119140625,0
Boundary,object_delete_90pct,8,8,3,0.7566006588809087,0.71484375,0
Boundary,object_delete_90pct,8,9,3,0.7610194341477615,0.7216796875,0
Boundary,object_delete_90pct,8,0,5,0.7680292629618652,0.728515625,0
Boundary,object_delete_90pct,8,1,5,0.7662836205939595,0.724609375,0
Boundary,object_delete_90pct,8,2,5,0.7746127903830242,0.734375,0
Boundary,object_delete_90pct,8,3,5,0.7683010447625046,0.7275390625,0
Boundary,object_delete_90pct,8,4,5,0.7957238618592779,0.7548828125,0
Boundary,object_delete_90pct,8,5,5,0.7582782656633497,0.716796875,0
Boundary,object_delete_90pct,8,6,5,0.7586209579616813,0.7177734375,0
Boundary,object_delete_90pct,8,7,5,0.7973752782899807,0.759765625,0
Boundary,object_delete_90pct,8,8,5,0.7902964167448437,0.7529296875,0
Boundary,object_delete_90pct,8,9,5,0.7887208915213,0.7490234375,0
Boundary,object_delete_90pct,8,0,10,0.8353184833589611,0.79296875,0
Boundary,object_delete_90pct,8,1,10,0.8360395618403169,0.794921875,0
Boundary,object_delete_90pct,8,2,10,0.8362368783088407,0.7939453125,0
Boundary,object_delete_90pct,8,3,10,0.8457324841172565,0.8046875,0
Boundary,object_delete_90pct,8,4,10,0.8396229154635407,0.7978515625,0
Boundary,object_delete_90pct,8,5,10,0.8432754622489333,0.8017578125,0
Boundary,object_delete_90pct,8,6,10,0.845296177114691,0.8056640625,0
Boundary,object_delete_90pct,8,7,10,0.8427268818793024,0.8017578125,0
Boundary,object_delete_90pct,8,8,10,0.8455629401487162,0.8056640625,0
Boundary,object_delete_90pct,8,9,10,0.8387075224972829,0.796875,0
Boundary,object_delete_90pct,8,0,1000000,0.840314712819688,0.8017578125,0
Boundary,object_delete_90pct,8,1,1000000,0.840314712819688,0.8017578125,0
Boundary,object_delete_90pct,8,2,1000000,0.840314712819688,0.8017578125,0
Boundary,object_delete_90pct,8,3,1000000,0.840314712819688,0.8017578125,0
Boundary,object_delete_90pct,8,4,1000000,0.840314712819688,0.8017578125,0
Boundary,object_delete_90pct,8,5,1000000,0.840314712819688,0.8017578125,0
Boundary,object_delete_90pct,8,6,1000000,0.840314712819688,0.8017578125,0
Boundary,object_delete_90pct,8,7,1000000,0.840314712819688,0.8017578125,0
Boundary,object_delete_90pct,8,8,1000000,0.840314712819688,0.8017578125,0
Boundary,object_delete_90pct,8,9,1000000,0.840314712819688,0.8017578125,0
Boundary,vertex_delete_50pct,9,0,1,0.6261423668510953,0.578125,0
Boundary,vertex_delete_50pct,9,1,1,0.6223660745620905,0.578125,0
Boundary,vertex_delete_50pct,9,2,1,0.6246877341798582,0.55859375,0
Boundary,vertex_delete_50pct,9,3,1,0.6446451065082951,0.591796875,0
Boundary,vertex_delete_50pct,9,4,1,0.625747997077314,0.568359375,0
Boundary,vertex_delete_50pct,9,5,1,0.632016783779668,0.5849609375,0
Boundary,vertex_delete_50pct,9,6,1,0.6508115489670628,0.59765625,0
Boundary,vertex_delete_50pct,9,7,1,0.5777171006090297,0.5341796875,0
Boundary,vertex_delete_50pct,9,8,1,0.6132466294823222,0.5625,0
Boundary,vertex_delete_50pct,9,9,1,0.6427136959864835,0.6015625,0
Boundary,vertex_delete_50pct,9,0,3,0.670983900788502,0.6220703125,0
Boundary,vertex_delete_50pct,9,1,3,0.6485852889350446,0.6044921875,0
Boundary,vertex_delete_50pct,9,2,3,0.672996918956434,0.615234375,0
Boundary,vertex_delete_50pct,9,3,3,0.6436042935022624,0.591796875,0
Boundary,vertex_delete_50pct,9,4,3,0.6494032504727565,0.5927734375,0
Boundary,vertex_delete_50pct,9,5,3,0.6458216319026274,0.5986328125,0
Boundary,vertex_delete_50pct,9,6,3,0.6521071158558331,0.6005859375,0
Boundary,vertex_delete_50pct,9,7,3,0.6406870278246038,0.59375,0
Boundary,vertex_delete_50pct,9,8,3,0.6507278962266788,0.5966796875,0
Boundary,vertex_delete_50pct,9,9,3,0.6402359112836018,0.5888671875,0
Boundary,vertex_delete_50pct,9,0,5,0.7081955800176557,0.669921875,0
Boundary,vertex_delete_50pct,9,1,5,0.6785801869701837,0.6337890625,0
Boundary,vertex_delete_50pct,9,2,5,0.6916263984191063,0.638671875,0
Boundary,vertex_delete_50pct,9,3,5,0.663429345937098,0.6083984375,0
Boundary,vertex_delete_50pct,9,4,5,0.6753468928681654,0.6259765625,0
Boundary,vertex_delete_50pct,9,5,5,0.6941572763316904,0.6494140625,0
Boundary,vertex_delete_50pct,9,6,5,0.6896346722823316,0.64453125,0
Boundary,vertex_delete_50pct,9,7,5,0.660458946783834,0.6123046875,0
Boundary,vertex_delete_50pct,9,8,5,0.6847604353663334,0.6328125,0
Boundary,vertex_delete_50pct,9,9,5,0.6661214602573323,0.6181640625,0
Boundary,vertex_delete_50pct,9,0,10,0.7571276599427056,0.6904296875,0
Boundary,vertex_delete_50pct,9,1,10,0.7593204134846566,0.6962890625,0
Boundary,vertex_delete_50pct,9,2,10,0.7657275753634925,0.703125,0
Boundary,vertex_delete_50pct,9,3,10,0.7645431603483525,0.705078125,0
Boundary,vertex_delete_50pct,9,4,10,0.7602574298503999,0.69921875,0
Boundary,vertex_delete_50pct,9,5,10,0.7787261636296081,0.7216796875,0
Boundary,vertex_delete_50pct,9,6,10,0.7568729534189649,0.69140625,0
Boundary,vertex_delete_50pct,9,7,10,0.747488876863531,0.6787109375,0
Boundary,vertex_delete_50pct,9,8,10,0.7470709598540612,0.681640625,0
Boundary,vertex_delete_50pct,9,9,10,0.7655189474722865,0.7041015625,0
Boundary,vertex_delete_50pct,9,0,1000000,0.8924905714772475,0.8701171875,0
Boundary,vertex_delete_50pct,9,1,1000000,0.8924905714772475,0.8701171875,0
Boundary,vertex_delete_50pct,9,2,1000000,0.8924905714772475,0.8701171875,0
Boundary,vertex_delete_50pct,9,3,1000000,0.8924905714772475,0.8701171875,0
Boundary,vertex_delete_50pct,9,4,1000000,0.8924905714772475,0.8701171875,0
Boundary,vertex_delete_50pct,9,5,1000000,0.8924905714772475,0.8701171875,0
Boundary,vertex_delete_50pct,9,6,1000000,0.8924905714772475,0.8701171875,0
Boundary,vertex_delete_50pct,9,7,1000000,0.8924905714772475,0.8701171875,0
Boundary,vertex_delete_50pct,9,8,1000000,0.8924905714772475,0.8701171875,0
Boundary,vertex_delete_50pct,9,9,1000000,0.8924905714772475,0.8701171875,0
Boundary,object_delete_90pct,9,0,1,0.6926505931631681,0.646484375,0
Boundary,object_delete_90pct,9,1,1,0.7278258106736746,0.6806640625,0
Boundary,object_delete_90pct,9,2,1,0.710999767796294,0.666015625,0
Boundary,object_delete_90pct,9,3,1,0.683378492906486,0.6376953125,0
Boundary,object_delete_90pct,9,4,1,0.6961287100802973,0.646484375,0
Boundary,object_delete_90pct,9,5,1,0.6922321755348867,0.6484375,0
Boundary,object_delete_90pct,9,6,1,0.6771111667693442,0.630859375,0
Boundary,object_delete_90pct,9,7,1,0.6830939434211994,0.6337890625,0
Boundary,object_delete_90pct,9,8,1,0.67084118969076,0.62890625,0
Boundary,object_delete_90pct,9,9,1,0.6905620650785295,0.6376953125,0
Boundary,object_delete_90pct,9,0,3,0.7583652278642962,0.7197265625,0
Boundary,object_delete_90pct,9,1,3,0.7523530032289147,0.70703125,0
Boundary,object_delete_90pct,9,2,3,0.7792353492165246,0.7392578125,0
Boundary,object_delete_90pct,9,3,3,0.7722389856931151,0.73046875,0
Boundary,object_delete_90pct,9,4,3,0.7752907885788024,0.7353515625,0
Boundary,object_delete_90pct,9,5,3,0.7502388050647933,0.70703125,0
Boundary,object_delete_90pct,9,6,3,0.7649488903423052,0.7216796875,0
Boundary,object_delete_90pct,9,7,3,0.7606304894205752,0.7197265625,0
Boundary,object_delete_90pct,9,8,3,0.7623441300137505,0.72265625,0
Boundary,object_delete_90pct,9,9,3,0.764668084568159,0.724609375,0
Boundary,object_delete_90pct,9,0,5,0.795321066345746,0.7568359375,0
Boundary,object_delete_90pct,9,1,5,0.8140776760988246,0.77734375,0
Boundary,object_delete_90pct,9,2,5,0.795321066345746,0.7568359375,0
Boundary,object_delete_90pct,9,3,5,0.8100993907710891,0.775390625,0
Boundary,object_delete_90pct,9,4,5,0.7910496566364932,0.751953125,0
Boundary,object_delete_90pct,9,5,5,0.8081376242652525,0.7744140625,0
Boundary,object_delete_90pct,9,6,5,0.8074259221243208,0.7734375,0
Boundary,object_delete_90pct,9,7,5,0.8053510172360512,0.767578125,0
Boundary,object_delete_90pct,9,8,5,0.8206164526136746,0.78515625,0
Boundary,object_delete_90pct,9,9,5,0.8106951856109983,0.7744140625,0
Boundary,object_delete_90pct,9,0,10,0.8535697682125049,0.818359375,0
Boundary,object_delete_90pct,9,1,10,0.8529797570871139,0.81640625,0
Boundary,object_delete_90pct,9,2,10,0.8511640960726473,0.814453125,0
Boundary,object_delete_90pct,9,3,10,0.8538862487075753,0.8173828125,0
Boundary,object_delete_90pct,9,4,10,0.8511640960726473,0.814453125,0
Boundary,object_delete_90pct,9,5,10,0.8505060642030667,0.8134765625,0
Boundary,object_delete_90pct,9,6,10,0.8505060642030667,0.8134765625,0
Boundary,object_delete_90pct,9,7,10,0.8522391831974436,0.81640625,0
Boundary,object_delete_90pct,9,8,10,0.8518236576563712,0.8154296875,0
Boundary,object_delete_90pct,9,9,10,0.8446349873498414,0.806640625,0
Boundary,object_delete_90pct,9,0,1000000,0.8546468144678251,0.8212890625,0
Boundary,object_delete_90pct,9,1,1000000,0.8546468144678251,0.8212890625,0
Boundary,object_delete_90pct,9,2,1000000,0.8546468144678251,0.8212890625,0
Boundary,object_delete_90pct,9,3,1000000,0.8546468144678251,0.8212890625,0
Boundary,object_delete_90pct,9,4,1000000,0.8546468144678251,0.8212890625,0
Boundary,object_delete_90pct,9,5,1000000,0.8546468144678251,0.8212890625,0
Boundary,object_delete_90pct,9,6,1000000,0.8546468144678251,0.8212890625,0
Boundary,object_delete_90pct,9,7,1000000,0.8546468144678251,0.8212890625,0
Boundary,object_delete_90pct,9,8,1000000,0.8546468144678251,0.8212890625,0
Boundary,object_delete_90pct,9,9,1000000,0.8546468144678251,0.8212890625,0
Boundary,vertex_delete_50pct,10,0,1,0.6251890470392257,0.568359375,0
Boundary,vertex_delete_50pct,10,1,1,0.6363247686199329,0.5859375,0
Boundary,vertex_delete_50pct,10,2,1,0.6409910804507277,0.583984375,0
Boundary,vertex_delete_50pct,10,3,1,0.6291839406974301,0.5732421875,0
Boundary,vertex_delete_50pct,10,4,1,0.6257363315113476,0.5673828125,0
Boundary,vertex_delete_50pct,10,5,1,0.6426519044392175,0.5927734375,0
Boundary,vertex_delete_50pct,10,6,1,0.6386637053837023,0.5888671875,0
Boundary,vertex_delete_50pct,10,7,1,0.6308739782291275,0.583984375,0
Boundary,vertex_delete_50pct,10,8,1,0.6392705118914932,0.58984375,0
Boundary,vertex_delete_50pct,10,9,1,0.603351981388458,0.5546875,0
Boundary,vertex_delete_50pct,10,0,3,0.6464423159785163,0.599609375,0
Boundary,vertex_delete_50pct,10,1,3,0.6358415665657277,0.591796875,0
Boundary,vertex_delete_50pct,10,2,3,0.6534534501974217,0.5986328125,0
Boundary,vertex_delete_50pct,10,3,3,0.6648752076030584,0.6162109375,0
Boundary,vertex_delete_50pct,10,4,3,0.6829919227033117,0.626953125,0
Boundary,vertex_delete_50pct,10,5,3,0.6227580392693733,0.576171875,0
Boundary,vertex_delete_50pct,10,6,3,0.6562628344475784,0.6064453125,0
Boundary,vertex_delete_50pct,10,7,3,0.6497885515070315,0.59765625,0
Boundary,vertex_delete_50pct,10,8,3,0.619603810203589,0.568359375,0
Boundary,vertex_delete_50pct,10,9,3,0.6770566318374519,0.6279296875,0
Boundary,vertex_delete_50pct,10,0,5,0.6566419931928925,0.609375,0
Boundary,vertex_delete_50pct,10,1,5,0.6909361114969227,0.64453125,0
Boundary,vertex_delete_50pct,10,2,5,0.6716381901725348,0.6259765625,0
Boundary,vertex_delete_50pct,10,3,5,0.680768476737996,0.630859375,0
Boundary,vertex_delete_50pct,10,4,5,0.6767474454932508,0.6259765625,0
Boundary,vertex_delete_50pct,10,5,5,0.6769325300207304,0.6298828125,0
Boundary,vertex_delete_50pct,10,6,5,0.6932928284362015,0.6474609375,0
Boundary,vertex_delete_50pct,10,7,5,0.7001378794159406,0.6513671875,0
Boundary,vertex_delete_50pct,10,8,5,0.6499890902404946,0.59375,0
Boundary,vertex_delete_50pct,10,9,5,0.6856053266838844,0.6376953125,0
Boundary,vertex_delete_50pct,10,0,10,0.7614462455094153,0.69921875,0
Boundary,vertex_delete_50pct,10,1,10,0.7350302873490118,0.6689453125,0
Boundary,vertex_delete_50pct,10,2,10,0.7474889823534383,0.681640625,0
Boundary,vertex_delete_50pct,10,3,10,0.7505905963880999,0.685546875,0
Boundary,vertex_delete_50pct,10,4,10,0.762405704642719,0.7041015625,0
Boundary,vertex_delete_50pct,10,5,10,0.7772911125083438,0.716796875,0
Boundary,vertex_delete_50pct,10,6,10,0.7832977191742535,0.7255859375,0
Boundary,vertex_delete_50pct,10,7,10,0.725539059187668,0.6630859375,0
Boundary,vertex_delete_50pct,10,8,10,0.742141850779311,0.673828125,0
Boundary,vertex_delete_50pct,10,9,10,0.7634383996121554,0.69921875,0
Boundary,vertex_delete_50pct,10,0,1000000,0.8876312761697489,0.8642578125,0
Boundary,vertex_delete_50pct,10,1,1000000,0.8876312761697489,0.8642578125,0
Boundary,vertex_delete_50pct,10,2,1000000,0.8876312761697489,0.8642578125,0
Boundary,vertex_delete_50pct,10,3,1000000,0.8876312761697489,0.8642578125,0
Boundary,vertex_delete_50pct,10,4,1000000,0.8876312761697489,0.8642578125,0
Boundary,vertex_delete_50pct,10,5,1000000,0.8876312761697489,0.8642578125,0
Boundary,vertex_delete_50pct,10,6,1000000,0.8876312761697489,0.8642578125,0
Boundary,vertex_delete_50pct,10,7,1000000,0.8876312761697489,0.8642578125,0
Boundary,vertex_delete_50pct,10,8,1000000,0.8876312761697489,0.8642578125,0
Boundary,vertex_delete_50pct,10,9,1000000,0.8876312761697489,0.8642578125,0
Boundary,object_delete_90pct,10,0,1,0.663429345937098,0.6083984375,0
Boundary,object_delete_90pct,10,1,1,0.689202437604511,0.64453125,0
Boundary,object_delete_90pct,10,2,1,0.6888343074093592,0.640625,0
Boundary,object_delete_90pct,10,3,1,0.689660143443125,0.642578125,0
Boundary,object_delete_90pct,10,4,1,0.6610817276358167,0.61328125,0
Boundary,object_delete_90pct,10,5,1,0.6744331166691245,0.623046875,0
Boundary,object_delete_90pct,10,6,1,0.6905620650785295,0.6376953125,0
Boundary,object_delete_90pct,10,7,1,0.6835489273575046,0.6337890625,0
Boundary,object_delete_90pct,10,8,1,0.6696013837141434,0.619140625,0
Boundary,object_delete_90pct,10,9,1,0.69594332378327,0.6455078125,0
Boundary,object_delete_90pct,10,0,3,0.7248524675350669,0.6796875,0
Boundary,object_delete_90pct,10,1,3,0.7576371255515493,0.7177734375,0
Boundary,object_delete_90pct,10,2,3,0.7444588843721635,0.7021484375,0
Boundary,object_delete_90pct,10,3,3,0.7138856847263858,0.6708984375,0
Boundary,object_delete_90pct,10,4,3,0.7396362223168982,0.69921875,0
Boundary,object_delete_90pct,10,5,3,0.7606304894205752,0.7197265625,0
Boundary,object_delete_90pct,10,6,3,0.7230696679995394,0.6826171875,0
Boundary,object_delete_90pct,10,7,3,0.7428842757220955,0.6982421875,0
Boundary,object_delete_90pct,10,8,3,0.7387317012080148,0.6953125,0
Boundary,object_delete_90pct,10,9,3,0.7613888759851236,0.72265625,0
Boundary,object_delete_90pct,10,0,5,0.7699362546221779,0.728515625,0
Boundary,object_delete_90pct,10,1,5,0.7890373400469554,0.751953125,0
Boundary,object_delete_90pct,10,2,5,0.7875427623211784,0.7490234375,0
Boundary,object_delete_90pct,10,3,5,0.7725465100312366,0.7294921875,0
Boundary,object_delete_90pct,10,4,5,0.7702889125234553,0.7294921875,0
Boundary,object_delete_90pct,10,5,5,0.7934948587409095,0.7529296875,0
Boundary,object_delete_90pct,10,6,5,0.7744502841566949,0.736328125,0
Boundary,object_delete_90pct,10,7,5,0.7848351549303961,0.748046875,0
Boundary,object_delete_90pct,10,8,5,0.7738961508984652,0.732421875,0
Boundary,object_delete_90pct,10,9,5,0.7686216205050063,0.7275390625,0
Boundary,object_delete_90pct,10,0,10,0.8273654987609042,0.78515625,0
Boundary,object_delete_90pct,10,1,10,0.8285151390713779,0.78515625,0
Boundary,object_delete_90pct,10,2,10,0.832914180300727,0.791015625,0
Boundary,object_delete_90pct,10,3,10,0.8235380356819569,0.779296875,0
Boundary,object_delete_90pct,10,4,10,0.8312857432398618,0.7880859375,0
Boundary,object_delete_90pct,10,5,10,0.826663417221547,0.783203125,0
Boundary,object_delete_90pct,10,6,10,0.8319917295099452,0.7900390625,0
Boundary,object_delete_90pct,10,7,10,0.8295032500113219,0.787109375,0
Boundary,object_delete_90pct,10,8,10,0.8363165998912591,0.794921875,0
Boundary,object_delete_90pct,10,9,10,0.8291512352411405,0.7861328125,0
Boundary,object_delete_90pct,10,0,1000000,0.8310867006620349,0.7919921875,0
Boundary,object_delete_90pct,10,1,1000000,0.8310867006620349,0.7919921875,0
Boundary,object_delete_90pct,10,2,1000000,0.8310867006620349,0.7919921875,0
Boundary,object_delete_90pct,10,3,1000000,0.8310867006620349,0.7919921875,0
Boundary,object_delete_90pct,10,4,1000000,0.8310867006620349,0.7919921875,0
Boundary,object_delete_90pct,10,5,1000000,0.8310867006620349,0.7919921875,0
Boundary,object_delete_90pct,10,6,1000000,0.8310867006620349,0.7919921875,0
Boundary,object_delete_90pct,10,7,1000000,0.8310867006620349,0.7919921875,0
Boundary,object_delete_90pct,10,8,1000000,0.8310867006620349,0.7919921875,0
Boundary,object_delete_90pct,10,9,1000000,0.8310867006620349,0.7919921875,0
Road,no_attack,0,0,1,0.7419449482098216,0.6962890625,0
Road,no_attack,0,1,1,0.7228422743272269,0.6806640625,0
Road,no_attack,0,2,1,0.7353976026876895,0.6875,0
Road,no_attack,0,3,1,0.7039441151546307,0.6552734375,0
Road,no_attack,0,4,1,0.7490386728182147,0.703125,0
Road,no_attack,0,5,1,0.749863375533979,0.7099609375,0
Road,no_attack,0,6,1,0.7218656806324893,0.67578125,0
Road,no_attack,0,7,1,0.7282901630760418,0.6875,0
Road,no_attack,0,8,1,0.71156806696482,0.6650390625,0
Road,no_attack,0,9,1,0.7301431227862721,0.68359375,0
Road,no_attack,0,0,3,0.7937821333626656,0.755859375,0
Road,no_attack,0,1,3,0.7948801937568056,0.7578125,0
Road,no_attack,0,2,3,0.8037251245947657,0.767578125,0
Road,no_attack,0,3,3,0.800430338923,0.76171875,0
Road,no_attack,0,4,3,0.8089018354053719,0.771484375,0
Road,no_attack,0,5,3,0.790013900375358,0.7529296875,0
Road,no_attack,0,6,3,0.7736234965603533,0.7333984375,0
Road,no_attack,0,7,3,0.7970964637733656,0.759765625,0
Road,no_attack,0,8,3,0.8017904594263544,0.763671875,0
Road,no_attack,0,9,3,0.7958501754258321,0.7587890625,0
Road,no_attack,0,0,5,0.8479094845267943,0.8203125,0
Road,no_attack,0,1,5,0.8428657903395899,0.8125,0
Road,no_attack,0,2,5,0.8461910421820047,0.8134765625,0
Road,no_attack,0,3,5,0.8454332164139678,0.8154296875,0
Road,no_attack,0,4,5,0.8614023749225725,0.83203125,0
Road,no_attack,0,5,5,0.8538345181376386,0.8251953125,0
Road,no_attack,0,6,5,0.860226972570769,0.83203125,0
Road,no_attack,0,7,5,0.8250337304882561,0.791015625,0
Road,no_attack,0,8,5,0.845780063222062,0.814453125,0
Road,no_attack,0,9,5,0.8518054891409678,0.8232421875,0
Road,no_attack,0,0,10,0.9122160249162365,0.888671875,0
Road,no_attack,0,1,10,0.9016860120705641,0.8779296875,0
Road,no_attack,0,2,10,0.9187296949851387,0.896484375,0
Road,no_attack,0,3,10,0.9222795050644196,0.90234375,0
Road,no_attack,0,4,10,0.9204822971630328,0.8994140625,0
Road,no_attack,0,5,10,0.9187296949851387,0.896484375,0
Road,no_attack,0,6,10,0.9187273416280296,0.8955078125,0
Road,no_attack,0,7,10,0.9117061401961205,0.888671875,0
Road,no_attack,0,8,10,0.9123021995276812,0.88671875,0
Road,no_attack,0,9,10,0.9168462738048585,0.8935546875,0
Road,no_attack,0,0,1000000,0.998416467731765,0.998046875,0
Road,no_attack,0,1,1000000,0.998416467731765,0.998046875,0
Road,no_attack,0,2,1000000,0.998416467731765,0.998046875,0
Road,no_attack,0,3,1000000,0.998416467731765,0.998046875,0
Road,no_attack,0,4,1000000,0.998416467731765,0.998046875,0
Road,no_attack,0,5,1000000,0.998416467731765,0.998046875,0
Road,no_attack,0,6,1000000,0.998416467731765,0.998046875,0
Road,no_attack,0,7,1000000,0.998416467731765,0.998046875,0
Road,no_attack,0,8,1000000,0.998416467731765,0.998046875,0
Road,no_attack,0,9,1000000,0.998416467731765,0.998046875,0
Road,vertex_delete_50pct,1,0,1,0.6426519044392175,0.5927734375,0
Road,vertex_delete_50pct,1,1,1,0.6612413305594995,0.6064453125,0
Road,vertex_delete_50pct,1,2,1,0.6623558543394765,0.6015625,0
Road,vertex_delete_50pct,1,3,1,0.6392221798124147,0.580078125,0
Road,vertex_delete_50pct,1,4,1,0.6736866091555126,0.62109375,0
Road,vertex_delete_50pct,1,5,1,0.6504341057617513,0.603515625,0
Road,vertex_delete_50pct,1,6,1,0.6559360493526303,0.603515625,0
Road,vertex_delete_50pct,1,7,1,0.6658356867159559,0.6162109375,0
Road,vertex_delete_50pct,1,8,1,0.6549155663846833,0.59765625,0
Road,vertex_delete_50pct,1,9,1,0.6382204469418713,0.58203125,0
Road,vertex_delete_50pct,1,0,3,0.6994841834118483,0.6455078125,0
Road,vertex_delete_50pct,1,1,3,0.6940288849683031,0.65234375,0
Road,vertex_delete_50pct,1,2,3,0.6893430666610435,0.6357421875,0
Road,vertex_delete_50pct,1,3,3,0.6931201803551708,0.64453125,0
Road,vertex_delete_50pct,1,4,3,0.6974445166940352,0.646484375,0
Road,vertex_delete_50pct,1,5,3,0.6745799012109275,0.626953125,0
Road,vertex_delete_50pct,1,6,3,0.7009986021642622,0.6513671875,0
Road,vertex_delete_50pct,1,7,3,0.6810722926663277,0.6298828125,0
Road,vertex_delete_50pct,1,8,3,0.6853748459299283,0.6337890625,0
Road,vertex_delete_50pct,1,9,3,0.7168058744598317,0.669921875,0
Road,vertex_delete_50pct,1,0,5,0.7271848366958169,0.6796875,0
Road,vertex_delete_50pct,1,1,5,0.7255051938875327,0.6806640625,0
Road,vertex_delete_50pct,1,2,5,0.7243578185430273,0.6806640625,0
Road,vertex_delete_50pct,1,3,5,0.7506958380235647,0.705078125,0
Road,vertex_delete_50pct,1,4,5,0.7415021978389393,0.697265625,0
Road,vertex_delete_50pct,1,5,5,0.7129611501924683,0.6689453125,0
Road,vertex_delete_50pct,1,6,5,0.7129769339439449,0.662109375,0
Road,vertex_delete_50pct,1,7,5,0.7420112889691524,0.6923828125,0
Road,vertex_delete_50pct,1,8,5,0.7304174834821295,0.681640625,0
Road,vertex_delete_50pct,1,9,5,0.7128583093062782,0.6669921875,0
Road,vertex_delete_50pct,1,0,10,0.7975790230673447,0.7373046875,0
Road,vertex_delete_50pct,1,1,10,0.7876250066639465,0.728515625,0
Road,vertex_delete_50pct,1,2,10,0.7916367260361522,0.7333984375,0
Road,vertex_delete_50pct,1,3,10,0.8074799484310472,0.7509765625,0
Road,vertex_delete_50pct,1,4,10,0.795657446498502,0.7412109375,0
Road,vertex_delete_50pct,1,5,10,0.7983514172605373,0.7421875,0
Road,vertex_delete_50pct,1,6,10,0.7907857945090203,0.734375,0
Road,vertex_delete_50pct,1,7,10,0.8050287224698736,0.748046875,0
Road,vertex_delete_50pct,1,8,10,0.7922689571290902,0.7294921875,0
Road,vertex_delete_50pct,1,9,10,0.7943462189076989,0.7451171875,0
Road,vertex_delete_50pct,1,0,1000000,0.8887133647851542,0.86328125,0
Road,vertex_delete_50pct,1,1,1000000,0.8887133647851542,0.86328125,0
Road,vertex_delete_50pct,1,2,1000000,0.8887133647851542,0.86328125,0
Road,vertex_delete_50pct,1,3,1000000,0.8887133647851542,0.86328125,0
Road,vertex_delete_50pct,1,4,1000000,0.8887133647851542,0.86328125,0
Road,vertex_delete_50pct,1,5,1000000,0.8887133647851542,0.86328125,0
Road,vertex_delete_50pct,1,6,1000000,0.8887133647851542,0.86328125,0
Road,vertex_delete_50pct,1,7,1000000,0.8887133647851542,0.86328125,0
Road,vertex_delete_50pct,1,8,1000000,0.8887133647851542,0.86328125,0
Road,vertex_delete_50pct,1,9,1000000,0.8887133647851542,0.86328125,0
Road,object_delete_90pct,1,0,1,0.7260581890090908,0.6826171875,0
Road,object_delete_90pct,1,1,1,0.7053674509205076,0.6669921875,0
Road,object_delete_90pct,1,2,1,0.6905015950960495,0.646484375,0
Road,object_delete_90pct,1,3,1,0.6987435470131688,0.65625,0
Road,object_delete_90pct,1,4,1,0.69950851982815,0.654296875,0
Road,object_delete_90pct,1,5,1,0.702877175761955,0.6611328125,0
Road,object_delete_90pct,1,6,1,0.702877175761955,0.6611328125,0
Road,object_delete_90pct,1,7,1,0.7107548548145197,0.6650390625,0
Road,object_delete_90pct,1,8,1,0.6971841190258089,0.6533203125,0
Road,object_delete_90pct,1,9,1,0.742595491910609,0.697265625,0
Road,object_delete_90pct,1,0,3,0.7714687305171852,0.7333984375,0
Road,object_delete_90pct,1,1,3,0.7884751877472884,0.751953125,0
Road,object_delete_90pct,1,2,3,0.8013876853447538,0.767578125,0
Road,object_delete_90pct,1,3,3,0.7731568459012491,0.7353515625,0
Road,object_delete_90pct,1,4,3,0.7846955943212475,0.7490234375,0
Road,object_delete_90pct,1,5,3,0.7649886927931139,0.724609375,0
Road,object_delete_90pct,1,6,3,0.7775235485317233,0.740234375,0
Road,object_delete_90pct,1,7,3,0.7928054776265642,0.7568359375,0
Road,object_delete_90pct,1,8,3,0.7952184064802368,0.755859375,0
Road,object_delete_90pct,1,9,3,0.7694752056382922,0.7314453125,0
Road,object_delete_90pct,1,0,5,0.8134194702414623,0.779296875,0
Road,object_delete_90pct,1,1,5,0.8157879668770012,0.7822265625,0
Road,object_delete_90pct,1,2,5,0.8196234219014585,0.7880859375,0
Road,object_delete_90pct,1,3,5,0.8226665657004509,0.7890625,0
Road,object_delete_90pct,1,4,5,0.8351408967715074,0.8037109375,0
Road,object_delete_90pct,1,5,5,0.8299719841740877,0.7978515625,0
Road,object_delete_90pct,1,6,5,0.8219631311419767,0.7880859375,0
Road,object_delete_90pct,1,7,5,0.8285826026750163,0.796875,0
Road,object_delete_90pct,1,8,5,0.8336460092245187,0.8037109375,0
Road,object_delete_90pct,1,9,5,0.8107656357816638,0.7783203125,0
Road,object_delete_90pct,1,0,10,0.8961144768588735,0.8720703125,0
Road,object_delete_90pct,1,1,10,0.8888888888888888,0.86328125,0
Road,object_delete_90pct,1,2,10,0.8899470869654187,0.8642578125,0
Road,object_delete_90pct,1,3,10,0.8925850638658469,0.8671875,0
Road,object_delete_90pct,1,4,10,0.8904873287358132,0.8642578125,0
Road,object_delete_90pct,1,5,10,0.8880302926515323,0.861328125,0
Road,object_delete_90pct,1,6,10,0.8938204568265324,0.869140625,0
Road,object_delete_90pct,1,7,10,0.8945284335369994,0.8701171875,0
Road,object_delete_90pct,1,8,10,0.8926039741321968,0.8681640625,0
Road,object_delete_90pct,1,9,10,0.8924095317846,0.8671875,0
Road,object_delete_90pct,1,0,1000000,0.8961844296374866,0.873046875,0
Road,object_delete_90pct,1,1,1000000,0.8961844296374866,0.873046875,0
Road,object_delete_90pct,1,2,1000000,0.8961844296374866,0.873046875,0
Road,object_delete_90pct,1,3,1000000,0.8961844296374866,0.873046875,0
Road,object_delete_90pct,1,4,1000000,0.8961844296374866,0.873046875,0
Road,object_delete_90pct,1,5,1000000,0.8961844296374866,0.873046875,0
Road,object_delete_90pct,1,6,1000000,0.8961844296374866,0.873046875,0
Road,object_delete_90pct,1,7,1000000,0.8961844296374866,0.873046875,0
Road,object_delete_90pct,1,8,1000000,0.8961844296374866,0.873046875,0
Road,object_delete_90pct,1,9,1000000,0.8961844296374866,0.873046875,0
Road,vertex_delete_50pct,2,0,1,0.6489676645639563,0.599609375,0
Road,vertex_delete_50pct,2,1,1,0.670556949586926,0.619140625,0
Road,vertex_delete_50pct,2,2,1,0.6521309111480036,0.5947265625,0
Road,vertex_delete_50pct,2,3,1,0.6476551901001774,0.58984375,0
Road,vertex_delete_50pct,2,4,1,0.6549887690167787,0.5986328125,0
Road,vertex_delete_50pct,2,5,1,0.643004755138788,0.5908203125,0
Road,vertex_delete_50pct,2,6,1,0.6486749731408025,0.5966796875,0
Road,vertex_delete_50pct,2,7,1,0.6653344220191931,0.6123046875,0
Road,vertex_delete_50pct,2,8,1,0.6432183705504894,0.5859375,0
Road,vertex_delete_50pct,2,9,1,0.6546426294344261,0.6005859375,0
Road,vertex_delete_50pct,2,0,3,0.6894248845204652,0.6435546875,0
Road,vertex_delete_50pct,2,1,3,0.6696158086126341,0.625,0
Road,vertex_delete_50pct,2,2,3,0.7056969994808806,0.6533203125,0
Road,vertex_delete_50pct,2,3,3,0.6627687165333869,0.611328125,0
Road,vertex_delete_50pct,2,4,3,0.7009986021642622,0.6513671875,0
Road,vertex_delete_50pct,2,5,3,0.668855028395081,0.6171875,0
Road,vertex_delete_50pct,2,6,3,0.6983249591786135,0.646484375,0
Road,vertex_delete_50pct,2,7,3,0.7094530791374328,0.6572265625,0
Road,vertex_delete_50pct,2,8,3,0.676899059508702,0.626953125,0
Road,vertex_delete_50pct,2,9,3,0.6786040949230816,0.62890625,0
Road,vertex_delete_50pct,2,0,5,0.72277432690805,0.677734375,0
Road,vertex_delete_50pct,2,1,5,0.702056552822737,0.65625,0
Road,vertex_delete_50pct,2,2,5,0.7344174790248033,0.689453125,0
Road,vertex_delete_50pct,2,3,5,0.7109238730951639,0.658203125,0
Road,vertex_delete_50pct,2,4,5,0.7223867732063757,0.677734375,0
Road,vertex_delete_50pct,2,5,5,0.7018731852237783,0.6572265625,0
Road,vertex_delete_50pct,2,6,5,0.7220112813484488,0.6748046875,0
Road,vertex_delete_50pct,2,7,5,0.7255051938875327,0.6806640625,0
Road,vertex_delete_50pct,2,8,5,0.7050820128721457,0.65234375,0
Road,vertex_delete_50pct,2,9,5,0.7148867120481476,0.6669921875,0
Road,vertex_delete_50pct,2,0,10,0.7799141523654883,0.7236328125,0
Road,vertex_delete_50pct,2,1,10,0.7972168065917697,0.7373046875,0
Road,vertex_delete_50pct,2,2,10,0.79516820851532,0.7392578125,0
Road,vertex_delete_50pct,2,3,10,0.7764303037791342,0.7197265625,0
Road,vertex_delete_50pct,2,4,10,0.7948155734869294,0.7392578125,0
Road,vertex_delete_50pct,2,5,10,0.7891201573338642,0.7333984375,0
Road,vertex_delete_50pct,2,6,10,0.7933965727267923,0.736328125,0
Road,vertex_delete_50pct,2,7,10,0.7994086163085367,0.7421875,0
Road,vertex_delete_50pct,2,8,10,0.7913584234090644,0.73046875,0
Road,vertex_delete_50pct,2,9,10,0.8082974962652734,0.7578125,0
Road,vertex_delete_50pct,2,0,1000000,0.8963419985859071,0.873046875,0
Road,vertex_delete_50pct,2,1,1000000,0.8963419985859071,0.873046875,0
Road,vertex_delete_50pct,2,2,1000000,0.8963419985859071,0.873046875,0
Road,vertex_delete_50pct,2,3,1000000,0.8963419985859071,0.873046875,0
Road,vertex_delete_50pct,2,4,1000000,0.8963419985859071,0.873046875,0
Road,vertex_delete_50pct,2,5,1000000,0.8963419985859071,0.873046875,0
Road,vertex_delete_50pct,2,6,1000000,0.8963419985859071,0.873046875,0
Road,vertex_delete_50pct,2,7,1000000,0.8963419985859071,0.873046875,0
Road,vertex_delete_50pct,2,8,1000000,0.8963419985859071,0.873046875,0
Road,vertex_delete_50pct,2,9,1000000,0.8963419985859071,0.873046875,0
Road,object_delete_90pct,2,0,1,0.7450800879957518,0.6982421875,0
Road,object_delete_90pct,2,1,1,0.7259079527665504,0.677734375,0
Road,object_delete_90pct,2,2,1,0.7180903671003278,0.6748046875,0
Road,object_delete_90pct,2,3,1,0.73447854101657,0.6943359375,0
Road,object_delete_90pct,2,4,1,0.7236047360068822,0.6748046875,0
Road,object_delete_90pct,2,5,1,0.7390949450973675,0.6953125,0
Road,object_delete_90pct,2,6,1,0.7345184618063061,0.6884765625,0
Road,object_delete_90pct,2,7,1,0.7287276653609925,0.6826171875,0
Road,object_delete_90pct,2,8,1,0.7440671772021645,0.697265625,0
Road,object_delete_90pct,2,9,1,0.7383405983849827,0.69140625,0
Road,object_delete_90pct,2,0,3,0.7996550337521924,0.759765625,0
Road,object_delete_90pct,2,1,3,0.8156877678704427,0.77734375,0
Road,object_delete_90pct,2,2,3,0.8288246623344099,0.7939453125,0
Road,object_delete_90pct,2,3,3,0.808631469444752,0.771484375,0
Road,object_delete_90pct,2,4,3,0.8026348171978371,0.763671875,0
Road,object_delete_90pct,2,5,3,0.8179244732861611,0.78515625,0
Road,object_delete_90pct,2,6,3,0.8187905703399206,0.7802734375,0
Road,object_delete_90pct,2,7,3,0.7996550337521924,0.759765625,0
Road,object_delete_90pct,2,8,3,0.7921601313725408,0.7509765625,0
Road,object_delete_90pct,2,9,3,0.797539888481408,0.7587890625,0
Road,object_delete_90pct,2,0,5,0.8411942921479838,0.8056640625,0
Road,object_delete_90pct,2,1,5,0.8482601285873536,0.814453125,0
Road,object_delete_90pct,2,2,5,0.8450412545548295,0.8115234375,0
Road,object_delete_90pct,2,3,5,0.8429876883247333,0.80859375,0
Road,object_delete_90pct,2,4,5,0.8456080861913409,0.8095703125,0
Road,object_delete_90pct,2,5,5,0.8418702217806692,0.806640625,0
Road,object_delete_90pct,2,6,5,0.845115437354801,0.8095703125,0
Road,object_delete_90pct,2,7,5,0.836405709839741,0.7998046875,0
Road,object_delete_90pct,2,8,5,0.8455091722998107,0.8115234375,0
Road,object_delete_90pct,2,9,5,0.8418702217806692,0.806640625,0
Road,object_delete_90pct,2,0,10,0.8588986295203657,0.822265625,0
Road,object_delete_90pct,2,1,10,0.8600465907836418,0.8232421875,0
Road,object_delete_90pct,2,2,10,0.8602957009365265,0.8232421875,0
Road,object_delete_90pct,2,3,10,0.8604517915990643,0.82421875,0
Road,object_delete_90pct,2,4,10,0.8611063765485089,0.8251953125,0
Road,object_delete_90pct,2,5,10,0.8584969572867343,0.8212890625,0
Road,object_delete_90pct,2,6,10,0.8615962242805492,0.8251953125,0
Road,object_delete_90pct,2,7,10,0.8591470876012548,0.822265625,0
Road,object_delete_90pct,2,8,10,0.8600465907836418,0.8232421875,0
Road,object_delete_90pct,2,9,10,0.8597986971659918,0.8232421875,0
Road,object_delete_90pct,2,0,1000000,0.8615212268591622,0.826171875,0
Road,object_delete_90pct,2,1,1000000,0.8615212268591622,0.826171875,0
Road,object_delete_90pct,2,2,1000000,0.8615212268591622,0.826171875,0
Road,object_delete_90pct,2,3,1000000,0.8615212268591622,0.826171875,0
Road,object_delete_90pct,2,4,1000000,0.8615212268591622,0.826171875,0
Road,object_delete_90pct,2,5,1000000,0.8615212268591622,0.826171875,0
Road,object_delete_90pct,2,6,1000000,0.8615212268591622,0.826171875,0
Road,object_delete_90pct,2,7,1000000,0.8615212268591622,0.826171875,0
Road,object_delete_90pct,2,8,1000000,0.8615212268591622,0.826171875,0
Road,object_delete_90pct,2,9,1000000,0.8615212268591622,0.826171875,0
Road,vertex_delete_50pct,3,0,1,0.6311850424583343,0.5810546875,0
Road,vertex_delete_50pct,3,1,1,0.6556591474175841,0.6005859375,0
Road,vertex_delete_50pct,3,2,1,0.6542066482147282,0.5947265625,0
Road,vertex_delete_50pct,3,3,1,0.6643322858466515,0.607421875,0
Road,vertex_delete_50pct,3,4,1,0.6586435012440112,0.60546875,0
Road,vertex_delete_50pct,3,5,1,0.6393592387089533,0.5908203125,0
Road,vertex_delete_50pct,3,6,1,0.6591437009259957,0.60546875,0
Road,vertex_delete_50pct,3,7,1,0.6368536014920957,0.5859375,0
Road,vertex_delete_50pct,3,8,1,0.6435267590682564,0.5908203125,0
Road,vertex_delete_50pct,3,9,1,0.6240547237895706,0.5673828125,0
Road,vertex_delete_50pct,3,0,3,0.6910598117059262,0.640625,0
Road,vertex_delete_50pct,3,1,3,0.6687937159063865,0.6201171875,0
Road,vertex_delete_50pct,3,2,3,0.6990192862865555,0.642578125,0
Road,vertex_delete_50pct,3,3,3,0.6961795864410845,0.638671875,0
Road,vertex_delete_50pct,3,4,3,0.6796869910849341,0.6298828125,0
Road,vertex_delete_50pct,3,5,3,0.6804573288455177,0.62890625,0
Road,vertex_delete_50pct,3,6,3,0.6970052557410253,0.646484375,0
Road,vertex_delete_50pct,3,7,3,0.6954515206199487,0.6474609375,0
Road,vertex_delete_50pct,3,8,3,0.6928516011481491,0.640625,0
Road,vertex_delete_50pct,3,9,3,0.6763274250785707,0.623046875,0
Road,vertex_delete_50pct,3,0,5,0.7278944449120156,0.677734375,0
Road,vertex_delete_50pct,3,1,5,0.7299529362097867,0.69140625,0
Road,vertex_delete_50pct,3,2,5,0.7192329371089269,0.669921875,0
Road,vertex_delete_50pct,3,3,5,0.7060538805452545,0.6572265625,0
Road,vertex_delete_50pct,3,4,5,0.7071769271895163,0.654296875,0
Road,vertex_delete_50pct,3,5,5,0.7318261124933457,0.689453125,0
Road,vertex_delete_50pct,3,6,5,0.7482584088121784,0.7041015625,0
Road,vertex_delete_50pct,3,7,5,0.7238414581362959,0.67578125,0
Road,vertex_delete_50pct,3,8,5,0.7196229171289245,0.66796875,0
Road,vertex_delete_50pct,3,9,5,0.7011915310401359,0.654296875,0
Road,vertex_delete_50pct,3,0,10,0.8018721267841916,0.7451171875,0
Road,vertex_delete_50pct,3,1,10,0.7968190728895957,0.740234375,0
Road,vertex_delete_50pct,3,2,10,0.8044443095271712,0.7470703125,0
Road,vertex_delete_50pct,3,3,10,0.8017636705076924,0.7431640625,0
Road,vertex_delete_50pct,3,4,10,0.8038864239245259,0.7490234375,0
Road,vertex_delete_50pct,3,5,10,0.8072081184802568,0.75390625,0
Road,vertex_delete_50pct,3,6,10,0.7980142750070282,0.7392578125,0
Road,vertex_delete_50pct,3,7,10,0.7870971183978293,0.732421875,0
Road,vertex_delete_50pct,3,8,10,0.7910527077153933,0.732421875,0
Road,vertex_delete_50pct,3,9,10,0.828706173406257,0.779296875,0
Road,vertex_delete_50pct,3,0,1000000,0.8894217852761106,0.8642578125,0
Road,vertex_delete_50pct,3,1,1000000,0.8894217852761106,0.8642578125,0
Road,vertex_delete_50pct,3,2,1000000,0.8894217852761106,0.8642578125,0
Road,vertex_delete_50pct,3,3,1000000,0.8894217852761106,0.8642578125,0
Road,vertex_delete_50pct,3,4,1000000,0.8894217852761106,0.8642578125,0
Road,vertex_delete_50pct,3,5,1000000,0.8894217852761106,0.8642578125,0
Road,vertex_delete_50pct,3,6,1000000,0.8894217852761106,0.8642578125,0
Road,vertex_delete_50pct,3,7,1000000,0.8894217852761106,0.8642578125,0
Road,vertex_delete_50pct,3,8,1000000,0.8894217852761106,0.8642578125,0
Road,vertex_delete_50pct,3,9,1000000,0.8894217852761106,0.8642578125,0
Road,object_delete_90pct,3,0,1,0.740481337382944,0.6962890625,15
Road,object_delete_90pct,3,1,1,0.755974592523494,0.7119140625,15
Road,object_delete_90pct,3,2,1,0.7372896036130984,0.6953125,15
Road,object_delete_90pct,3,3,1,0.760303044342971,0.7197265625,15
Road,object_delete_90pct,3,4,1,0.7579427407705163,0.7158203125,15
Road,object_delete_90pct,3,5,1,0.7739365678269091,0.7333984375,15
Road,object_delete_90pct,3,6,1,0.7546960564135323,0.705078125,15
Road,object_delete_90pct,3,7,1,0.752863781896838,0.705078125,15
Road,object_delete_90pct,3,8,1,0.7455734187731824,0.701171875,15
Road,object_delete_90pct,3,9,1,0.7380084462105615,0.6953125,15
Road,object_delete_90pct,3,0,3,0.827226471670647,0.7890625,15
Road,object_delete_90pct,3,1,3,0.8253586682266876,0.787109375,15
Road,object_delete_90pct,3,2,3,0.8338828382723137,0.796875,15
Road,object_delete_90pct,3,3,3,0.8285714285714286,0.7890625,15
Road,object_delete_90pct,3,4,3,0.8293555858801988,0.791015625,15
Road,object_delete_90pct,3,5,3,0.8225958192982991,0.7822265625,15
Road,object_delete_90pct,3,6,3,0.819062929478843,0.7802734375,15
Road,object_delete_90pct,3,7,3,0.8196115000322123,0.7802734375,15
Road,object_delete_90pct,3,8,3,0.8212209069672677,0.7841796875,15
Road,object_delete_90pct,3,9,3,0.8326156262008774,0.796875,15
Road,object_delete_90pct,3,0,5,0.8386117940529042,0.80078125,15
Road,object_delete_90pct,3,1,5,0.8445274907393114,0.8076171875,15
Road,object_delete_90pct,3,2,5,0.840710738869035,0.802734375,15
Road,object_delete_90pct,3,3,5,0.8443771981125964,0.806640625,15
Road,object_delete_90pct,3,4,5,0.840314712819688,0.8017578125,15
Road,object_delete_90pct,3,5,5,0.8438653757878681,0.806640625,15
Road,object_delete_90pct,3,6,5,0.849344847874097,0.8125,15
Road,object_delete_90pct,3,7,5,0.8441206563872742,0.806640625,15
Road,object_delete_90pct,3,8,5,0.8404517769497887,0.802734375,15
Road,object_delete_90pct,3,9,5,0.843204815705593,0.8056640625,15
Road,object_delete_90pct,3,0,10,0.8519195215310214,0.814453125,15
Road,object_delete_90pct,3,1,10,0.8519195215310214,0.814453125,15
Road,object_delete_90pct,3,2,10,0.8519195215310214,0.814453125,15
Road,object_delete_90pct,3,3,10,0.8519195215310214,0.814453125,15
Road,object_delete_90pct,3,4,10,0.8519195215310214,0.814453125,15
Road,object_delete_90pct,3,5,10,0.8519195215310214,0.814453125,15
Road,object_delete_90pct,3,6,10,0.8519195215310214,0.814453125,15
Road,object_delete_90pct,3,7,10,0.8519195215310214,0.814453125,15
Road,object_delete_90pct,3,8,10,0.8519195215310214,0.814453125,15
Road,object_delete_90pct,3,9,10,0.8519195215310214,0.814453125,15
Road,object_delete_90pct,3,0,1000000,0.8519195215310214,0.814453125,15
Road,object_delete_90pct,3,1,1000000,0.8519195215310214,0.814453125,15
Road,object_delete_90pct,3,2,1000000,0.8519195215310214,0.814453125,15
Road,object_delete_90pct,3,3,1000000,0.8519195215310214,0.814453125,15
Road,object_delete_90pct,3,4,1000000,0.8519195215310214,0.814453125,15
Road,object_delete_90pct,3,5,1000000,0.8519195215310214,0.814453125,15
Road,object_delete_90pct,3,6,1000000,0.8519195215310214,0.814453125,15
Road,object_delete_90pct,3,7,1000000,0.8519195215310214,0.814453125,15
Road,object_delete_90pct,3,8,1000000,0.8519195215310214,0.814453125,15
Road,object_delete_90pct,3,9,1000000,0.8519195215310214,0.814453125,15
Road,vertex_delete_50pct,4,0,1,0.6495807659426053,0.6005859375,0
Road,vertex_delete_50pct,4,1,1,0.656013688703006,0.5986328125,0
Road,vertex_delete_50pct,4,2,1,0.6546241526467179,0.5927734375,0
Road,vertex_delete_50pct,4,3,1,0.6039396689343972,0.55078125,0
Road,vertex_delete_50pct,4,4,1,0.6358286521275289,0.5751953125,0
Road,vertex_delete_50pct,4,5,1,0.6385246500851477,0.5927734375,0
Road,vertex_delete_50pct,4,6,1,0.6468772561327574,0.59375,0
Road,vertex_delete_50pct,4,7,1,0.6718699228574173,0.6181640625,0
Road,vertex_delete_50pct,4,8,1,0.6638669916137154,0.6123046875,0
Road,vertex_delete_50pct,4,9,1,0.6585199931541738,0.59765625,0
Road,vertex_delete_50pct,4,0,3,0.6955904296300722,0.6435546875,0
Road,vertex_delete_50pct,4,1,3,0.6636359237528667,0.6142578125,0
Road,vertex_delete_50pct,4,2,3,0.7054231936122938,0.65625,0
Road,vertex_delete_50pct,4,3,3,0.6945292079305903,0.642578125,0
Road,vertex_delete_50pct,4,4,3,0.6782974396303997,0.626953125,0
Road,vertex_delete_50pct,4,5,3,0.6855337005269868,0.6318359375,0
Road,vertex_delete_50pct,4,6,3,0.696035717793675,0.6435546875,0
Road,vertex_delete_50pct,4,7,3,0.694083338300329,0.642578125,0
Road,vertex_delete_50pct,4,8,3,0.6957639274971821,0.64453125,0
Road,vertex_delete_50pct,4,9,3,0.7009986021642622,0.6513671875,0
Road,vertex_delete_50pct,4,0,5,0.7018731852237783,0.6572265625,0
Road,vertex_delete_50pct,4,1,5,0.7134326703447267,0.666015625,0
Road,vertex_delete_50pct,4,2,5,0.7179686115723063,0.666015625,0
Road,vertex_delete_50pct,4,3,5,0.7324651030080519,0.6865234375,0
Road,vertex_delete_50pct,4,4,5,0.7209727654499785,0.673828125,0
Road,vertex_delete_50pct,4,5,5,0.7079500621901186,0.658203125,0
Road,vertex_delete_50pct,4,6,5,0.7294989734568325,0.6826171875,0
Road,vertex_delete_50pct,4,7,5,0.7145555909951028,0.6689453125,0
Road,vertex_delete_50pct,4,8,5,0.7183678181568501,0.67578125,0
Road,vertex_delete_50pct,4,9,5,0.6806099572186133,0.6298828125,0
Road,vertex_delete_50pct,4,0,10,0.8047360929208474,0.7509765625,0
Road,vertex_delete_50pct,4,1,10,0.7883607074442617,0.728515625,0
Road,vertex_delete_50pct,4,2,10,0.7988312169233956,0.736328125,0
Road,vertex_delete_50pct,4,3,10,0.7890679455995734,0.7265625,0
Road,vertex_delete_50pct,4,4,10,0.8004719561162704,0.7421875,0
Road,vertex_delete_50pct,4,5,10,0.7963939137275053,0.7333984375,0
Road,vertex_delete_50pct,4,6,10,0.796357438383695,0.73828125,0
Road,vertex_delete_50pct,4,7,10,0.7873408537003652,0.73046875,0
Road,vertex_delete_50pct,4,8,10,0.7845460290227264,0.71875,0
Road,vertex_delete_50pct,4,9,10,0.7962775715882576,0.736328125,0
Road,vertex_delete_50pct,4,0,1000000,0.8747264910590731,0.8447265625,0
Road,vertex_delete_50pct,4,1,1000000,0.8747264910590731,0.8447265625,0
Road,vertex_delete_50pct,4,2,1000000,0.8747264910590731,0.8447265625,0
Road,vertex_delete_50pct,4,3,1000000,0.8747264910590731,0.8447265625,0
Road,vertex_delete_50pct,4,4,1000000,0.8747264910590731,0.8447265625,0
Road,vertex_delete_50pct,4,5,1000000,0.8747264910590731,0.8447265625,0
Road,vertex_delete_50pct,4,6,1000000,0.8747264910590731,0.8447265625,0
Road,vertex_delete_50pct,4,7,1000000,0.8747264910590731,0.8447265625,0
Road,vertex_delete_50pct,4,8,1000000,0.8747264910590731,0.8447265625,0
Road,vertex_delete_50pct,4,9,1000000,0.8747264910590731,0.8447265625,0
Road,object_delete_90pct,4,0,1,0.7379644433111392,0.69140625,0
Road,object_delete_90pct,4,1,1,0.7322698110799573,0.6884765625,0
Road,object_delete_90pct,4,2,1,0.7314365571442931,0.685546875,0
Road,object_delete_90pct,4,3,1,0.7251217444308166,0.6806640625,0
Road,object_delete_90pct,4,4,1,0.7172083066320696,0.669921875,0
Road,object_delete_90pct,4,5,1,0.7260581890090908,0.6826171875,0
Road,object_delete_90pct,4,6,1,0.738586415699002,0.689453125,0
Road,object_delete_90pct,4,7,1,0.7092947323819144,0.6640625,0
Road,object_delete_90pct,4,8,1,0.7146708891617548,0.6708984375,0
Road,object_delete_90pct,4,9,1,0.7283630227311315,0.6796875,0
Road,object_delete_90pct,4,0,3,0.7851186044947526,0.7451171875,0
Road,object_delete_90pct,4,1,3,0.7895017123943003,0.7548828125,0
Road,object_delete_90pct,4,2,3,0.8030712729190075,0.76953125,0
Road,object_delete_90pct,4,3,3,0.7772310840702349,0.740234375,0
Road,object_delete_90pct,4,4,3,0.7805940866899364,0.7412109375,0
Road,object_delete_90pct,4,5,3,0.8006838894032171,0.763671875,0
Road,object_delete_90pct,4,6,3,0.7835387550081025,0.744140625,0
Road,object_delete_90pct,4,7,3,0.7936710226396345,0.7548828125,0
Road,object_delete_90pct,4,8,3,0.7835387550081025,0.744140625,0
Road,object_delete_90pct,4,9,3,0.7771239081558686,0.7392578125,0
Road,object_delete_90pct,4,0,5,0.8292519504369388,0.7958984375,0
Road,object_delete_90pct,4,1,5,0.8341684639770788,0.8017578125,0
Road,object_delete_90pct,4,2,5,0.8363579239459891,0.8056640625,0
Road,object_delete_90pct,4,3,5,0.8425770149516875,0.8115234375,0
Road,object_delete_90pct,4,4,5,0.8336460092245187,0.8037109375,0
Road,object_delete_90pct,4,5,5,0.8351408967715074,0.8037109375,0
Road,object_delete_90pct,4,6,5,0.8369633939007995,0.8046875,0
Road,object_delete_90pct,4,7,5,0.8382222027046452,0.8076171875,0
Road,object_delete_90pct,4,8,5,0.8320749551278781,0.7978515625,0
Road,object_delete_90pct,4,9,5,0.8381555393230593,0.806640625,0
Road,object_delete_90pct,4,0,10,0.8879045860653888,0.8603515625,0
Road,object_delete_90pct,4,1,10,0.891919651317378,0.865234375,0
Road,object_delete_90pct,4,2,10,0.8912301114761418,0.8642578125,0
Road,object_delete_90pct,4,3,10,0.8858468669932229,0.857421875,0
Road,object_delete_90pct,4,4,10,0.888097492455136,0.8603515625,0
Road,object_delete_90pct,4,5,10,0.8882919217324227,0.8603515625,0
Road,object_delete_90pct,4,6,10,0.887023732068142,0.859375,0
Road,object_delete_90pct,4,7,10,0.8856495658951118,0.857421875,0
Road,object_delete_90pct,4,8,10,0.8907337387831413,0.86328125,0
Road,object_delete_90pct,4,9,10,0.8869634501938356,0.8603515625,0
Road,object_delete_90pct,4,0,1000000,0.8894254707194191,0.86328125,0
Road,object_delete_90pct,4,1,1000000,0.8894254707194191,0.86328125,0
Road,object_delete_90pct,4,2,1000000,0.8894254707194191,0.86328125,0
Road,object_delete_90pct,4,3,1000000,0.8894254707194191,0.86328125,0
Road,object_delete_90pct,4,4,1000000,0.8894254707194191,0.86328125,0
Road,object_delete_90pct,4,5,1000000,0.8894254707194191,0.86328125,0
Road,object_delete_90pct,4,6,1000000,0.8894254707194191,0.86328125,0
Road,object_delete_90pct,4,7,1000000,0.8894254707194191,0.86328125,0
Road,object_delete_90pct,4,8,1000000,0.8894254707194191,0.86328125,0
Road,object_delete_90pct,4,9,1000000,0.8894254707194191,0.86328125,0
Road,vertex_delete_50pct,5,0,1,0.6402359112836018,0.5888671875,0
Road,vertex_delete_50pct,5,1,1,0.6369282061842901,0.5869140625,0
Road,vertex_delete_50pct,5,2,1,0.6550671300079984,0.599609375,0
Road,vertex_delete_50pct,5,3,1,0.6409474789822258,0.5830078125,0
Road,vertex_delete_50pct,5,4,1,0.6549887690167787,0.5986328125,0
Road,vertex_delete_50pct,5,5,1,0.6332475868613036,0.5869140625,0
Road,vertex_delete_50pct,5,6,1,0.6566464781720134,0.60546875,0
Road,vertex_delete_50pct,5,7,1,0.6570405958130602,0.6044921875,0
Road,vertex_delete_50pct,5,8,1,0.6807774886402931,0.6279296875,0
Road,vertex_delete_50pct,5,9,1,0.6530451966942992,0.6044921875,0
Road,vertex_delete_50pct,5,0,3,0.687040434218375,0.642578125,0
Road,vertex_delete_50pct,5,1,3,0.6612251949760614,0.6142578125,0
Road,vertex_delete_50pct,5,2,3,0.6895152876862637,0.6337890625,0
Road,vertex_delete_50pct,5,3,3,0.6946527604080024,0.640625,0
Road,vertex_delete_50pct,5,4,3,0.6619398586415441,0.6083984375,0
Road,vertex_delete_50pct,5,5,3,0.683378492906486,0.6376953125,0
Road,vertex_delete_50pct,5,6,3,0.6753468928681654,0.6259765625,0
Road,vertex_delete_50pct,5,7,3,0.6999398538843062,0.650390625,0
Road,vertex_delete_50pct,5,8,3,0.6690945854169849,0.615234375,0
Road,vertex_delete_50pct,5,9,3,0.6809329811153533,0.6318359375,0
Road,vertex_delete_50pct,5,0,5,0.730573522498275,0.6806640625,0
Road,vertex_delete_50pct,5,1,5,0.6928634126228117,0.6474609375,0
Road,vertex_delete_50pct,5,2,5,0.7319918941302609,0.681640625,0
Road,vertex_delete_50pct,5,3,5,0.7282901630760418,0.6875,0
Road,vertex_delete_50pct,5,4,5,0.7301431227862721,0.68359375,0
Road,vertex_delete_50pct,5,5,5,0.7065319653678102,0.6611328125,0
Road,vertex_delete_50pct,5,6,5,0.7243339438436847,0.677734375,0
Road,vertex_delete_50pct,5,7,5,0.7313659924389532,0.6806640625,0
Road,vertex_delete_50pct,5,8,5,0.7018621293108177,0.6513671875,0
Road,vertex_delete_50pct,5,9,5,0.7125698194657131,0.6640625,0
Road,vertex_delete_50pct,5,0,10,0.7827936876641307,0.7265625,0
Road,vertex_delete_50pct,5,1,10,0.8002480492023848,0.7412109375,0
Road,vertex_delete_50pct,5,2,10,0.7915025489273094,0.734375,0
Road,vertex_delete_50pct,5,3,10,0.7871772564843919,0.724609375,0
Road,vertex_delete_50pct,5,4,10,0.8004719561162704,0.7421875,0
Road,vertex_delete_50pct,5,5,10,0.8009342052709576,0.744140625,0
Road,vertex_delete_50pct,5,6,10,0.7930394470805663,0.736328125,0
Road,vertex_delete_50pct,5,7,10,0.7990924557486869,0.7392578125,0
Road,vertex_delete_50pct,5,8,10,0.7906896954058296,0.732421875,0
Road,vertex_delete_50pct,5,9,10,0.7929441999294028,0.734375,0
Road,vertex_delete_50pct,5,0,1000000,0.8946976941912128,0.8701171875,0
Road,vertex_delete_50pct,5,1,1000000,0.8946976941912128,0.8701171875,0
Road,vertex_delete_50pct,5,2,1000000,0.8946976941912128,0.8701171875,0
Road,vertex_delete_50pct,5,3,1000000,0.8946976941912128,0.8701171875,0
Road,vertex_delete_50pct,5,4,1000000,0.8946976941912128,0.8701171875,0
Road,vertex_delete_50pct,5,5,1000000,0.8946976941912128,0.8701171875,0
Road,vertex_delete_50pct,5,6,1000000,0.8946976941912128,0.8701171875,0
Road,vertex_delete_50pct,5,7,1000000,0.8946976941912128,0.8701171875,0
Road,vertex_delete_50pct,5,8,1000000,0.8946976941912128,0.8701171875,0
Road,vertex_delete_50pct,5,9,1000000,0.8946976941912128,0.8701171875,0
Road,object_delete_90pct,5,0,1,0.729330326944024,0.6884765625,5
Road,object_delete_90pct,5,1,1,0.7230419994392251,0.6787109375,5
Road,object_delete_90pct,5,2,1,0.7411398358122157,0.697265625,5
Road,object_delete_90pct,5,3,1,0.729330326944024,0.6884765625,5
Road,object_delete_90pct,5,4,1,0.7353976026876895,0.6875,5
Road,object_delete_90pct,5,5,1,0.7273098320775917,0.681640625,5
Road,object_delete_90pct,5,6,1,0.7397011261330628,0.697265625,5
Road,object_delete_90pct,5,7,1,0.7016143002124645,0.654296875,5
Road,object_delete_90pct,5,8,1,0.7278523666755538,0.68359375,5
Road,object_delete_90pct,5,9,1,0.7363855508312082,0.6923828125,5
Road,object_delete_90pct,5,0,3,0.8313598079765427,0.7978515625,5
Road,object_delete_90pct,5,1,3,0.8120798069198286,0.7763671875,5
Road,object_delete_90pct,5,2,3,0.8201130521752048,0.78515625,5
Road,object_delete_90pct,5,3,3,0.8301887258107763,0.796875,5
Road,object_delete_90pct,5,4,3,0.8084393510359024,0.7734375,5
Road,object_delete_90pct,5,5,3,0.8188121891931411,0.7822265625,5
Road,object_delete_90pct,5,6,3,0.8167395497118357,0.783203125,5
Road,object_delete_90pct,5,7,3,0.8238504827405885,0.7900390625,5
Road,object_delete_90pct,5,8,3,0.816659929250042,0.7802734375,5
Road,object_delete_90pct,5,9,3,0.8150266093915419,0.7783203125,5
Road,object_delete_90pct,5,0,5,0.8581761487992671,0.828125,5
Road,object_delete_90pct,5,1,5,0.859185868951332,0.830078125,5
Road,object_delete_90pct,5,2,5,0.8571969679889792,0.826171875,5
Road,object_delete_90pct,5,3,5,0.8569840691898232,0.826171875,5
Road,object_delete_90pct,5,4,5,0.8503308522902577,0.818359375,5
Road,object_delete_90pct,5,5,5,0.8578449887973801,0.826171875,5
Road,object_delete_90pct,5,6,5,0.8503766788122594,0.8193359375,5
Road,object_delete_90pct,5,7,5,0.8530739661000275,0.8212890625,5
Road,object_delete_90pct,5,8,5,0.8439347950599589,0.8125,5
Road,object_delete_90pct,5,9,5,0.8576274445173439,0.826171875,5
Road,object_delete_90pct,5,0,10,0.8736275049872803,0.84375,5
Road,object_delete_90pct,5,1,10,0.8736275049872803,0.84375,5
Road,object_delete_90pct,5,2,10,0.8736275049872803,0.84375,5
Road,object_delete_90pct,5,3,10,0.8736275049872803,0.84375,5
Road,object_delete_90pct,5,4,10,0.8736275049872803,0.84375,5
Road,object_delete_90pct,5,5,10,0.8736275049872803,0.84375,5
Road,object_delete_90pct,5,6,10,0.8729414997735312,0.8427734375,5
Road,object_delete_90pct,5,7,10,0.8727340900302981,0.8427734375,5
Road,object_delete_90pct,5,8,10,0.8736275049872803,0.84375,5
Road,object_delete_90pct,5,9,10,0.8736275049872803,0.84375,5
Road,object_delete_90pct,5,0,1000000,0.8727340900302981,0.8427734375,5
Road,object_delete_90pct,5,1,1000000,0.8727340900302981,0.8427734375,5
Road,object_delete_90pct,5,2,1000000,0.8727340900302981,0.8427734375,5
Road,object_delete_90pct,5,3,1000000,0.8727340900302981,0.8427734375,5
Road,object_delete_90pct,5,4,1000000,0.8727340900302981,0.8427734375,5
Road,object_delete_90pct,5,5,1000000,0.8727340900302981,0.8427734375,5
Road,object_delete_90pct,5,6,1000000,0.8727340900302981,0.8427734375,5
Road,object_delete_90pct,5,7,1000000,0.8727340900302981,0.8427734375,5
Road,object_delete_90pct,5,8,1000000,0.8727340900302981,0.8427734375,5
Road,object_delete_90pct,5,9,1000000,0.8727340900302981,0.8427734375,5
Road,vertex_delete_50pct,6,0,1,0.6342123262167606,0.5859375,0
Road,vertex_delete_50pct,6,1,1,0.6611480065605977,0.60546875,0
Road,vertex_delete_50pct,6,2,1,0.6590475667840833,0.6044921875,0
Road,vertex_delete_50pct,6,3,1,0.6337298810151715,0.578125,0
Road,vertex_delete_50pct,6,4,1,0.6602425769527197,0.6064453125,0
Road,vertex_delete_50pct,6,5,1,0.6191267661020633,0.5703125,0
Road,vertex_delete_50pct,6,6,1,0.6678932169189543,0.6171875,0
Road,vertex_delete_50pct,6,7,1,0.6387578132684907,0.58203125,0
Road,vertex_delete_50pct,6,8,1,0.6556591474175841,0.6005859375,0
Road,vertex_delete_50pct,6,9,1,0.6246499741355875,0.5693359375,0
Road,vertex_delete_50pct,6,0,3,0.6755639965803094,0.6298828125,0
Road,vertex_delete_50pct,6,1,3,0.6761321148610481,0.6279296875,0
Road,vertex_delete_50pct,6,2,3,0.6958854924180335,0.6474609375,0
Road,vertex_delete_50pct,6,3,3,0.6984410425087476,0.6533203125,0
Road,vertex_delete_50pct,6,4,3,0.6885843466339935,0.6416015625,0
Road,vertex_delete_50pct,6,5,3,0.6742905477636002,0.6279296875,0
Road,vertex_delete_50pct,6,6,3,0.7041548477605357,0.65625,0
Road,vertex_delete_50pct,6,7,3,0.7037811867791699,0.65234375,0
Road,vertex_delete_50pct,6,8,3,0.7026836949579263,0.6533203125,0
Road,vertex_delete_50pct,6,9,3,0.6956914481480293,0.646484375,0
Road,vertex_delete_50pct,6,0,5,0.7217333250643174,0.6767578125,0
Road,vertex_delete_50pct,6,1,5,0.7068217754649618,0.66796875,0
Road,vertex_delete_50pct,6,2,5,0.7204980795767749,0.671875,0
Road,vertex_delete_50pct,6,3,5,0.7390956815861145,0.69140625,0
Road,vertex_delete_50pct,6,4,5,0.7073203459227585,0.6591796875,0
Road,vertex_delete_50pct,6,5,5,0.7059605118496537,0.662109375,0
Road,vertex_delete_50pct,6,6,5,0.716746001267258,0.66796875,0
Road,vertex_delete_50pct,6,7,5,0.7163086018595708,0.666015625,0
Road,vertex_delete_50pct,6,8,5,0.7336084881175765,0.6865234375,0
Road,vertex_delete_50pct,6,9,5,0.7074262068652719,0.6630859375,0
Road,vertex_delete_50pct,6,0,10,0.8018721267841916,0.7451171875,0
Road,vertex_delete_50pct,6,1,10,0.790554079645792,0.7333984375,0
Road,vertex_delete_50pct,6,2,10,0.8047949131183075,0.7470703125,0
Road,vertex_delete_50pct,6,3,10,0.8172752981333236,0.76953125,0
Road,vertex_delete_50pct,6,4,10,0.7896046350827334,0.732421875,0
Road,vertex_delete_50pct,6,5,10,0.797434111880535,0.73828125,0
Road,vertex_delete_50pct,6,6,10,0.8138680478060771,0.7685546875,0
Road,vertex_delete_50pct,6,7,10,0.7910225487519088,0.7353515625,0
Road,vertex_delete_50pct,6,8,10,0.8015762439467653,0.748046875,0
Road,vertex_delete_50pct,6,9,10,0.7936658222150214,0.740234375,0
Road,vertex_delete_50pct,6,0,1000000,0.8941174366476805,0.87109375,0
Road,vertex_delete_50pct,6,1,1000000,0.8941174366476805,0.87109375,0
Road,vertex_delete_50pct,6,2,1000000,0.8941174366476805,0.87109375,0
Road,vertex_delete_50pct,6,3,1000000,0.8941174366476805,0.87109375,0
Road,vertex_delete_50pct,6,4,1000000,0.8941174366476805,0.87109375,0
Road,vertex_delete_50pct,6,5,1000000,0.8941174366476805,0.87109375,0
Road,vertex_delete_50pct,6,6,1000000,0.8941174366476805,0.87109375,0
Road,vertex_delete_50pct,6,7,1000000,0.8941174366476805,0.87109375,0
Road,vertex_delete_50pct,6,8,1000000,0.8941174366476805,0.87109375,0
Road,vertex_delete_50pct,6,9,1000000,0.8941174366476805,0.87109375,0
Road,object_delete_90pct,6,0,1,0.6941540215303169,0.6474609375,0
Road,object_delete_90pct,6,1,1,0.7144098386250533,0.669921875,0
Road,object_delete_90pct,6,2,1,0.7144098386250533,0.669921875,0
Road,object_delete_90pct,6,3,1,0.7018321812706588,0.6552734375,0
Road,object_delete_90pct,6,4,1,0.6984467251178345,0.6494140625,0
Road,object_delete_90pct,6,5,1,0.7344174790248033,0.689453125,0
Road,object_delete_90pct,6,6,1,0.7220112813484488,0.6748046875,0
Road,object_delete_90pct,6,7,1,0.709421020058938,0.6591796875,0
Road,object_delete_90pct,6,8,1,0.7167339268898498,0.6640625,0
Road,object_delete_90pct,6,9,1,0.6973841280705306,0.6484375,0
Road,object_delete_90pct,6,0,3,0.7794276794594271,0.736328125,0
Road,object_delete_90pct,6,1,3,0.7885866431198317,0.7470703125,0
Road,object_delete_90pct,6,2,3,0.7629519526783336,0.720703125,0
Road,object_delete_90pct,6,3,3,0.7772104813091653,0.736328125,0
Road,object_delete_90pct,6,4,3,0.7593262504877617,0.71484375,0
Road,object_delete_90pct,6,5,3,0.7515498855905718,0.7109375,0
Road,object_delete_90pct,6,6,3,0.7862878759107121,0.744140625,0
Road,object_delete_90pct,6,7,3,0.7669369104959267,0.7236328125,0
Road,object_delete_90pct,6,8,3,0.7702584371266092,0.728515625,0
Road,object_delete_90pct,6,9,3,0.7702584371266092,0.728515625,0
Road,object_delete_90pct,6,0,5,0.8242041206802253,0.7880859375,0
Road,object_delete_90pct,6,1,5,0.8214839676480579,0.7841796875,0
Road,object_delete_90pct,6,2,5,0.8218131688054837,0.7861328125,0
Road,object_delete_90pct,6,3,5,0.8143450710459553,0.775390625,0
Road,object_delete_90pct,6,4,5,0.816503061033606,0.779296875,0
Road,object_delete_90pct,6,5,5,0.8124509116487346,0.7734375,0
Road,object_delete_90pct,6,6,5,0.8105392885134799,0.7734375,0
Road,object_delete_90pct,6,7,5,0.8098555774778355,0.7724609375,0
Road,object_delete_90pct,6,8,5,0.8232645955036431,0.787109375,0
Road,object_delete_90pct,6,9,5,0.8162352091962953,0.77734375,0
Road,object_delete_90pct,6,0,10,0.8479173455273679,0.8076171875,0
Road,object_delete_90pct,6,1,10,0.8584969572867343,0.8212890625,0
Road,object_delete_90pct,6,2,10,0.8562998379975022,0.818359375,0
Road,object_delete_90pct,6,3,10,0.8512762194576207,0.8115234375,0
Road,object_delete_90pct,6,4,10,0.8543661512886828,0.8154296875,0
Road,object_delete_90pct,6,5,10,0.8519169995404174,0.8125,0
Road,object_delete_90pct,6,6,10,0.8516544500879316,0.8125,0
Road,object_delete_90pct,6,7,10,0.8541065232319471,0.8154296875,0
Road,object_delete_90pct,6,8,10,0.8526859812055709,0.814453125,0
Road,object_delete_90pct,6,9,10,0.8481862876265585,0.8076171875,0
Road,object_delete_90pct,6,0,1000000,0.8561099580305529,0.8203125,0
Road,object_delete_90pct,6,1,1000000,0.8561099580305529,0.8203125,0
Road,object_delete_90pct,6,2,1000000,0.8561099580305529,0.8203125,0
Road,object_delete_90pct,6,3,1000000,0.8561099580305529,0.8203125,0
Road,object_delete_90pct,6,4,1000000,0.8561099580305529,0.8203125,0
Road,object_delete_90pct,6,5,1000000,0.8561099580305529,0.8203125,0
Road,object_delete_90pct,6,6,1000000,0.8561099580305529,0.8203125,0
Road,object_delete_90pct,6,7,1000000,0.8561099580305529,0.8203125,0
Road,object_delete_90pct,6,8,1000000,0.8561099580305529,0.8203125,0
Road,object_delete_90pct,6,9,1000000,0.8561099580305529,0.8203125,0
Road,vertex_delete_50pct,7,0,1,0.6435671455458783,0.5966796875,0
Road,vertex_delete_50pct,7,1,1,0.6549887690167787,0.5986328125,0
Road,vertex_delete_50pct,7,2,1,0.662742034228165,0.6064453125,0
Road,vertex_delete_50pct,7,3,1,0.6786223843936728,0.6259765625,0
Road,vertex_delete_50pct,7,4,1,0.6409196890633705,0.5908203125,0
Road,vertex_delete_50pct,7,5,1,0.6339650010373651,0.5888671875,0
Road,vertex_delete_50pct,7,6,1,0.680768476737996,0.630859375,0
Road,vertex_delete_50pct,7,7,1,0.6570405958130602,0.6044921875,0
Road,vertex_delete_50pct,7,8,1,0.6670744518552132,0.6181640625,0
Road,vertex_delete_50pct,7,9,1,0.6422105153860155,0.5869140625,0
Road,vertex_delete_50pct,7,0,3,0.6967217527662608,0.6494140625,0
Road,vertex_delete_50pct,7,1,3,0.7008056950877414,0.650390625,0
Road,vertex_delete_50pct,7,2,3,0.6864470374238859,0.634765625,0
Road,vertex_delete_50pct,7,3,3,0.6984467251178345,0.6494140625,0
Road,vertex_delete_50pct,7,4,3,0.6950182765981282,0.6474609375,0
Road,vertex_delete_50pct,7,5,3,0.7127048032106736,0.66796875,0
Road,vertex_delete_50pct,7,6,3,0.7035412253139536,0.6533203125,0
Road,vertex_delete_50pct,7,7,3,0.6832531974697225,0.62890625,0
Road,vertex_delete_50pct,7,8,3,0.7079794320705061,0.65625,0
Road,vertex_delete_50pct,7,9,3,0.6776809349962221,0.62890625,0
Road,vertex_delete_50pct,7,0,5,0.7119759595026836,0.6650390625,0
Road,vertex_delete_50pct,7,1,5,0.7165494465359386,0.6748046875,0
Road,vertex_delete_50pct,7,2,5,0.7338792850435161,0.6845703125,0
Road,vertex_delete_50pct,7,3,5,0.7075280518751538,0.658203125,0
Road,vertex_delete_50pct,7,4,5,0.7225126204435841,0.669921875,0
Road,vertex_delete_50pct,7,5,5,0.7252720280253313,0.6767578125,0
Road,vertex_delete_50pct,7,6,5,0.725626244503338,0.6796875,0
Road,vertex_delete_50pct,7,7,5,0.7223867732063757,0.677734375,0
Road,vertex_delete_50pct,7,8,5,0.723374234904206,0.673828125,0
Road,vertex_delete_50pct,7,9,5,0.7148540155616347,0.6650390625,0
Road,vertex_delete_50pct,7,0,10,0.803117736723586,0.75,0
Road,vertex_delete_50pct,7,1,10,0.7893083776814989,0.7294921875,0
Road,vertex_delete_50pct,7,2,10,0.8124148724334509,0.7607421875,0
Road,vertex_delete_50pct,7,3,10,0.7890679455995734,0.7265625,0
Road,vertex_delete_50pct,7,4,10,0.8059621289791091,0.7490234375,0
Road,vertex_delete_50pct,7,5,10,0.8002332033561909,0.744140625,0
Road,vertex_delete_50pct,7,6,10,0.8240275420958338,0.76953125,0
Road,vertex_delete_50pct,7,7,10,0.7920969972141592,0.73046875,0
Road,vertex_delete_50pct,7,8,10,0.7982442944283387,0.7431640625,0
Road,vertex_delete_50pct,7,9,10,0.821736865766418,0.76953125,0
Road,vertex_delete_50pct,7,0,1000000,0.8952380952380953,0.87109375,0
Road,vertex_delete_50pct,7,1,1000000,0.8952380952380953,0.87109375,0
Road,vertex_delete_50pct,7,2,1000000,0.8952380952380953,0.87109375,0
Road,vertex_delete_50pct,7,3,1000000,0.8952380952380953,0.87109375,0
Road,vertex_delete_50pct,7,4,1000000,0.8952380952380953,0.87109375,0
Road,vertex_delete_50pct,7,5,1000000,0.8952380952380953,0.87109375,0
Road,vertex_delete_50pct,7,6,1000000,0.8952380952380953,0.87109375,0
Road,vertex_delete_50pct,7,7,1000000,0.8952380952380953,0.87109375,0
Road,vertex_delete_50pct,7,8,1000000,0.8952380952380953,0.87109375,0
Road,vertex_delete_50pct,7,9,1000000,0.8952380952380953,0.87109375,0
Road,object_delete_90pct,7,0,1,0.7369812122135636,0.6943359375,7
Road,object_delete_90pct,7,1,1,0.7366798970752662,0.693359375,7
Road,object_delete_90pct,7,2,1,0.7457837234703921,0.705078125,7
Road,object_delete_90pct,7,3,1,0.7533015566784114,0.71484375,7
Road,object_delete_90pct,7,4,1,0.7525785612142227,0.7099609375,7
Road,object_delete_90pct,7,5,1,0.7509392614826383,0.70703125,7
Road,object_delete_90pct,7,6,1,0.7270485693578566,0.6806640625,7
Road,object_delete_90pct,7,7,1,0.7349902642838091,0.69140625,7
Road,object_delete_90pct,7,8,1,0.7266390619467603,0.6845703125,7
Road,object_delete_90pct,7,9,1,0.7328452990231482,0.6865234375,7
Road,object_delete_90pct,7,0,3,0.7928110877906357,0.7548828125,7
Road,object_delete_90pct,7,1,3,0.7960960406829871,0.755859375,7
Road,object_delete_90pct,7,2,3,0.7993331250004083,0.763671875,7
Road,object_delete_90pct,7,3,3,0.7957209727333625,0.7578125,7
Road,object_delete_90pct,7,4,3,0.8054909241050633,0.7685546875,7
Road,object_delete_90pct,7,5,3,0.8108035190142089,0.7763671875,7
Road,object_delete_90pct,7,6,3,0.7862353971764706,0.75,7
Road,object_delete_90pct,7,7,3,0.7950358921304758,0.7568359375,7
Road,object_delete_90pct,7,8,3,0.8117594305062757,0.77734375,7
Road,object_delete_90pct,7,9,3,0.8054909241050633,0.7685546875,7
Road,object_delete_90pct,7,0,5,0.8406580881972622,0.8076171875,7
Road,object_delete_90pct,7,1,5,0.8343945623709959,0.80078125,7
Road,object_delete_90pct,7,2,5,0.8315946349056577,0.798828125,7
Road,object_delete_90pct,7,3,5,0.8322940147216696,0.798828125,7
Road,object_delete_90pct,7,4,5,0.8329931278350429,0.7998046875,7
Road,object_delete_90pct,7,5,5,0.8334636320269925,0.80078125,7
Road,object_delete_90pct,7,6,5,0.8494146271046028,0.8173828125,7
Road,object_delete_90pct,7,7,5,0.8341684639770788,0.8017578125,7
Road,object_delete_90pct,7,8,5,0.8378787599208675,0.8046875,7
Road,object_delete_90pct,7,9,5,0.8374179240556349,0.8046875,7
Road,object_delete_90pct,7,0,10,0.8537391202189487,0.8212890625,7
Road,object_delete_90pct,7,1,10,0.8546500353940379,0.822265625,7
Road,object_delete_90pct,7,2,10,0.8546500353940379,0.822265625,7
Road,object_delete_90pct,7,3,10,0.8537391202189487,0.8212890625,7
Road,object_delete_90pct,7,4,10,0.8537391202189487,0.8212890625,7
Road,object_delete_90pct,7,5,10,0.8546500353940379,0.822265625,7
Road,object_delete_90pct,7,6,10,0.8537391202189487,0.8212890625,7
Road,object_delete_90pct,7,7,10,0.8537391202189487,0.8212890625,7
Road,object_delete_90pct,7,8,10,0.8546500353940379,0.822265625,7
Road,object_delete_90pct,7,9,10,0.8553378826163625,0.8232421875,7
Road,object_delete_90pct,7,0,1000000,0.8537391202189487,0.8212890625,7
Road,object_delete_90pct,7,1,1000000,0.8537391202189487,0.8212890625,7
Road,object_delete_90pct,7,2,1000000,0.8537391202189487,0.8212890625,7
Road,object_delete_90pct,7,3,1000000,0.8537391202189487,0.8212890625,7
Road,object_delete_90pct,7,4,1000000,0.8537391202189487,0.8212890625,7
Road,object_delete_90pct,7,5,1000000,0.8537391202189487,0.8212890625,7
Road,object_delete_90pct,7,6,1000000,0.8537391202189487,0.8212890625,7
Road,object_delete_90pct,7,7,1000000,0.8537391202189487,0.8212890625,7
Road,object_delete_90pct,7,8,1000000,0.8537391202189487,0.8212890625,7
Road,object_delete_90pct,7,9,1000000,0.8537391202189487,0.8212890625,7
Road,vertex_delete_50pct,8,0,1,0.6403999100702055,0.595703125,0
Road,vertex_delete_50pct,8,1,1,0.6500852460490094,0.6005859375,0
Road,vertex_delete_50pct,8,2,1,0.6359038496534997,0.578125,0
Road,vertex_delete_50pct,8,3,1,0.6468772561327574,0.59375,0
Road,vertex_delete_50pct,8,4,1,0.6631444817647433,0.6103515625,0
Road,vertex_delete_50pct,8,5,1,0.643458941088703,0.595703125,0
Road,vertex_delete_50pct,8,6,1,0.6694661340761382,0.6181640625,0
Road,vertex_delete_50pct,8,7,1,0.6569415800521662,0.603515625,0
Road,vertex_delete_50pct,8,8,1,0.663429345937098,0.6083984375,0
Road,vertex_delete_50pct,8,9,1,0.6501956082628741,0.6015625,0
Road,vertex_delete_50pct,8,0,3,0.6937511501538853,0.6455078125,0
Road,vertex_delete_50pct,8,1,3,0.6734976719070603,0.630859375,0
Road,vertex_delete_50pct,8,2,3,0.7084766235846672,0.654296875,0
Road,vertex_delete_50pct,8,3,3,0.6769325300207304,0.6298828125,0
Road,vertex_delete_50pct,8,4,3,0.6854242365806,0.63671875,0
Road,vertex_delete_50pct,8,5,3,0.705847527683037,0.658203125,0
Road,vertex_delete_50pct,8,6,3,0.670983900788502,0.6220703125,0
Road,vertex_delete_50pct,8,7,3,0.7241811947379642,0.673828125,0
Road,vertex_delete_50pct,8,8,3,0.6906134083805254,0.640625,0
Road,vertex_delete_50pct,8,9,3,0.6900993852564131,0.642578125,0
Road,vertex_delete_50pct,8,0,5,0.7310563006310971,0.685546875,0
Road,vertex_delete_50pct,8,1,5,0.7052821408368104,0.6640625,0
Road,vertex_delete_50pct,8,2,5,0.7360980682216564,0.69140625,0
Road,vertex_delete_50pct,8,3,5,0.7216145853422757,0.677734375,0
Road,vertex_delete_50pct,8,4,5,0.7203321853453128,0.6728515625,0
Road,vertex_delete_50pct,8,5,5,0.7432477498245968,0.6982421875,0
Road,vertex_delete_50pct,8,6,5,0.7427356963952877,0.701171875,0
Road,vertex_delete_50pct,8,7,5,0.7351670433559024,0.689453125,0
Road,vertex_delete_50pct,8,8,5,0.719012037206935,0.6689453125,0
Road,vertex_delete_50pct,8,9,5,0.716973993339041,0.6689453125,0
Road,vertex_delete_50pct,8,0,10,0.7965116174104357,0.7431640625,0
Road,vertex_delete_50pct,8,1,10,0.7983514172605373,0.7421875,0
Road,vertex_delete_50pct,8,2,10,0.7949619839135283,0.7412109375,0
Road,vertex_delete_50pct,8,3,10,0.7931679382721989,0.7353515625,0
Road,vertex_delete_50pct,8,4,10,0.8191985462849931,0.7685546875,0
Road,vertex_delete_50pct,8,5,10,0.8037977341533646,0.75,0
Road,vertex_delete_50pct,8,6,10,0.80152204696864,0.7451171875,0
Road,vertex_delete_50pct,8,7,10,0.8045754642904254,0.7490234375,0
Road,vertex_delete_50pct,8,8,10,0.8059345092108853,0.7529296875,0
Road,vertex_delete_50pct,8,9,10,0.8136399523723177,0.7578125,0
Road,vertex_delete_50pct,8,0,1000000,0.9013555088077511,0.8779296875,0
Road,vertex_delete_50pct,8,1,1000000,0.9013555088077511,0.8779296875,0
Road,vertex_delete_50pct,8,2,1000000,0.9013555088077511,0.8779296875,0
Road,vertex_delete_50pct,8,3,1000000,0.9013555088077511,0.8779296875,0
Road,vertex_delete_50pct,8,4,1000000,0.9013555088077511,0.8779296875,0
Road,vertex_delete_50pct,8,5,1000000,0.9013555088077511,0.8779296875,0
Road,vertex_delete_50pct,8,6,1000000,0.9013555088077511,0.8779296875,0
Road,vertex_delete_50pct,8,7,1000000,0.9013555088077511,0.8779296875,0
Road,vertex_delete_50pct,8,8,1000000,0.9013555088077511,0.8779296875,0
Road,vertex_delete_50pct,8,9,1000000,0.9013555088077511,0.8779296875,0
Road,object_delete_90pct,8,0,1,0.7165494465359386,0.6748046875,9
Road,object_delete_90pct,8,1,1,0.7200822998230956,0.677734375,9
Road,object_delete_90pct,8,2,1,0.7042147167923565,0.6630859375,9
Road,object_delete_90pct,8,3,1,0.7057133104806103,0.6611328125,9
Road,object_delete_90pct,8,4,1,0.7216150575733066,0.6748046875,9
Road,object_delete_90pct,8,5,1,0.7298311261945231,0.6865234375,9
Road,object_delete_90pct,8,6,1,0.6997085991820731,0.6513671875,9
Road,object_delete_90pct,8,7,1,0.7253978358128871,0.681640625,9
Road,object_delete_90pct,8,8,1,0.7014597328786778,0.6572265625,9
Road,object_delete_90pct,8,9,1,0.731610998700895,0.6875,9
Road,object_delete_90pct,8,0,3,0.7956600627155525,0.75390625,9
Road,object_delete_90pct,8,1,3,0.7891037505068896,0.75,9
Road,object_delete_90pct,8,2,3,0.7768985960673559,0.736328125,9
Road,object_delete_90pct,8,3,3,0.7883452054498333,0.748046875,9
Road,object_delete_90pct,8,4,3,0.7944696883927082,0.7568359375,9
Road,object_delete_90pct,8,5,3,0.798902041290298,0.7607421875,9
Road,object_delete_90pct,8,6,3,0.788948756192547,0.748046875,9
Road,object_delete_90pct,8,7,3,0.7812008835761285,0.7412109375,9
Road,object_delete_90pct,8,8,3,0.7869505712461392,0.7451171875,9
Road,object_delete_90pct,8,9,3,0.7774881721423106,0.7353515625,9
Road,object_delete_90pct,8,0,5,0.8171787778786216,0.7783203125,9
Road,object_delete_90pct,8,1,5,0.8177300353011563,0.7783203125,9
Road,object_delete_90pct,8,2,5,0.8204437688122651,0.7802734375,9
Road,object_delete_90pct,8,3,5,0.8185663474758459,0.7783203125,9
Road,object_delete_90pct,8,4,5,0.8200035183617445,0.78125,9
Road,object_delete_90pct,8,5,5,0.8130089830729899,0.7734375,9
Road,object_delete_90pct,8,6,5,0.8252377401851169,0.7880859375,9
Road,object_delete_90pct,8,7,5,0.8218817370980475,0.783203125,9
Road,object_delete_90pct,8,8,5,0.8169675850784321,0.7763671875,9
Road,object_delete_90pct,8,9,5,0.8164036272336517,0.7763671875,9
Road,object_delete_90pct,8,0,10,0.8287419301647448,0.7880859375,9
Road,object_delete_90pct,8,1,10,0.8287419301647448,0.7880859375,9
Road,object_delete_90pct,8,2,10,0.8287419301647448,0.7880859375,9
Road,object_delete_90pct,8,3,10,0.8287419301647448,0.7880859375,9
Road,object_delete_90pct,8,4,10,0.8287419301647448,0.7880859375,9
Road,object_delete_90pct,8,5,10,0.8287419301647448,0.7880859375,9
Road,object_delete_90pct,8,6,10,0.8280921911937024,0.787109375,9
Road,object_delete_90pct,8,7,10,0.8287419301647448,0.7880859375,9
Road,object_delete_90pct,8,8,10,0.8287419301647448,0.7880859375,9
Road,object_delete_90pct,8,9,10,0.8287419301647448,0.7880859375,9
Road,object_delete_90pct,8,0,1000000,0.8287419301647448,0.7880859375,9
Road,object_delete_90pct,8,1,1000000,0.8287419301647448,0.7880859375,9
Road,object_delete_90pct,8,2,1000000,0.8287419301647448,0.7880859375,9
Road,object_delete_90pct,8,3,1000000,0.8287419301647448,0.7880859375,9
Road,object_delete_90pct,8,4,1000000,0.8287419301647448,0.7880859375,9
Road,object_delete_90pct,8,5,1000000,0.8287419301647448,0.7880859375,9
Road,object_delete_90pct,8,6,1000000,0.8287419301647448,0.7880859375,9
Road,object_delete_90pct,8,7,1000000,0.8287419301647448,0.7880859375,9
Road,object_delete_90pct,8,8,1000000,0.8287419301647448,0.7880859375,9
Road,object_delete_90pct,8,9,1000000,0.8287419301647448,0.7880859375,9
Road,vertex_delete_50pct,9,0,1,0.6333431617498726,0.587890625,0
Road,vertex_delete_50pct,9,1,1,0.6466273458040679,0.5966796875,0
Road,vertex_delete_50pct,9,2,1,0.6468772561327574,0.59375,0
Road,vertex_delete_50pct,9,3,1,0.6610599478468753,0.6044921875,0
Road,vertex_delete_50pct,9,4,1,0.6698187216350197,0.6171875,0
Road,vertex_delete_50pct,9,5,1,0.6511387841999651,0.6083984375,0
Road,vertex_delete_50pct,9,6,1,0.6475598855652541,0.595703125,0
Road,vertex_delete_50pct,9,7,1,0.6689456321138616,0.62109375,0
Road,vertex_delete_50pct,9,8,1,0.6633335042559517,0.607421875,0
Road,vertex_delete_50pct,9,9,1,0.6246499741355875,0.5693359375,0
Road,vertex_delete_50pct,9,0,3,0.6699898715325444,0.626953125,0
Road,vertex_delete_50pct,9,1,3,0.6965178282980883,0.6484375,0
Road,vertex_delete_50pct,9,2,3,0.6925731381959418,0.6416015625,0
Road,vertex_delete_50pct,9,3,3,0.6789126755297888,0.6279296875,0
Road,vertex_delete_50pct,9,4,3,0.6958637604996034,0.6494140625,0
Road,vertex_delete_50pct,9,5,3,0.6483151609920306,0.6025390625,0
Road,vertex_delete_50pct,9,6,3,0.7060691825509804,0.6591796875,0
Road,vertex_delete_50pct,9,7,3,0.7037335936165396,0.65625,0
Road,vertex_delete_50pct,9,8,3,0.7028872412461254,0.654296875,0
Road,vertex_delete_50pct,9,9,3,0.6894659758661723,0.6416015625,0
Road,vertex_delete_50pct,9,0,5,0.7040869320854705,0.6611328125,0
Road,vertex_delete_50pct,9,1,5,0.7047759773233396,0.6650390625,0
Road,vertex_delete_50pct,9,2,5,0.7031187674674826,0.6572265625,0
Road,vertex_delete_50pct,9,3,5,0.7161148740394329,0.671875,0
Road,vertex_delete_50pct,9,4,5,0.7028934522319809,0.65625,0
Road,vertex_delete_50pct,9,5,5,0.7105985003354863,0.6689453125,0
Road,vertex_delete_50pct,9,6,5,0.7108519996345952,0.6669921875,0
Road,vertex_delete_50pct,9,7,5,0.7200391153810679,0.6748046875,0
Road,vertex_delete_50pct,9,8,5,0.7243578185430273,0.6806640625,0
Road,vertex_delete_50pct,9,9,5,0.7011416765625428,0.6591796875,0
Road,vertex_delete_50pct,9,0,10,0.795657446498502,0.7412109375,0
Road,vertex_delete_50pct,9,1,10,0.784115336331457,0.73046875,0
Road,vertex_delete_50pct,9,2,10,0.8084800606326661,0.7548828125,0
Road,vertex_delete_50pct,9,3,10,0.7966036872733107,0.7421875,0
Road,vertex_delete_50pct,9,4,10,0.8142356093579775,0.7705078125,0
Road,vertex_delete_50pct,9,5,10,0.7982390346780858,0.740234375,0
Road,vertex_delete_50pct,9,6,10,0.8182064863671402,0.7705078125,0
Road,vertex_delete_50pct,9,7,10,0.7915114360192343,0.7373046875,0
Road,vertex_delete_50pct,9,8,10,0.7870004535082993,0.7255859375,0
Road,vertex_delete_50pct,9,9,10,0.7812305368561194,0.7275390625,0
Road,vertex_delete_50pct,9,0,1000000,0.9005893969897453,0.8798828125,0
Road,vertex_delete_50pct,9,1,1000000,0.9005893969897453,0.8798828125,0
Road,vertex_delete_50pct,9,2,1000000,0.9005893969897453,0.8798828125,0
Road,vertex_delete_50pct,9,3,1000000,0.9005893969897453,0.8798828125,0
Road,vertex_delete_50pct,9,4,1000000,0.9005893969897453,0.8798828125,0
Road,vertex_delete_50pct,9,5,1000000,0.9005893969897453,0.8798828125,0
Road,vertex_delete_50pct,9,6,1000000,0.9005893969897453,0.8798828125,0
Road,vertex_delete_50pct,9,7,1000000,0.9005893969897453,0.8798828125,0
Road,vertex_delete_50pct,9,8,1000000,0.9005893969897453,0.8798828125,0
Road,vertex_delete_50pct,9,9,1000000,0.9005893969897453,0.8798828125,0
Road,object_delete_90pct,9,0,1,0.7264670637077373,0.6767578125,0
Road,object_delete_90pct,9,1,1,0.7355432830946194,0.689453125,0
Road,object_delete_90pct,9,2,1,0.7238414581362959,0.67578125,0
Road,object_delete_90pct,9,3,1,0.7062145987493625,0.6630859375,0
Road,object_delete_90pct,9,4,1,0.7071250808146917,0.66015625,0
Road,object_delete_90pct,9,5,1,0.723886453291419,0.681640625,0
Road,object_delete_90pct,9,6,1,0.7159309978594192,0.66796875,0
Road,object_delete_90pct,9,7,1,0.7199126641504308,0.67578125,0
Road,object_delete_90pct,9,8,1,0.7309539612996525,0.6865234375,0
Road,object_delete_90pct,9,9,1,0.7132046256668578,0.6650390625,0
Road,object_delete_90pct,9,0,3,0.8065565308263788,0.765625,0
Road,object_delete_90pct,9,1,3,0.8151923738621536,0.779296875,0
Road,object_delete_90pct,9,2,3,0.8056893903185132,0.765625,0
Road,object_delete_90pct,9,3,3,0.820059629182209,0.787109375,0
Road,object_delete_90pct,9,4,3,0.7868588344784758,0.748046875,0
Road,object_delete_90pct,9,5,3,0.7950358921304758,0.7568359375,0
Road,object_delete_90pct,9,6,3,0.7980230847037185,0.7578125,0
Road,object_delete_90pct,9,7,3,0.82172176564353,0.7880859375,0
Road,object_delete_90pct,9,8,3,0.8005666432790178,0.7646484375,0
Road,object_delete_90pct,9,9,3,0.7815767595516708,0.7421875,0
Road,object_delete_90pct,9,0,5,0.8388061621883396,0.8056640625,0
Road,object_delete_90pct,9,1,5,0.8365771355618076,0.80078125,0
Road,object_delete_90pct,9,2,5,0.8342997703943208,0.7978515625,0
Road,object_delete_90pct,9,3,5,0.8256554192549269,0.7890625,0
Road,object_delete_90pct,9,4,5,0.8307532267511701,0.794921875,0
Road,object_delete_90pct,9,5,5,0.8397438723368085,0.8056640625,0
Road,object_delete_90pct,9,6,5,0.8319362171720271,0.7958984375,0
Road,object_delete_90pct,9,7,5,0.8351545390953232,0.7998046875,0
Road,object_delete_90pct,9,8,5,0.8344207230440903,0.7998046875,0
Road,object_delete_90pct,9,9,5,0.8314350103921841,0.7958984375,0
Road,object_delete_90pct,9,0,10,0.8661949405672589,0.83203125,0
Road,object_delete_90pct,9,1,10,0.8668579295204792,0.8330078125,0
Road,object_delete_90pct,9,2,10,0.8652988325249388,0.8310546875,0
Road,object_delete_90pct,9,3,10,0.8666269972859378,0.8330078125,0
Road,object_delete_90pct,9,4,10,0.8652988325249388,0.8310546875,0
Road,object_delete_90pct,9,5,10,0.8652988325249388,0.8310546875,0
Road,object_delete_90pct,9,6,10,0.8659621510068074,0.83203125,0
Road,object_delete_90pct,9,7,10,0.8646370359978933,0.830078125,0
Road,object_delete_90pct,9,8,10,0.8659621510068074,0.83203125,0
Road,object_delete_90pct,9,9,10,0.8659621510068074,0.83203125,0
Road,object_delete_90pct,9,0,1000000,0.8659621510068074,0.83203125,0
Road,object_delete_90pct,9,1,1000000,0.8659621510068074,0.83203125,0
Road,object_delete_90pct,9,2,1000000,0.8659621510068074,0.83203125,0
Road,object_delete_90pct,9,3,1000000,0.8659621510068074,0.83203125,0
Road,object_delete_90pct,9,4,1000000,0.8659621510068074,0.83203125,0
Road,object_delete_90pct,9,5,1000000,0.8659621510068074,0.83203125,0
Road,object_delete_90pct,9,6,1000000,0.8659621510068074,0.83203125,0
Road,object_delete_90pct,9,7,1000000,0.8659621510068074,0.83203125,0
Road,object_delete_90pct,9,8,1000000,0.8659621510068074,0.83203125,0
Road,object_delete_90pct,9,9,1000000,0.8659621510068074,0.83203125,0
Road,vertex_delete_50pct,10,0,1,0.637094312552592,0.5888671875,0
Road,vertex_delete_50pct,10,1,1,0.6642546986413724,0.615234375,0
Road,vertex_delete_50pct,10,2,1,0.6563385793783044,0.595703125,0
Road,vertex_delete_50pct,10,3,1,0.6543264189407599,0.6025390625,0
Road,vertex_delete_50pct,10,4,1,0.6729542209634656,0.619140625,0
Road,vertex_delete_50pct,10,5,1,0.6461163351909114,0.5966796875,0
Road,vertex_delete_50pct,10,6,1,0.6545570292433357,0.599609375,0
Road,vertex_delete_50pct,10,7,1,0.6731682791720384,0.6240234375,0
Road,vertex_delete_50pct,10,8,1,0.6655735905638792,0.6142578125,0
Road,vertex_delete_50pct,10,9,1,0.6459279866610023,0.5947265625,0
Road,vertex_delete_50pct,10,0,3,0.698688843315279,0.6484375,0
Road,vertex_delete_50pct,10,1,3,0.7073613791966374,0.6552734375,0
Road,vertex_delete_50pct,10,2,3,0.7165154600953025,0.6650390625,0
Road,vertex_delete_50pct,10,3,3,0.7008056950877414,0.650390625,0
Road,vertex_delete_50pct,10,4,3,0.7044686312746405,0.6513671875,0
Road,vertex_delete_50pct,10,5,3,0.7001287051025261,0.6533203125,0
Road,vertex_delete_50pct,10,6,3,0.6969320524371697,0.650390625,0
Road,vertex_delete_50pct,10,7,3,0.7120304571390714,0.6572265625,0
Road,vertex_delete_50pct,10,8,3,0.6955566490432097,0.640625,0
Road,vertex_delete_50pct,10,9,3,0.7115225392855681,0.6630859375,0
Road,vertex_delete_50pct,10,0,5,0.7216145853422757,0.677734375,0
Road,vertex_delete_50pct,10,1,5,0.6972595097129258,0.6552734375,0
Road,vertex_delete_50pct,10,2,5,0.7141037847380116,0.6591796875,0
Road,vertex_delete_50pct,10,3,5,0.6965178282980883,0.6484375,0
Road,vertex_delete_50pct,10,4,5,0.7037335936165396,0.65625,0
Road,vertex_delete_50pct,10,5,5,0.7006355255556397,0.6572265625,0
Road,vertex_delete_50pct,10,6,5,0.7054293372156157,0.658203125,0
Road,vertex_delete_50pct,10,7,5,0.7357813511754144,0.6875,0
Road,vertex_delete_50pct,10,8,5,0.7205704191201182,0.6767578125,0
Road,vertex_delete_50pct,10,9,5,0.7021137747297408,0.658203125,0
Road,vertex_delete_50pct,10,0,10,0.8058558193601285,0.75,0
Road,vertex_delete_50pct,10,1,10,0.797650141540337,0.7421875,0
Road,vertex_delete_50pct,10,2,10,0.7801614649986328,0.7275390625,0
Road,vertex_delete_50pct,10,3,10,0.798823183336343,0.7412109375,0
Road,vertex_delete_50pct,10,4,10,0.7983730317194189,0.7392578125,0
Road,vertex_delete_50pct,10,5,10,0.8003476550602673,0.7431640625,0
Road,vertex_delete_50pct,10,6,10,0.8011726683609481,0.7451171875,0
Road,vertex_delete_50pct,10,7,10,0.8002332033561909,0.744140625,0
Road,vertex_delete_50pct,10,8,10,0.8174453453268021,0.7646484375,0
Road,vertex_delete_50pct,10,9,10,0.7981551004433305,0.73828125,0
Road,vertex_delete_50pct,10,0,1000000,0.8989683518443694,0.8759765625,0
Road,vertex_delete_50pct,10,1,1000000,0.8989683518443694,0.8759765625,0
Road,vertex_delete_50pct,10,2,1000000,0.8989683518443694,0.8759765625,0
Road,vertex_delete_50pct,10,3,1000000,0.8989683518443694,0.8759765625,0
Road,vertex_delete_50pct,10,4,1000000,0.8989683518443694,0.8759765625,0
Road,vertex_delete_50pct,10,5,1000000,0.8989683518443694,0.8759765625,0
Road,vertex_delete_50pct,10,6,1000000,0.8989683518443694,0.8759765625,0
Road,vertex_delete_50pct,10,7,1000000,0.8989683518443694,0.8759765625,0
Road,vertex_delete_50pct,10,8,1000000,0.8989683518443694,0.8759765625,0
Road,vertex_delete_50pct,10,9,1000000,0.8989683518443694,0.8759765625,0
Road,object_delete_90pct,10,0,1,0.7301784862358367,0.6806640625,0
Road,object_delete_90pct,10,1,1,0.7394745838083431,0.69140625,0
Road,object_delete_90pct,10,2,1,0.7217699218368883,0.673828125,0
Road,object_delete_90pct,10,3,1,0.6952548756211597,0.646484375,0
Road,object_delete_90pct,10,4,1,0.7152948973359051,0.6669921875,0
Road,object_delete_90pct,10,5,1,0.7295450465980551,0.685546875,0
Road,object_delete_90pct,10,6,1,0.702056552822737,0.65625,0
Road,object_delete_90pct,10,7,1,0.7199329711920168,0.6728515625,0
Road,object_delete_90pct,10,8,1,0.7060691825509804,0.6591796875,0
Road,object_delete_90pct,10,9,1,0.728231733117981,0.68359375,0
Road,object_delete_90pct,10,0,3,0.8098825512497709,0.7705078125,0
Road,object_delete_90pct,10,1,3,0.7872516055529635,0.7490234375,0
Road,object_delete_90pct,10,2,3,0.7752907885788024,0.7353515625,0
Road,object_delete_90pct,10,3,3,0.8072643822972638,0.76953125,0
Road,object_delete_90pct,10,4,3,0.8106951856109983,0.7744140625,0
Road,object_delete_90pct,10,5,3,0.8082195056041429,0.7705078125,0
Road,object_delete_90pct,10,6,3,0.801864559939378,0.76171875,0
Road,object_delete_90pct,10,7,3,0.7843845913518178,0.7431640625,0
Road,object_delete_90pct,10,8,3,0.7860952746533837,0.74609375,0
Road,object_delete_90pct,10,9,3,0.8032043512829339,0.763671875,0
Road,object_delete_90pct,10,0,5,0.8334904770898373,0.798828125,0
Road,object_delete_90pct,10,1,5,0.8404626732228556,0.8056640625,0
Road,object_delete_90pct,10,2,5,0.849409131700309,0.8154296875,0
Road,object_delete_90pct,10,3,5,0.8442753697032231,0.8076171875,0
Road,object_delete_90pct,10,4,5,0.8313564466551561,0.7939453125,0
Road,object_delete_90pct,10,5,5,0.8453047317625103,0.810546875,0
Road,object_delete_90pct,10,6,5,0.8466626518856825,0.8125,0
Road,object_delete_90pct,10,7,5,0.8360210624925767,0.802734375,0
Road,object_delete_90pct,10,8,5,0.8370085430096315,0.8017578125,0
Road,object_delete_90pct,10,9,5,0.8515767118886878,0.8212890625,0
Road,object_delete_90pct,10,0,10,0.8836002390472163,0.8544921875,0
Road,object_delete_90pct,10,1,10,0.8819843204181209,0.8515625,0
Road,object_delete_90pct,10,2,10,0.8829202849341664,0.853515625,0
Road,object_delete_90pct,10,3,10,0.8822418981379366,0.8525390625,0
Road,object_delete_90pct,10,4,10,0.8811006192392543,0.8505859375,0
Road,object_delete_90pct,10,5,10,0.8833985639236274,0.8544921875,0
Road,object_delete_90pct,10,6,10,0.8806804080527368,0.8505859375,0
Road,object_delete_90pct,10,7,10,0.8838033882231365,0.8544921875,0
Road,object_delete_90pct,10,8,10,0.8831253648105459,0.853515625,0
Road,object_delete_90pct,10,9,10,0.8838033882231365,0.8544921875,0
Road,object_delete_90pct,10,0,1000000,0.8872170872506784,0.859375,0
Road,object_delete_90pct,10,1,1000000,0.8872170872506784,0.859375,0
Road,object_delete_90pct,10,2,1000000,0.8872170872506784,0.859375,0
Road,object_delete_90pct,10,3,1000000,0.8872170872506784,0.859375,0
Road,object_delete_90pct,10,4,1000000,0.8872170872506784,0.859375,0
Road,object_delete_90pct,10,5,1000000,0.8872170872506784,0.859375,0
Road,object_delete_90pct,10,6,1000000,0.8872170872506784,0.859375,0
Road,object_delete_90pct,10,7,1000000,0.8872170872506784,0.859375,0
Road,object_delete_90pct,10,8,1000000,0.8872170872506784,0.859375,0
Road,object_delete_90pct,10,9,1000000,0.8872170872506784,0.859375,0
Lake,no_attack,0,0,1,0.7560176393745253,0.7109375,0
Lake,no_attack,0,1,1,0.779308078027538,0.740234375,0
Lake,no_attack,0,2,1,0.7672871814592367,0.72265625,0
Lake,no_attack,0,3,1,0.7639531596663649,0.720703125,0
Lake,no_attack,0,4,1,0.7699160909289434,0.7275390625,0
Lake,no_attack,0,5,1,0.7461469997562273,0.7041015625,0
Lake,no_attack,0,6,1,0.7801161323240522,0.73828125,0
Lake,no_attack,0,7,1,0.7382617022950186,0.7001953125,0
Lake,no_attack,0,8,1,0.7245551707118887,0.6826171875,0
Lake,no_attack,0,9,1,0.761340038212802,0.7216796875,0
Lake,no_attack,0,0,3,0.8532018582854219,0.8232421875,0
Lake,no_attack,0,1,3,0.8440331714328241,0.8154296875,0
Lake,no_attack,0,2,3,0.8258145042016863,0.794921875,0
Lake,no_attack,0,3,3,0.824092183766625,0.7900390625,0
Lake,no_attack,0,4,3,0.8486135052064082,0.818359375,0
Lake,no_attack,0,5,3,0.8316220278801991,0.7998046875,0
Lake,no_attack,0,6,3,0.8429694490364712,0.8134765625,0
Lake,no_attack,0,7,3,0.8263279079701822,0.7958984375,0
Lake,no_attack,0,8,3,0.8322940147216696,0.798828125,0
Lake,no_attack,0,9,3,0.8335540982910663,0.802734375,0
Lake,no_attack,0,0,5,0.8752260689871076,0.849609375,0
Lake,no_attack,0,1,5,0.8902604117800471,0.869140625,0
Lake,no_attack,0,2,5,0.8945869529358155,0.87109375,0
Lake,no_attack,0,3,5,0.887784839052724,0.8642578125,0
Lake,no_attack,0,4,5,0.8867725110565202,0.861328125,0
Lake,no_attack,0,5,5,0.8758830367772281,0.8525390625,0
Lake,no_attack,0,6,5,0.9040846714944137,0.8837890625,0
Lake,no_attack,0,7,5,0.8962015669910696,0.875,0
Lake,no_attack,0,8,5,0.8858621314864497,0.86328125,0
Lake,no_attack,0,9,5,0.889695566504746,0.8671875,0
Lake,no_attack,0,0,10,0.9464826439884569,0.9326171875,0
Lake,no_attack,0,1,10,0.9421904839751241,0.927734375,0
Lake,no_attack,0,2,10,0.9489820300848886,0.935546875,0
Lake,no_attack,0,3,10,0.94448463483324,0.9306640625,0
Lake,no_attack,0,4,10,0.9503217873129999,0.9375,0
Lake,no_attack,0,5,10,0.957015110917263,0.9462890625,0
Lake,no_attack,0,6,10,0.9442054364970007,0.9296875,0
Lake,no_attack,0,7,10,0.9461560081833024,0.9326171875,0
Lake,no_attack,0,8,10,0.9448127792975007,0.9306640625,0
Lake,no_attack,0,9,10,0.9536155729751515,0.9423828125,0
Lake,no_attack,0,0,1000000,0.9992060340153568,0.9990234375,0
Lake,no_attack,0,1,1000000,0.9992060340153568,0.9990234375,0
Lake,no_attack,0,2,1000000,0.9992060340153568,0.9990234375,0
Lake,no_attack,0,3,1000000,0.9992060340153568,0.9990234375,0
Lake,no_attack,0,4,1000000,0.9992060340153568,0.9990234375,0
Lake,no_attack,0,5,1000000,0.9992060340153568,0.9990234375,0
Lake,no_attack,0,6,1000000,0.9992060340153568,0.9990234375,0
Lake,no_attack,0,7,1000000,0.9992060340153568,0.9990234375,0
Lake,no_attack,0,8,1000000,0.9992060340153568,0.9990234375,0
Lake,no_attack,0,9,1000000,0.9992060340153568,0.9990234375,0
Lake,vertex_delete_50pct,1,0,1,0.6476890718445448,0.6015625,0
Lake,vertex_delete_50pct,1,1,1,0.6635044048369952,0.61328125,0
Lake,vertex_delete_50pct,1,2,1,0.67754274937427,0.625,0
Lake,vertex_delete_50pct,1,3,1,0.6668055767052258,0.6123046875,0
Lake,vertex_delete_50pct,1,4,1,0.6892029526086135,0.6376953125,0
Lake,vertex_delete_50pct,1,5,1,0.6784778641864068,0.630859375,0
Lake,vertex_delete_50pct,1,6,1,0.6831842366855566,0.63671875,0
Lake,vertex_delete_50pct,1,7,1,0.6563832739090582,0.607421875,0
Lake,vertex_delete_50pct,1,8,1,0.6849051037804825,0.638671875,0
Lake,vertex_delete_50pct,1,9,1,0.6441245546073482,0.591796875,0
Lake,vertex_delete_50pct,1,0,3,0.7092086410720069,0.66015625,0
Lake,vertex_delete_50pct,1,1,3,0.6935591320220836,0.64453125,0
Lake,vertex_delete_50pct,1,2,3,0.7074262068652719,0.6630859375,0
Lake,vertex_delete_50pct,1,3,3,0.6880237084407945,0.638671875,0
Lake,vertex_delete_50pct,1,4,3,0.7016264559418588,0.65234375,0
Lake,vertex_delete_50pct,1,5,3,0.6755639965803094,0.6298828125,0
Lake,vertex_delete_50pct,1,6,3,0.7048982609810243,0.6611328125,0
Lake,vertex_delete_50pct,1,7,3,0.7115098914918683,0.66796875,0
Lake,vertex_delete_50pct,1,8,3,0.7146604893198827,0.666015625,0
Lake,vertex_delete_50pct,1,9,3,0.6988617249419635,0.6533203125,0
Lake,vertex_delete_50pct,1,0,5,0.7427707689880996,0.7001953125,0
Lake,vertex_delete_50pct,1,1,5,0.725438665354314,0.6865234375,0
Lake,vertex_delete_50pct,1,2,5,0.7406489735117733,0.6943359375,0
Lake,vertex_delete_50pct,1,3,5,0.7270111527697757,0.6845703125,0
Lake,vertex_delete_50pct,1,4,5,0.7452795322467197,0.7001953125,0
Lake,vertex_delete_50pct,1,5,5,0.7334238875890317,0.6943359375,0
Lake,vertex_delete_50pct,1,6,5,0.7256808476245161,0.6826171875,0
Lake,vertex_delete_50pct,1,7,5,0.7430525559072765,0.703125,0
Lake,vertex_delete_50pct,1,8,5,0.7458740751454991,0.7021484375,0
Lake,vertex_delete_50pct,1,9,5,0.7451354521028867,0.70703125,0
Lake,vertex_delete_50pct,1,0,10,0.8210444699111301,0.7763671875,0
Lake,vertex_delete_50pct,1,1,10,0.8179206773673634,0.7685546875,0
Lake,vertex_delete_50pct,1,2,10,0.8268512064522183,0.779296875,0
Lake,vertex_delete_50pct,1,3,10,0.8182076764372691,0.771484375,0
Lake,vertex_delete_50pct,1,4,10,0.8335953377921924,0.787109375,0
Lake,vertex_delete_50pct,1,5,10,0.8259290676455066,0.7783203125,0
Lake,vertex_delete_50pct,1,6,10,0.8330728984496495,0.7890625,0
Lake,vertex_delete_50pct,1,7,10,0.8274760942038151,0.7783203125,0
Lake,vertex_delete_50pct,1,8,10,0.8154863842384923,0.7646484375,0
Lake,vertex_delete_50pct,1,9,10,0.8241315171943884,0.779296875,0
Lake,vertex_delete_50pct,1,0,1000000,0.9239314296628873,0.90625,0
Lake,vertex_delete_50pct,1,1,1000000,0.9239314296628873,0.90625,0
Lake,vertex_delete_50pct,1,2,1000000,0.9239314296628873,0.90625,0
Lake,vertex_delete_50pct,1,3,1000000,0.9239314296628873,0.90625,0
Lake,vertex_delete_50pct,1,4,1000000,0.9239314296628873,0.90625,0
Lake,vertex_delete_50pct,1,5,1000000,0.9239314296628873,0.90625,0
Lake,vertex_delete_50pct,1,6,1000000,0.9239314296628873,0.90625,0
Lake,vertex_delete_50pct,1,7,1000000,0.9239314296628873,0.90625,0
Lake,vertex_delete_50pct,1,8,1000000,0.9239314296628873,0.90625,0
Lake,vertex_delete_50pct,1,9,1000000,0.9239314296628873,0.90625,0
Lake,object_delete_90pct,1,0,1,0.7820423556250614,0.7392578125,2
Lake,object_delete_90pct,1,1,1,0.7619612863939308,0.720703125,2
Lake,object_delete_90pct,1,2,1,0.7707771403015131,0.732421875,2
Lake,object_delete_90pct,1,3,1,0.7509989391578586,0.7138671875,2
Lake,object_delete_90pct,1,4,1,0.7943525779585663,0.755859375,2
Lake,object_delete_90pct,1,5,1,0.7729078805657662,0.7314453125,2
Lake,object_delete_90pct,1,6,1,0.7659434727142346,0.72265625,2
Lake,object_delete_90pct,1,7,1,0.7593282798496555,0.7197265625,2
Lake,object_delete_90pct,1,8,1,0.7518957881492412,0.7119140625,2
Lake,object_delete_90pct,1,9,1,0.7715718244578229,0.7294921875,2
Lake,object_delete_90pct,1,0,3,0.839579763866531,0.80859375,2
Lake,object_delete_90pct,1,1,3,0.8402946041525763,0.8095703125,2
Lake,object_delete_90pct,1,2,3,0.8325296261303655,0.7998046875,2
Lake,object_delete_90pct,1,3,3,0.8382222027046452,0.8076171875,2
Lake,object_delete_90pct,1,4,3,0.833052161400748,0.8017578125,2
Lake,object_delete_90pct,1,5,3,0.8264406363102659,0.7939453125,2
Lake,object_delete_90pct,1,6,3,0.8376475626141576,0.8046875,2
Lake,object_delete_90pct,1,7,3,0.8284289526134833,0.7978515625,2
Lake,object_delete_90pct,1,8,3,0.8402327821582246,0.80859375,2
Lake,object_delete_90pct,1,9,3,0.8464857621877403,0.8154296875,2
Lake,object_delete_90pct,1,0,5,0.8736279565419212,0.845703125,2
Lake,object_delete_90pct,1,1,5,0.8753835631365237,0.8486328125,2
Lake,object_delete_90pct,1,2,5,0.8789853492412371,0.8515625,2
Lake,object_delete_90pct,1,3,5,0.8757492740070213,0.8486328125,2
Lake,object_delete_90pct,1,4,5,0.874013194350671,0.845703125,2
Lake,object_delete_90pct,1,5,5,0.8770147092174334,0.849609375,2
Lake,object_delete_90pct,1,6,5,0.8685670593999903,0.8408203125,2
Lake,object_delete_90pct,1,7,5,0.874013194350671,0.845703125,2
Lake,object_delete_90pct,1,8,5,0.8671070887553163,0.83984375,2
Lake,object_delete_90pct,1,9,5,0.8791373780162804,0.8525390625,2
Lake,object_delete_90pct,1,0,10,0.8974953495181534,0.8720703125,2
Lake,object_delete_90pct,1,1,10,0.8961113928744334,0.8701171875,2
Lake,object_delete_90pct,1,2,10,0.8969845018623213,0.87109375,2
Lake,object_delete_90pct,1,3,10,0.8976752871028356,0.8720703125,2
Lake,object_delete_90pct,1,4,10,0.8974953495181534,0.8720703125,2
Lake,object_delete_90pct,1,5,10,0.8959290400076505,0.8701171875,2
Lake,object_delete_90pct,1,6,10,0.8954218110925263,0.869140625,2
Lake,object_delete_90pct,1,7,10,0.8961113928744334,0.8701171875,2
Lake,object_delete_90pct,1,8,10,0.8952374698235398,0.869140625,2
Lake,object_delete_90pct,1,9,10,0.8969845018623213,0.87109375,2
Lake,object_delete_90pct,1,0,1000000,0.8983676707669788,0.873046875,2
Lake,object_delete_90pct,1,1,1000000,0.8983676707669788,0.873046875,2
Lake,object_delete_90pct,1,2,1000000,0.8983676707669788,0.873046875,2
Lake,object_delete_90pct,1,3,1000000,0.8983676707669788,0.873046875,2
Lake,object_delete_90pct,1,4,1000000,0.8983676707669788,0.873046875,2
Lake,object_delete_90pct,1,5,1000000,0.8983676707669788,0.873046875,2
Lake,object_delete_90pct,1,6,1000000,0.8983676707669788,0.873046875,2
Lake,object_delete_90pct,1,7,1000000,0.8983676707669788,0.873046875,2
Lake,object_delete_90pct,1,8,1000000,0.8983676707669788,0.873046875,2
Lake,object_delete_90pct,1,9,1000000,0.8983676707669788,0.873046875,2
Lake,vertex_delete_50pct,2,0,1,0.6608968527713238,0.615234375,0
Lake,vertex_delete_50pct,2,1,1,0.6786040949230816,0.62890625,0
Lake,vertex_delete_50pct,2,2,1,0.6553339968628964,0.6025390625,0
Lake,vertex_delete_50pct,2,3,1,0.6910598117059262,0.640625,0
Lake,vertex_delete_50pct,2,4,1,0.6828693572025407,0.6259765625,0
Lake,vertex_delete_50pct,2,5,1,0.6403999100702055,0.595703125,0
Lake,vertex_delete_50pct,2,6,1,0.656539764206014,0.6044921875,0
Lake,vertex_delete_50pct,2,7,1,0.6569415800521662,0.603515625,0
Lake,vertex_delete_50pct,2,8,1,0.6813260887454987,0.625,0
Lake,vertex_delete_50pct,2,9,1,0.6372538926915365,0.583984375,0
Lake,vertex_delete_50pct,2,0,3,0.7199943957981306,0.6787109375,0
Lake,vertex_delete_50pct,2,1,3,0.7014121685173188,0.6552734375,0
Lake,vertex_delete_50pct,2,2,3,0.7334924031660256,0.6875,0
Lake,vertex_delete_50pct,2,3,3,0.7116517622183016,0.6669921875,0
Lake,vertex_delete_50pct,2,4,3,0.724262721160196,0.681640625,0
Lake,vertex_delete_50pct,2,5,3,0.7220001878699696,0.677734375,0
Lake,vertex_delete_50pct,2,6,3,0.7063884726759788,0.65234375,0
Lake,vertex_delete_50pct,2,7,3,0.7192921762531254,0.671875,0
Lake,vertex_delete_50pct,2,8,3,0.7200952816470114,0.671875,0
Lake,vertex_delete_50pct,2,9,3,0.7095416722538953,0.6650390625,0
Lake,vertex_delete_50pct,2,0,5,0.7522996315220708,0.7080078125,0
Lake,vertex_delete_50pct,2,1,5,0.7441090406334747,0.7060546875,0
Lake,vertex_delete_50pct,2,2,5,0.7448087581274706,0.697265625,0
Lake,vertex_delete_50pct,2,3,5,0.7368416835457792,0.69140625,0
Lake,vertex_delete_50pct,2,4,5,0.725438665354314,0.6865234375,0
Lake,vertex_delete_50pct,2,5,5,0.7471434032199507,0.70703125,0
Lake,vertex_delete_50pct,2,6,5,0.7305786567818511,0.6865234375,0
Lake,vertex_delete_50pct,2,7,5,0.7533015566784114,0.71484375,0
Lake,vertex_delete_50pct,2,8,5,0.7335280336851907,0.69140625,0
Lake,vertex_delete_50pct,2,9,5,0.7513460727388243,0.7060546875,0
Lake,vertex_delete_50pct,2,0,10,0.8213692595602444,0.7705078125,0
Lake,vertex_delete_50pct,2,1,10,0.8185164154742002,0.771484375,0
Lake,vertex_delete_50pct,2,2,10,0.8239020391673089,0.771484375,0
Lake,vertex_delete_50pct,2,3,10,0.8284019146988487,0.7822265625,0
Lake,vertex_delete_50pct,2,4,10,0.8333634532709348,0.7890625,0
Lake,vertex_delete_50pct,2,5,10,0.8335953377921924,0.787109375,0
Lake,vertex_delete_50pct,2,6,10,0.8245162330280156,0.78125,0
Lake,vertex_delete_50pct,2,7,10,0.8048215903651845,0.7548828125,0
Lake,vertex_delete_50pct,2,8,10,0.8268947916263302,0.7763671875,0
Lake,vertex_delete_50pct,2,9,10,0.8424544661581727,0.7978515625,0
Lake,vertex_delete_50pct,2,0,1000000,0.9145615414388276,0.89453125,0
Lake,vertex_delete_50pct,2,1,1000000,0.9145615414388276,0.89453125,0
Lake,vertex_delete_50pct,2,2,1000000,0.9145615414388276,0.89453125,0
Lake,vertex_delete_50pct,2,3,1000000,0.9145615414388276,0.89453125,0
Lake,vertex_delete_50pct,2,4,1000000,0.9145615414388276,0.89453125,0
Lake,vertex_delete_50pct,2,5,1000000,0.9145615414388276,0.89453125,0
Lake,vertex_delete_50pct,2,6,1000000,0.9145615414388276,0.89453125,0
Lake,vertex_delete_50pct,2,7,1000000,0.9145615414388276,0.89453125,0
Lake,vertex_delete_50pct,2,8,1000000,0.9145615414388276,0.89453125,0
Lake,vertex_delete_50pct,2,9,1000000,0.9145615414388276,0.89453125,0
Lake,object_delete_90pct,2,0,1,0.7715633375795796,0.734375,2
Lake,object_delete_90pct,2,1,1,0.7743681409375743,0.7353515625,2
Lake,object_delete_90pct,2,2,1,0.7810306639780524,0.7451171875,2
Lake,object_delete_90pct,2,3,1,0.7789240586062485,0.744140625,2
Lake,object_delete_90pct,2,4,1,0.7849736535896962,0.7490234375,2
Lake,object_delete_90pct,2,5,1,0.7683010447625046,0.7275390625,2
Lake,object_delete_90pct,2,6,1,0.7904678029519655,0.751953125,2
Lake,object_delete_90pct,2,7,1,0.7734575922918182,0.7353515625,2
Lake,object_delete_90pct,2,8,1,0.7875709534385885,0.7451171875,2
Lake,object_delete_90pct,2,9,1,0.7888934916555406,0.7470703125,2
Lake,object_delete_90pct,2,0,3,0.8565547659194948,0.8291015625,2
Lake,object_delete_90pct,2,1,3,0.8558596058540441,0.8271484375,2
Lake,object_delete_90pct,2,2,3,0.8485166648585701,0.8193359375,2
Lake,object_delete_90pct,2,3,3,0.8667438435750929,0.83984375,2
Lake,object_delete_90pct,2,4,3,0.8613275902690926,0.8330078125,2
Lake,object_delete_90pct,2,5,3,0.8617259067820169,0.8359375,2
Lake,object_delete_90pct,2,6,3,0.8623928852880444,0.8349609375,2
Lake,object_delete_90pct,2,7,3,0.8425691058528095,0.8134765625,2
Lake,object_delete_90pct,2,8,3,0.863485408072931,0.8359375,2
Lake,object_delete_90pct,2,9,3,0.8660393830970163,0.83984375,2
Lake,object_delete_90pct,2,0,5,0.9056307367901182,0.8837890625,2
Lake,object_delete_90pct,2,1,5,0.9009768597424999,0.87890625,2
Lake,object_delete_90pct,2,2,5,0.9001032297439477,0.8779296875,2
Lake,object_delete_90pct,2,3,5,0.9098306385661306,0.8896484375,2
Lake,object_delete_90pct,2,4,5,0.8949089968724189,0.87109375,2
Lake,object_delete_90pct,2,5,5,0.9098306385661306,0.8896484375,2
Lake,object_delete_90pct,2,6,5,0.8999548386979046,0.8779296875,2
Lake,object_delete_90pct,2,7,5,0.902574336444171,0.880859375,2
Lake,object_delete_90pct,2,8,5,0.8988119142194639,0.8759765625,2
Lake,object_delete_90pct,2,9,5,0.9011267423506005,0.87890625,2
Lake,object_delete_90pct,2,0,10,0.9222790425910565,0.9033203125,2
Lake,object_delete_90pct,2,1,10,0.922997048961069,0.904296875,2
Lake,object_delete_90pct,2,2,10,0.9222790425910565,0.9033203125,2
Lake,object_delete_90pct,2,3,10,0.9222790425910565,0.9033203125,2
Lake,object_delete_90pct,2,4,10,0.9208480424388396,0.9013671875,2
Lake,object_delete_90pct,2,5,10,0.9222790425910565,0.9033203125,2
Lake,object_delete_90pct,2,6,10,0.9222790425910565,0.9033203125,2
Lake,object_delete_90pct,2,7,10,0.9215627092460166,0.90234375,2
Lake,object_delete_90pct,2,8,10,0.9215627092460166,0.90234375,2
Lake,object_delete_90pct,2,9,10,0.9215627092460166,0.90234375,2
Lake,object_delete_90pct,2,0,1000000,0.922997048961069,0.904296875,2
Lake,object_delete_90pct,2,1,1000000,0.922997048961069,0.904296875,2
Lake,object_delete_90pct,2,2,1000000,0.922997048961069,0.904296875,2
Lake,object_delete_90pct,2,3,1000000,0.922997048961069,0.904296875,2
Lake,object_delete_90pct,2,4,1000000,0.922997048961069,0.904296875,2
Lake,object_delete_90pct,2,5,1000000,0.922997048961069,0.904296875,2
Lake,object_delete_90pct,2,6,1000000,0.922997048961069,0.904296875,2
Lake,object_delete_90pct,2,7,1000000,0.922997048961069,0.904296875,2
Lake,object_delete_90pct,2,8,1000000,0.922997048961069,0.904296875,2
Lake,object_delete_90pct,2,9,1000000,0.922997048961069,0.904296875,2
Lake,vertex_delete_50pct,3,0,1,0.6586011120296266,0.609375,0
Lake,vertex_delete_50pct,3,1,1,0.6588564645796603,0.607421875,0
Lake,vertex_delete_50pct,3,2,1,0.6727203197588567,0.6171875,0
Lake,vertex_delete_50pct,3,3,1,0.6617412305530341,0.6064453125,0
Lake,vertex_delete_50pct,3,4,1,0.6748799965203387,0.619140625,0
Lake,vertex_delete_50pct,3,5,1,0.6710458773170774,0.6318359375,0
Lake,vertex_delete_50pct,3,6,1,0.6908880454022777,0.6396484375,0
Lake,vertex_delete_50pct,3,7,1,0.6875178598149495,0.6357421875,0
Lake,vertex_delete_50pct,3,8,1,0.6924909290403847,0.6435546875,0
Lake,vertex_delete_50pct,3,9,1,0.6827665023495774,0.6318359375,0
Lake,vertex_delete_50pct,3,0,3,0.723444562026765,0.67578125,0
Lake,vertex_delete_50pct,3,1,3,0.7045768740375825,0.65625,0
Lake,vertex_delete_50pct,3,2,3,0.7237773245413829,0.673828125,0
Lake,vertex_delete_50pct,3,3,3,0.7117795449067402,0.658203125,0
Lake,vertex_delete_50pct,3,4,3,0.7256695560699621,0.6767578125,0
Lake,vertex_delete_50pct,3,5,3,0.7060538805452545,0.6572265625,0
Lake,vertex_delete_50pct,3,6,3,0.7244670068305512,0.6796875,0
Lake,vertex_delete_50pct,3,7,3,0.7302043734805653,0.6865234375,0
Lake,vertex_delete_50pct,3,8,3,0.7127048032106736,0.66796875,0
Lake,vertex_delete_50pct,3,9,3,0.722806322324201,0.6748046875,0
Lake,vertex_delete_50pct,3,0,5,0.7569373658243004,0.71484375,0
Lake,vertex_delete_50pct,3,1,5,0.7445574385052534,0.7001953125,0
Lake,vertex_delete_50pct,3,2,5,0.7505877337946996,0.7021484375,0
Lake,vertex_delete_50pct,3,3,5,0.7592979959884117,0.71875,0
Lake,vertex_delete_50pct,3,4,5,0.7522290993628098,0.7119140625,0
Lake,vertex_delete_50pct,3,5,5,0.7609591688001272,0.7197265625,0
Lake,vertex_delete_50pct,3,6,5,0.7686598471534378,0.728515625,0
Lake,vertex_delete_50pct,3,7,5,0.7592830310546677,0.716796875,0
Lake,vertex_delete_50pct,3,8,5,0.7622959944610149,0.71875,0
Lake,vertex_delete_50pct,3,9,5,0.7304943077272633,0.6875,0
Lake,vertex_delete_50pct,3,0,10,0.8138768681521815,0.7646484375,0
Lake,vertex_delete_50pct,3,1,10,0.8262401283758966,0.779296875,0
Lake,vertex_delete_50pct,3,2,10,0.8216156500454344,0.7734375,0
Lake,vertex_delete_50pct,3,3,10,0.8330728984496495,0.7890625,0
Lake,vertex_delete_50pct,3,4,10,0.84074309778561,0.7978515625,0
Lake,vertex_delete_50pct,3,5,10,0.841834786437574,0.796875,0
Lake,vertex_delete_50pct,3,6,10,0.8302433994369283,0.7841796875,0
Lake,vertex_delete_50pct,3,7,10,0.8256235128182093,0.77734375,0
Lake,vertex_delete_50pct,3,8,10,0.8219454539899758,0.7763671875,0
Lake,vertex_delete_50pct,3,9,10,0.8341955511876985,0.78515625,0
Lake,vertex_delete_50pct,3,0,1000000,0.9257607919033386,0.908203125,0
Lake,vertex_delete_50pct,3,1,1000000,0.9257607919033386,0.908203125,0
Lake,vertex_delete_50pct,3,2,1000000,0.9257607919033386,0.908203125,0
Lake,vertex_delete_50pct,3,3,1000000,0.9257607919033386,0.908203125,0
Lake,vertex_delete_50pct,3,4,1000000,0.9257607919033386,0.908203125,0
Lake,vertex_delete_50pct,3,5,1000000,0.9257607919033386,0.908203125,0
Lake,vertex_delete_50pct,3,6,1000000,0.9257607919033386,0.908203125,0
Lake,vertex_delete_50pct,3,7,1000000,0.9257607919033386,0.908203125,0
Lake,vertex_delete_50pct,3,8,1000000,0.9257607919033386,0.908203125,0
Lake,vertex_delete_50pct,3,9,1000000,0.9257607919033386,0.908203125,0
Lake,object_delete_90pct,3,0,1,0.7592975577653555,0.7158203125,6
Lake,object_delete_90pct,3,1,1,0.7730012058189372,0.7333984375,6
Lake,object_delete_90pct,3,2,1,0.7677159338596802,0.728515625,6
Lake,object_delete_90pct,3,3,1,0.7693828044994925,0.7353515625,6
Lake,object_delete_90pct,3,4,1,0.7646906014864547,0.71875,6
Lake,object_delete_90pct,3,5,1,0.779135392846002,0.7373046875,6
Lake,object_delete_90pct,3,6,1,0.7555932014111674,0.7138671875,6
Lake,object_delete_90pct,3,7,1,0.7686216205050063,0.7275390625,6
Lake,object_delete_90pct,3,8,1,0.7805940866899364,0.7412109375,6
Lake,object_delete_90pct,3,9,1,0.7616216082439686,0.71875,6
Lake,object_delete_90pct,3,0,3,0.8306939169060539,0.7958984375,6
Lake,object_delete_90pct,3,1,3,0.8257338016625744,0.7919921875,6
Lake,object_delete_90pct,3,2,3,0.8433770002899641,0.8134765625,6
Lake,object_delete_90pct,3,3,3,0.8311865341950821,0.7958984375,6
Lake,object_delete_90pct,3,4,3,0.8269047932530507,0.7939453125,6
Lake,object_delete_90pct,3,5,3,0.8350907615429053,0.8017578125,6
Lake,object_delete_90pct,3,6,3,0.8549450293166371,0.826171875,6
Lake,object_delete_90pct,3,7,3,0.836032727456917,0.8037109375,6
Lake,object_delete_90pct,3,8,3,0.8418674762869371,0.810546875,6
Lake,object_delete_90pct,3,9,3,0.8325302708023918,0.798828125,6
Lake,object_delete_90pct,3,0,5,0.8748030002983084,0.845703125,6
Lake,object_delete_90pct,3,1,5,0.8756081089389022,0.84765625,6
Lake,object_delete_90pct,3,2,5,0.8765009801785553,0.8486328125,6
Lake,object_delete_90pct,3,3,5,0.8765866677458659,0.84765625,6
Lake,object_delete_90pct,3,4,5,0.8779725763863457,0.849609375,6
Lake,object_delete_90pct,3,5,5,0.8719197465676362,0.8427734375,6
Lake,object_delete_90pct,3,6,5,0.8786680003182582,0.8505859375,6
Lake,object_delete_90pct,3,7,5,0.8715219801001882,0.8427734375,6
Lake,object_delete_90pct,3,8,5,0.8685327894496593,0.8388671875,6
Lake,object_delete_90pct,3,9,5,0.8700388701311361,0.841796875,6
Lake,object_delete_90pct,3,0,10,0.8964807724357474,0.8701171875,6
Lake,object_delete_90pct,3,1,10,0.8942372228158392,0.8671875,6
Lake,object_delete_90pct,3,2,10,0.8957951273852048,0.869140625,6
Lake,object_delete_90pct,3,3,10,0.8957951273852048,0.869140625,6
Lake,object_delete_90pct,3,4,10,0.8957951273852048,0.869140625,6
Lake,object_delete_90pct,3,5,10,0.8951110531140835,0.8681640625,6
Lake,object_delete_90pct,3,6,10,0.8957951273852048,0.869140625,6
Lake,object_delete_90pct,3,7,10,0.894921675440207,0.8681640625,6
Lake,object_delete_90pct,3,8,10,0.8942372228158392,0.8671875,6
Lake,object_delete_90pct,3,9,10,0.8951110531140835,0.8681640625,6
Lake,object_delete_90pct,3,0,1000000,0.8964807724357474,0.8701171875,6
Lake,object_delete_90pct,3,1,1000000,0.8964807724357474,0.8701171875,6
Lake,object_delete_90pct,3,2,1000000,0.8964807724357474,0.8701171875,6
Lake,object_delete_90pct,3,3,1000000,0.8964807724357474,0.8701171875,6
Lake,object_delete_90pct,3,4,1000000,0.8964807724357474,0.8701171875,6
Lake,object_delete_90pct,3,5,1000000,0.8964807724357474,0.8701171875,6
Lake,object_delete_90pct,3,6,1000000,0.8964807724357474,0.8701171875,6
Lake,object_delete_90pct,3,7,1000000,0.8964807724357474,0.8701171875,6
Lake,object_delete_90pct,3,8,1000000,0.8964807724357474,0.8701171875,6
Lake,object_delete_90pct,3,9,1000000,0.8964807724357474,0.8701171875,6
Lake,vertex_delete_50pct,4,0,1,0.6588648830397125,0.611328125,0
Lake,vertex_delete_50pct,4,1,1,0.6623360542511567,0.607421875,0
Lake,vertex_delete_50pct,4,2,1,0.6728345525159036,0.6181640625,0
Lake,vertex_delete_50pct,4,3,1,0.682650415528412,0.6279296875,0
Lake,vertex_delete_50pct,4,4,1,0.6809772527452541,0.6259765625,0
Lake,vertex_delete_50pct,4,5,1,0.6468342583870533,0.5986328125,0
Lake,vertex_delete_50pct,4,6,1,0.6823192139223573,0.62890625,0
Lake,vertex_delete_50pct,4,7,1,0.6464432832411344,0.5947265625,0
Lake,vertex_delete_50pct,4,8,1,0.6593778614655855,0.6025390625,0
Lake,vertex_delete_50pct,4,9,1,0.6664272344368677,0.61328125,0
Lake,vertex_delete_50pct,4,0,3,0.7251217444308166,0.6806640625,0
Lake,vertex_delete_50pct,4,1,3,0.7290877999607815,0.6865234375,0
Lake,vertex_delete_50pct,4,2,3,0.6931934456540961,0.642578125,0
Lake,vertex_delete_50pct,4,3,3,0.7144098386250533,0.669921875,0
Lake,vertex_delete_50pct,4,4,3,0.7400591626581802,0.697265625,0
Lake,vertex_delete_50pct,4,5,3,0.7007737362123949,0.662109375,0
Lake,vertex_delete_50pct,4,6,3,0.7273090842762484,0.685546875,0
Lake,vertex_delete_50pct,4,7,3,0.7175641831945211,0.66796875,0
Lake,vertex_delete_50pct,4,8,3,0.7211331595410431,0.6728515625,0
Lake,vertex_delete_50pct,4,9,3,0.6922321755348867,0.6484375,0
Lake,vertex_delete_50pct,4,0,5,0.7652840292233062,0.7216796875,0
Lake,vertex_delete_50pct,4,1,5,0.7227641798688509,0.681640625,0
Lake,vertex_delete_50pct,4,2,5,0.7616374232845462,0.7177734375,0
Lake,vertex_delete_50pct,4,3,5,0.7340441823746064,0.689453125,0
Lake,vertex_delete_50pct,4,4,5,0.7492705075682324,0.705078125,0
Lake,vertex_delete_50pct,4,5,5,0.7316981843241163,0.6923828125,0
Lake,vertex_delete_50pct,4,6,5,0.757729933872724,0.7197265625,0
Lake,vertex_delete_50pct,4,7,5,0.7382029154833246,0.689453125,0
Lake,vertex_delete_50pct,4,8,5,0.7629748253988724,0.71875,0
Lake,vertex_delete_50pct,4,9,5,0.7329304064430576,0.689453125,0
Lake,vertex_delete_50pct,4,0,10,0.8372289895556537,0.7890625,0
Lake,vertex_delete_50pct,4,1,10,0.8309417121037895,0.787109375,0
Lake,vertex_delete_50pct,4,2,10,0.8290051535585251,0.7822265625,0
Lake,vertex_delete_50pct,4,3,10,0.8296235834494996,0.783203125,0
Lake,vertex_delete_50pct,4,4,10,0.8244297880451571,0.779296875,0
Lake,vertex_delete_50pct,4,5,10,0.8216133402829057,0.7744140625,0
Lake,vertex_delete_50pct,4,6,10,0.8293314763557564,0.779296875,0
Lake,vertex_delete_50pct,4,7,10,0.8339154550687407,0.7880859375,0
Lake,vertex_delete_50pct,4,8,10,0.8317837396956238,0.7861328125,0
Lake,vertex_delete_50pct,4,9,10,0.8342815943867788,0.7900390625,0
Lake,vertex_delete_50pct,4,0,1000000,0.9202290406282426,0.9033203125,0
Lake,vertex_delete_50pct,4,1,1000000,0.9202290406282426,0.9033203125,0
Lake,vertex_delete_50pct,4,2,1000000,0.9202290406282426,0.9033203125,0
Lake,vertex_delete_50pct,4,3,1000000,0.9202290406282426,0.9033203125,0
Lake,vertex_delete_50pct,4,4,1000000,0.9202290406282426,0.9033203125,0
Lake,vertex_delete_50pct,4,5,1000000,0.9202290406282426,0.9033203125,0
Lake,vertex_delete_50pct,4,6,1000000,0.9202290406282426,0.9033203125,0
Lake,vertex_delete_50pct,4,7,1000000,0.9202290406282426,0.9033203125,0
Lake,vertex_delete_50pct,4,8,1000000,0.9202290406282426,0.9033203125,0
Lake,vertex_delete_50pct,4,9,1000000,0.9202290406282426,0.9033203125,0
Lake,object_delete_90pct,4,0,1,0.7727666965824412,0.734375,1
Lake,object_delete_90pct,4,1,1,0.7636311479506857,0.7197265625,1
Lake,object_delete_90pct,4,2,1,0.7622388911744455,0.7255859375,1
Lake,object_delete_90pct,4,3,1,0.7550097234736005,0.716796875,1
Lake,object_delete_90pct,4,4,1,0.7622903115707873,0.720703125,1
Lake,object_delete_90pct,4,5,1,0.7657173341288556,0.7265625,1
Lake,object_delete_90pct,4,6,1,0.7623201922235159,0.7177734375,1
Lake,object_delete_90pct,4,7,1,0.7566702226979078,0.7119140625,1
Lake,object_delete_90pct,4,8,1,0.745214884495163,0.701171875,1
Lake,object_delete_90pct,4,9,1,0.7725894187328015,0.7314453125,1
Lake,object_delete_90pct,4,0,3,0.8485408565270823,0.8173828125,1
Lake,object_delete_90pct,4,1,3,0.8431723338229797,0.8134765625,1
Lake,object_delete_90pct,4,2,3,0.8302110632454298,0.80078125,1
Lake,object_delete_90pct,4,3,3,0.8269138195945602,0.79296875,1
Lake,object_delete_90pct,4,4,3,0.8479968959491618,0.818359375,1
Lake,object_delete_90pct,4,5,3,0.852393446193843,0.8232421875,1
Lake,object_delete_90pct,4,6,3,0.8369633939007995,0.8046875,1
Lake,object_delete_90pct,4,7,3,0.8470748343099173,0.8173828125,1
Lake,object_delete_90pct,4,8,3,0.8450242209936554,0.8154296875,1
Lake,object_delete_90pct,4,9,3,0.8468114199338665,0.818359375,1
Lake,object_delete_90pct,4,0,5,0.8759203924774474,0.849609375,1
Lake,object_delete_90pct,4,1,5,0.8771880360828967,0.8515625,1
Lake,object_delete_90pct,4,2,5,0.883262268791883,0.8583984375,1
Lake,object_delete_90pct,4,3,5,0.8746731553497525,0.8486328125,1
Lake,object_delete_90pct,4,4,5,0.8800281613517521,0.853515625,1
Lake,object_delete_90pct,4,5,5,0.8794939696938711,0.853515625,1
Lake,object_delete_90pct,4,6,5,0.884874061253182,0.8603515625,1
Lake,object_delete_90pct,4,7,5,0.8794939696938711,0.853515625,1
Lake,object_delete_90pct,4,8,5,0.8698468694778505,0.841796875,1
Lake,object_delete_90pct,4,9,5,0.8779067565111786,0.8505859375,1
Lake,object_delete_90pct,4,0,10,0.8964434531166532,0.87109375,1
Lake,object_delete_90pct,4,1,10,0.897140261191641,0.8720703125,1
Lake,object_delete_90pct,4,2,10,0.897140261191641,0.8720703125,1
Lake,object_delete_90pct,4,3,10,0.8987114350291046,0.8740234375,1
Lake,object_delete_90pct,4,4,10,0.8978386966895578,0.873046875,1
Lake,object_delete_90pct,4,5,10,0.897140261191641,0.8720703125,1
Lake,object_delete_90pct,4,6,10,0.8987114350291046,0.8740234375,1
Lake,object_delete_90pct,4,7,10,0.8962662996725884,0.87109375,1
Lake,object_delete_90pct,4,8,10,0.8962662996725884,0.87109375,1
Lake,object_delete_90pct,4,9,10,0.8962662996725884,0.87109375,1
Lake,object_delete_90pct,4,0,1000000,0.8978386966895578,0.873046875,1
Lake,object_delete_90pct,4,1,1000000,0.8978386966895578,0.873046875,1
Lake,object_delete_90pct,4,2,1000000,0.8978386966895578,0.873046875,1
Lake,object_delete_90pct,4,3,1000000,0.8978386966895578,0.873046875,1
Lake,object_delete_90pct,4,4,1000000,0.8978386966895578,0.873046875,1
Lake,object_delete_90pct,4,5,1000000,0.8978386966895578,0.873046875,1
Lake,object_delete_90pct,4,6,1000000,0.8978386966895578,0.873046875,1
Lake,object_delete_90pct,4,7,1000000,0.8978386966895578,0.873046875,1
Lake,object_delete_90pct,4,8,1000000,0.8978386966895578,0.873046875,1
Lake,object_delete_90pct,4,9,1000000,0.8978386966895578,0.873046875,1
Lake,vertex_delete_50pct,5,0,1,0.6343885964922424,0.587890625,0
Lake,vertex_delete_50pct,5,1,1,0.6654511860113911,0.61328125,0
Lake,vertex_delete_50pct,5,2,1,0.6736907797434809,0.6171875,0
Lake,vertex_delete_50pct,5,3,1,0.6815351821367731,0.6298828125,0
Lake,vertex_delete_50pct,5,4,1,0.65824184282184,0.6103515625,0
Lake,vertex_delete_50pct,5,5,1,0.6542831981784124,0.6064453125,0
Lake,vertex_delete_50pct,5,6,1,0.6910598117059262,0.640625,0
Lake,vertex_delete_50pct,5,7,1,0.6960857674646009,0.6484375,0
Lake,vertex_delete_50pct,5,8,1,0.6686085693880087,0.615234375,0
Lake,vertex_delete_50pct,5,9,1,0.6627687165333869,0.611328125,0
Lake,vertex_delete_50pct,5,0,3,0.6884719012248557,0.638671875,0
Lake,vertex_delete_50pct,5,1,3,0.7379607822715348,0.6962890625,0
Lake,vertex_delete_50pct,5,2,3,0.7300259520067734,0.681640625,0
Lake,vertex_delete_50pct,5,3,3,0.705011948155382,0.658203125,0
Lake,vertex_delete_50pct,5,4,3,0.7180157028847648,0.669921875,0
Lake,vertex_delete_50pct,5,5,3,0.7217333250643174,0.6767578125,0
Lake,vertex_delete_50pct,5,6,3,0.7215348942117434,0.6728515625,0
Lake,vertex_delete_50pct,5,7,3,0.7298859925243794,0.6826171875,0
Lake,vertex_delete_50pct,5,8,3,0.7207322523877856,0.6728515625,0
Lake,vertex_delete_50pct,5,9,3,0.7194599967578852,0.6708984375,0
Lake,vertex_delete_50pct,5,0,5,0.7336718950353571,0.689453125,0
Lake,vertex_delete_50pct,5,1,5,0.7440850431505321,0.705078125,0
Lake,vertex_delete_50pct,5,2,5,0.7715604110962425,0.7275390625,0
Lake,vertex_delete_50pct,5,3,5,0.7579544508048947,0.71484375,0
Lake,vertex_delete_50pct,5,4,5,0.7471977213954878,0.7041015625,0
Lake,vertex_delete_50pct,5,5,5,0.7328596708733446,0.6904296875,0
Lake,vertex_delete_50pct,5,6,5,0.7629622291199899,0.7216796875,0
Lake,vertex_delete_50pct,5,7,5,0.7549215715615132,0.7138671875,0
Lake,vertex_delete_50pct,5,8,5,0.7659875333516699,0.7255859375,0
Lake,vertex_delete_50pct,5,9,5,0.7304243506701034,0.6884765625,0
Lake,vertex_delete_50pct,5,0,10,0.8268592668130036,0.7802734375,0
Lake,vertex_delete_50pct,5,1,10,0.8130191230729061,0.76171875,0
Lake,vertex_delete_50pct,5,2,10,0.8306341722950162,0.7783203125,0
Lake,vertex_delete_50pct,5,3,10,0.8357122703716761,0.787109375,0
Lake,vertex_delete_50pct,5,4,10,0.8219447551277819,0.7724609375,0
Lake,vertex_delete_50pct,5,5,10,0.8409696747665032,0.796875,0
Lake,vertex_delete_50pct,5,6,10,0.8309092865144624,0.779296875,0
Lake,vertex_delete_50pct,5,7,10,0.8274659603084263,0.779296875,0
Lake,vertex_delete_50pct,5,8,10,0.8262446076717841,0.77734375,0
Lake,vertex_delete_50pct,5,9,10,0.8176033794979327,0.7685546875,0
Lake,vertex_delete_50pct,5,0,1000000,0.9147022158908414,0.89453125,0
Lake,vertex_delete_50pct,5,1,1000000,0.9147022158908414,0.89453125,0
Lake,vertex_delete_50pct,5,2,1000000,0.9147022158908414,0.89453125,0
Lake,vertex_delete_50pct,5,3,1000000,0.9147022158908414,0.89453125,0
Lake,vertex_delete_50pct,5,4,1000000,0.9147022158908414,0.89453125,0
Lake,vertex_delete_50pct,5,5,1000000,0.9147022158908414,0.89453125,0
Lake,vertex_delete_50pct,5,6,1000000,0.9147022158908414,0.89453125,0
Lake,vertex_delete_50pct,5,7,1000000,0.9147022158908414,0.89453125,0
Lake,vertex_delete_50pct,5,8,1000000,0.9147022158908414,0.89453125,0
Lake,vertex_delete_50pct,5,9,1000000,0.9147022158908414,0.89453125,0
Lake,object_delete_90pct,5,0,1,0.7606186222910268,0.71875,3
Lake,object_delete_90pct,5,1,1,0.7649488903423052,0.7216796875,3
Lake,object_delete_90pct,5,2,1,0.7722631684151349,0.7353515625,3
Lake,object_delete_90pct,5,3,1,0.7738518184873209,0.736328125,3
Lake,object_delete_90pct,5,4,1,0.7863349721597875,0.7451171875,3
Lake,object_delete_90pct,5,5,1,0.7807495768592572,0.7451171875,3
Lake,object_delete_90pct,5,6,1,0.7650913249705822,0.7265625,3
Lake,object_delete_90pct,5,7,1,0.7593262504877617,0.71484375,3
Lake,object_delete_90pct,5,8,1,0.7583652278642962,0.7197265625,3
Lake,object_delete_90pct,5,9,1,0.7646353919031478,0.7236328125,3
Lake,object_delete_90pct,5,0,3,0.8432883506756407,0.8125,3
Lake,object_delete_90pct,5,1,3,0.8243151960926361,0.791015625,3
Lake,object_delete_90pct,5,2,3,0.8560707580902076,0.830078125,3
Lake,object_delete_90pct,5,3,3,0.8306215341788783,0.80078125,3
Lake,object_delete_90pct,5,4,3,0.8464724212352027,0.8173828125,3
Lake,object_delete_90pct,5,5,3,0.8398722464107566,0.8095703125,3
Lake,object_delete_90pct,5,6,3,0.8442130868253801,0.8134765625,3
Lake,object_delete_90pct,5,7,3,0.8369633939007995,0.8046875,3
Lake,object_delete_90pct,5,8,3,0.8360378174685943,0.8017578125,3
Lake,object_delete_90pct,5,9,3,0.834999986798889,0.8046875,3
Lake,object_delete_90pct,5,0,5,0.8912285197689562,0.8671875,3
Lake,object_delete_90pct,5,1,5,0.8784268914079858,0.8525390625,3
Lake,object_delete_90pct,5,2,5,0.8819917276627403,0.8564453125,3
Lake,object_delete_90pct,5,3,5,0.8803851853537007,0.8544921875,3
Lake,object_delete_90pct,5,4,5,0.8803851853537007,0.8544921875,3
Lake,object_delete_90pct,5,5,5,0.8819917276627403,0.8564453125,3
Lake,object_delete_90pct,5,6,5,0.8773532104063015,0.8505859375,3
Lake,object_delete_90pct,5,7,5,0.8803928527035956,0.853515625,3
Lake,object_delete_90pct,5,8,5,0.8803851853537007,0.8544921875,3
Lake,object_delete_90pct,5,9,5,0.8845506502037158,0.8603515625,3
Lake,object_delete_90pct,5,0,10,0.9034855366117138,0.880859375,3
Lake,object_delete_90pct,5,1,10,0.9043548903937147,0.8818359375,3
Lake,object_delete_90pct,5,2,10,0.9041989086428008,0.8818359375,3
Lake,object_delete_90pct,5,3,10,0.9050678230155872,0.8828125,3
Lake,object_delete_90pct,5,4,10,0.9034855366117138,0.880859375,3
Lake,object_delete_90pct,5,5,10,0.9041989086428008,0.8818359375,3
Lake,object_delete_90pct,5,6,10,0.9043548903937147,0.8818359375,3
Lake,object_delete_90pct,5,7,10,0.9043548903937147,0.8818359375,3
Lake,object_delete_90pct,5,8,10,0.9041989086428008,0.8818359375,3
Lake,object_delete_90pct,5,9,10,0.9057824443847322,0.8837890625,3
Lake,object_delete_90pct,5,0,1000000,0.9033291850906445,0.880859375,3
Lake,object_delete_90pct,5,1,1000000,0.9033291850906445,0.880859375,3
Lake,object_delete_90pct,5,2,1000000,0.9033291850906445,0.880859375,3
Lake,object_delete_90pct,5,3,1000000,0.9033291850906445,0.880859375,3
Lake,object_delete_90pct,5,4,1000000,0.9033291850906445,0.880859375,3
Lake,object_delete_90pct,5,5,1000000,0.9033291850906445,0.880859375,3
Lake,object_delete_90pct,5,6,1000000,0.9033291850906445,0.880859375,3
Lake,object_delete_90pct,5,7,1000000,0.9033291850906445,0.880859375,3
Lake,object_delete_90pct,5,8,1000000,0.9033291850906445,0.880859375,3
Lake,object_delete_90pct,5,9,1000000,0.9033291850906445,0.880859375,3
Lake,vertex_delete_50pct,6,0,1,0.6496934006723327,0.6015625,0
Lake,vertex_delete_50pct,6,1,1,0.662812308074654,0.615234375,0
Lake,vertex_delete_50pct,6,2,1,0.6758419788366848,0.62890625,0
Lake,vertex_delete_50pct,6,3,1,0.644481956281913,0.595703125,0
Lake,vertex_delete_50pct,6,4,1,0.6576205667581423,0.609375,0
Lake,vertex_delete_50pct,6,5,1,0.6438017133089919,0.5986328125,0
Lake,vertex_delete_50pct,6,6,1,0.6608968527713238,0.615234375,0
Lake,vertex_delete_50pct,6,7,1,0.6742905477636002,0.6279296875,0
Lake,vertex_delete_50pct,6,8,1,0.6720768131682225,0.623046875,0
Lake,vertex_delete_50pct,6,9,1,0.677220258166959,0.62890625,0
Lake,vertex_delete_50pct,6,0,3,0.7176015785840734,0.67578125,0
Lake,vertex_delete_50pct,6,1,3,0.7280501219400901,0.685546875,0
Lake,vertex_delete_50pct,6,2,3,0.734623086365559,0.69140625,0
Lake,vertex_delete_50pct,6,3,3,0.6967668993557202,0.6533203125,0
Lake,vertex_delete_50pct,6,4,3,0.7137565144475875,0.6689453125,0
Lake,vertex_delete_50pct,6,5,3,0.6937819061732104,0.6513671875,0
Lake,vertex_delete_50pct,6,6,3,0.7180939363692388,0.671875,0
Lake,vertex_delete_50pct,6,7,3,0.7160036072180448,0.669921875,0
Lake,vertex_delete_50pct,6,8,3,0.73301536524388,0.6884765625,0
Lake,vertex_delete_50pct,6,9,3,0.7035892565812937,0.6591796875,0
Lake,vertex_delete_50pct,6,0,5,0.7638558656420618,0.7265625,0
Lake,vertex_delete_50pct,6,1,5,0.727184806672661,0.69140625,0
Lake,vertex_delete_50pct,6,2,5,0.7515988481372328,0.7080078125,0
Lake,vertex_delete_50pct,6,3,5,0.7418656041154095,0.697265625,0
Lake,vertex_delete_50pct,6,4,5,0.7373432739742757,0.6943359375,0
Lake,vertex_delete_50pct,6,5,5,0.7330893824384059,0.693359375,0
Lake,vertex_delete_50pct,6,6,5,0.7481630050679156,0.7080078125,0
Lake,vertex_delete_50pct,6,7,5,0.741822144753018,0.7060546875,0
Lake,vertex_delete_50pct,6,8,5,0.7434145850079609,0.705078125,0
Lake,vertex_delete_50pct,6,9,5,0.7320517182158026,0.6923828125,0
Lake,vertex_delete_50pct,6,0,10,0.8314795881621388,0.79296875,0
Lake,vertex_delete_50pct,6,1,10,0.8243910246889972,0.7763671875,0
Lake,vertex_delete_50pct,6,2,10,0.828427510540079,0.783203125,0
Lake,vertex_delete_50pct,6,3,10,0.8268592668130036,0.7802734375,0
Lake,vertex_delete_50pct,6,4,10,0.816982446237566,0.771484375,0
Lake,vertex_delete_50pct,6,5,10,0.8403069556091937,0.794921875,0
Lake,vertex_delete_50pct,6,6,10,0.8325577956185898,0.7900390625,0
Lake,vertex_delete_50pct,6,7,10,0.8122968739686137,0.7666015625,0
Lake,vertex_delete_50pct,6,8,10,0.8400584786788234,0.7958984375,0
Lake,vertex_delete_50pct,6,9,10,0.817311465265137,0.7724609375,0
Lake,vertex_delete_50pct,6,0,1000000,0.9108400680852976,0.892578125,0
Lake,vertex_delete_50pct,6,1,1000000,0.9108400680852976,0.892578125,0
Lake,vertex_delete_50pct,6,2,1000000,0.9108400680852976,0.892578125,0
Lake,vertex_delete_50pct,6,3,1000000,0.9108400680852976,0.892578125,0
Lake,vertex_delete_50pct,6,4,1000000,0.9108400680852976,0.892578125,0
Lake,vertex_delete_50pct,6,5,1000000,0.9108400680852976,0.892578125,0
Lake,vertex_delete_50pct,6,6,1000000,0.9108400680852976,0.892578125,0
Lake,vertex_delete_50pct,6,7,1000000,0.9108400680852976,0.892578125,0
Lake,vertex_delete_50pct,6,8,1000000,0.9108400680852976,0.892578125,0
Lake,vertex_delete_50pct,6,9,1000000,0.9108400680852976,0.892578125,0
Lake,object_delete_90pct,6,0,1,0.7576371255515493,0.7177734375,17
Lake,object_delete_90pct,6,1,1,0.7784095470526422,0.740234375,17
Lake,object_delete_90pct,6,2,1,0.7729649070137321,0.736328125,17
Lake,object_delete_90pct,6,3,1,0.7482584088121784,0.7041015625,17
Lake,object_delete_90pct,6,4,1,0.7985044329532957,0.759765625,17
Lake,object_delete_90pct,6,5,1,0.7830994362880044,0.7421875,17
Lake,object_delete_90pct,6,6,1,0.7676048479201626,0.7236328125,17
Lake,object_delete_90pct,6,7,1,0.774518118504625,0.7314453125,17
Lake,object_delete_90pct,6,8,1,0.7848566748139434,0.75,17
Lake,object_delete_90pct,6,9,1,0.7633110860106729,0.72265625,17
Lake,object_delete_90pct,6,0,3,0.8489180045974987,0.8193359375,17
Lake,object_delete_90pct,6,1,3,0.8375042392301184,0.806640625,17
Lake,object_delete_90pct,6,2,3,0.8425270629789002,0.810546875,17
Lake,object_delete_90pct,6,3,3,0.8529971911276459,0.8232421875,17
Lake,object_delete_90pct,6,4,3,0.8406763595577968,0.80859375,17
Lake,object_delete_90pct,6,5,3,0.8357987928897636,0.8017578125,17
Lake,object_delete_90pct,6,6,3,0.8430107306992759,0.8115234375,17
Lake,object_delete_90pct,6,7,3,0.8386501920113775,0.8076171875,17
Lake,object_delete_90pct,6,8,3,0.8425770149516875,0.8115234375,17
Lake,object_delete_90pct,6,9,3,0.8472791667507853,0.8173828125,17
Lake,object_delete_90pct,6,0,5,0.868827802934548,0.83984375,17
Lake,object_delete_90pct,6,1,5,0.8684336323633666,0.83984375,17
Lake,object_delete_90pct,6,2,5,0.8725414012084608,0.8447265625,17
Lake,object_delete_90pct,6,3,5,0.8745230313853276,0.8466796875,17
Lake,object_delete_90pct,6,4,5,0.8697267441930863,0.8408203125,17
Lake,object_delete_90pct,6,5,5,0.8731181742029358,0.8447265625,17
Lake,object_delete_90pct,6,6,5,0.8732493456666754,0.845703125,17
Lake,object_delete_90pct,6,7,5,0.8676335359977464,0.837890625,17
Lake,object_delete_90pct,6,8,5,0.8704278541370057,0.841796875,17
Lake,object_delete_90pct,6,9,5,0.8732493456666754,0.845703125,17
Lake,object_delete_90pct,6,0,10,0.8786680003182582,0.8505859375,17
Lake,object_delete_90pct,6,1,10,0.8786680003182582,0.8505859375,17
Lake,object_delete_90pct,6,2,10,0.8786680003182582,0.8505859375,17
Lake,object_delete_90pct,6,3,10,0.8786680003182582,0.8505859375,17
Lake,object_delete_90pct,6,4,10,0.8786680003182582,0.8505859375,17
Lake,object_delete_90pct,6,5,10,0.8786680003182582,0.8505859375,17
Lake,object_delete_90pct,6,6,10,0.8786680003182582,0.8505859375,17
Lake,object_delete_90pct,6,7,10,0.8786680003182582,0.8505859375,17
Lake,object_delete_90pct,6,8,10,0.8786680003182582,0.8505859375,17
Lake,object_delete_90pct,6,9,10,0.8786680003182582,0.8505859375,17
Lake,object_delete_90pct,6,0,1000000,0.8786680003182582,0.8505859375,17
Lake,object_delete_90pct,6,1,1000000,0.8786680003182582,0.8505859375,17
Lake,object_delete_90pct,6,2,1000000,0.8786680003182582,0.8505859375,17
Lake,object_delete_90pct,6,3,1000000,0.8786680003182582,0.8505859375,17
Lake,object_delete_90pct,6,4,1000000,0.8786680003182582,0.8505859375,17
Lake,object_delete_90pct,6,5,1000000,0.8786680003182582,0.8505859375,17
Lake,object_delete_90pct,6,6,1000000,0.8786680003182582,0.8505859375,17
Lake,object_delete_90pct,6,7,1000000,0.8786680003182582,0.8505859375,17
Lake,object_delete_90pct,6,8,1000000,0.8786680003182582,0.8505859375,17
Lake,object_delete_90pct,6,9,1000000,0.8786680003182582,0.8505859375,17
Lake,vertex_delete_50pct,7,0,1,0.6504341057617513,0.603515625,0
Lake,vertex_delete_50pct,7,1,1,0.6532175148395224,0.6015625,0
Lake,vertex_delete_50pct,7,2,1,0.672123548774491,0.6201171875,0
Lake,vertex_delete_50pct,7,3,1,0.6539649377343346,0.5986328125,0
Lake,vertex_delete_50pct,7,4,1,0.6299312797367469,0.578125,0
Lake,vertex_delete_50pct,7,5,1,0.6632762706026984,0.6181640625,0
Lake,vertex_delete_50pct,7,6,1,0.6568480135750707,0.6025390625,0
Lake,vertex_delete_50pct,7,7,1,0.6302861822090868,0.5732421875,0
Lake,vertex_delete_50pct,7,8,1,0.6491033821718737,0.595703125,0
Lake,vertex_delete_50pct,7,9,1,0.6735580382414812,0.6201171875,0
Lake,vertex_delete_50pct,7,0,3,0.7113820226426506,0.6689453125,0
Lake,vertex_delete_50pct,7,1,3,0.7009929774074628,0.6552734375,0
Lake,vertex_delete_50pct,7,2,3,0.7224083739049666,0.6748046875,0
Lake,vertex_delete_50pct,7,3,3,0.7258383599433142,0.67578125,0
Lake,vertex_delete_50pct,7,4,3,0.720575481780577,0.673828125,0
Lake,vertex_delete_50pct,7,5,3,0.677364634354306,0.626953125,0
Lake,vertex_delete_50pct,7,6,3,0.7060538805452545,0.6572265625,0
Lake,vertex_delete_50pct,7,7,3,0.7077478572757802,0.6572265625,0
Lake,vertex_delete_50pct,7,8,3,0.7104739563350548,0.662109375,0
Lake,vertex_delete_50pct,7,9,3,0.719256707144837,0.6748046875,0
Lake,vertex_delete_50pct,7,0,5,0.7290877999607815,0.6865234375,0
Lake,vertex_delete_50pct,7,1,5,0.7451066613939432,0.7041015625,0
Lake,vertex_delete_50pct,7,2,5,0.7573244988449648,0.712890625,0
Lake,vertex_delete_50pct,7,3,5,0.7436978013636227,0.697265625,0
Lake,vertex_delete_50pct,7,4,5,0.7235979548694481,0.6806640625,0
Lake,vertex_delete_50pct,7,5,5,0.7312377265205564,0.6875,0
Lake,vertex_delete_50pct,7,6,5,0.7128583093062782,0.6669921875,0
Lake,vertex_delete_50pct,7,7,5,0.7509901446607017,0.7060546875,0
Lake,vertex_delete_50pct,7,8,5,0.7249293229774738,0.6826171875,0
Lake,vertex_delete_50pct,7,9,5,0.7267000934554897,0.677734375,0
Lake,vertex_delete_50pct,7,0,10,0.8079111279840071,0.759765625,0
Lake,vertex_delete_50pct,7,1,10,0.8051500055092555,0.7548828125,0
Lake,vertex_delete_50pct,7,2,10,0.8253143082989615,0.77734375,0
Lake,vertex_delete_50pct,7,3,10,0.8259336159374848,0.77734375,0
Lake,vertex_delete_50pct,7,4,10,0.8237821226305084,0.77734375,0
Lake,vertex_delete_50pct,7,5,10,0.8290963717510731,0.78515625,0
Lake,vertex_delete_50pct,7,6,10,0.8326791082731073,0.7861328125,0
Lake,vertex_delete_50pct,7,7,10,0.8317619775975269,0.78515625,0
Lake,vertex_delete_50pct,7,8,10,0.8169911717149723,0.767578125,0
Lake,vertex_delete_50pct,7,9,10,0.8186413157473591,0.7666015625,0
Lake,vertex_delete_50pct,7,0,1000000,0.9127655837327502,0.8935546875,0
Lake,vertex_delete_50pct,7,1,1000000,0.9127655837327502,0.8935546875,0
Lake,vertex_delete_50pct,7,2,1000000,0.9127655837327502,0.8935546875,0
Lake,vertex_delete_50pct,7,3,1000000,0.9127655837327502,0.8935546875,0
Lake,vertex_delete_50pct,7,4,1000000,0.9127655837327502,0.8935546875,0
Lake,vertex_delete_50pct,7,5,1000000,0.9127655837327502,0.8935546875,0
Lake,vertex_delete_50pct,7,6,1000000,0.9127655837327502,0.8935546875,0
Lake,vertex_delete_50pct,7,7,1000000,0.9127655837327502,0.8935546875,0
Lake,vertex_delete_50pct,7,8,1000000,0.9127655837327502,0.8935546875,0
Lake,vertex_delete_50pct,7,9,1000000,0.9127655837327502,0.8935546875,0
Lake,object_delete_90pct,7,0,1,0.7636579860724898,0.71875,1
Lake,object_delete_90pct,7,1,1,0.7842197970793169,0.7451171875,1
Lake,object_delete_90pct,7,2,1,0.7650321283234977,0.7255859375,1
Lake,object_delete_90pct,7,3,1,0.7600132852030783,0.720703125,1
Lake,object_delete_90pct,7,4,1,0.7845518096022169,0.748046875,1
Lake,object_delete_90pct,7,5,1,0.7863966970723749,0.74609375,1
Lake,object_delete_90pct,7,6,1,0.7596719040767993,0.71484375,1
Lake,object_delete_90pct,7,7,1,0.7706487579695899,0.73046875,1
Lake,object_delete_90pct,7,8,1,0.7663486737650121,0.7265625,1
Lake,object_delete_90pct,7,9,1,0.7703955626307096,0.7314453125,1
Lake,object_delete_90pct,7,0,3,0.8574735894110981,0.8271484375,1
Lake,object_delete_90pct,7,1,3,0.8595086200675517,0.8310546875,1
Lake,object_delete_90pct,7,2,3,0.8563879755405049,0.828125,1
Lake,object_delete_90pct,7,3,3,0.8367385382432085,0.8046875,1
Lake,object_delete_90pct,7,4,3,0.8400825588825814,0.8095703125,1
Lake,object_delete_90pct,7,5,3,0.8471099020921886,0.814453125,1
Lake,object_delete_90pct,7,6,3,0.845295958414168,0.8134765625,1
Lake,object_delete_90pct,7,7,3,0.8496371220535123,0.8203125,1
Lake,object_delete_90pct,7,8,3,0.840723815363932,0.8095703125,1
Lake,object_delete_90pct,7,9,3,0.8547391717922824,0.82421875,1
Lake,object_delete_90pct,7,0,5,0.883053643093019,0.857421875,1
Lake,object_delete_90pct,7,1,5,0.8793193185775688,0.8525390625,1
Lake,object_delete_90pct,7,2,5,0.8825168433723964,0.8564453125,1
Lake,object_delete_90pct,7,3,5,0.8809298791719147,0.85546875,1
Lake,object_delete_90pct,7,4,5,0.8723524738085027,0.8447265625,1
Lake,object_delete_90pct,7,5,5,0.874854583434445,0.84765625,1
Lake,object_delete_90pct,7,6,5,0.8924373616363471,0.8681640625,1
Lake,object_delete_90pct,7,7,5,0.8809180809749826,0.8544921875,1
Lake,object_delete_90pct,7,8,5,0.8858877270249166,0.8603515625,1
Lake,object_delete_90pct,7,9,5,0.8796882564701136,0.8525390625,1
Lake,object_delete_90pct,7,0,10,0.9091623862286103,0.88671875,1
Lake,object_delete_90pct,7,1,10,0.9084595160916735,0.8857421875,1
Lake,object_delete_90pct,7,2,10,0.9086225467016507,0.8857421875,1
Lake,object_delete_90pct,7,3,10,0.9100258256021765,0.8876953125,1
Lake,object_delete_90pct,7,4,10,0.9084595160916735,0.8857421875,1
Lake,object_delete_90pct,7,5,10,0.9084595160916735,0.8857421875,1
Lake,object_delete_90pct,7,6,10,0.9093233740690151,0.88671875,1
Lake,object_delete_90pct,7,7,10,0.9091623862286103,0.88671875,1
Lake,object_delete_90pct,7,8,10,0.9093233740690151,0.88671875,1
Lake,object_delete_90pct,7,9,10,0.9100258256021765,0.8876953125,1
Lake,object_delete_90pct,7,0,1000000,0.9100258256021765,0.8876953125,1
Lake,object_delete_90pct,7,1,1000000,0.9100258256021765,0.8876953125,1
Lake,object_delete_90pct,7,2,1000000,0.9100258256021765,0.8876953125,1
Lake,object_delete_90pct,7,3,1000000,0.9100258256021765,0.8876953125,1
Lake,object_delete_90pct,7,4,1000000,0.9100258256021765,0.8876953125,1
Lake,object_delete_90pct,7,5,1000000,0.9100258256021765,0.8876953125,1
Lake,object_delete_90pct,7,6,1000000,0.9100258256021765,0.8876953125,1
Lake,object_delete_90pct,7,7,1000000,0.9100258256021765,0.8876953125,1
Lake,object_delete_90pct,7,8,1000000,0.9100258256021765,0.8876953125,1
Lake,object_delete_90pct,7,9,1000000,0.9100258256021765,0.8876953125,1
Lake,vertex_delete_50pct,8,0,1,0.6803774792829225,0.6337890625,0
Lake,vertex_delete_50pct,8,1,1,0.6539294960718175,0.603515625,0
Lake,vertex_delete_50pct,8,2,1,0.649277551044207,0.59765625,0
Lake,vertex_delete_50pct,8,3,1,0.6543316023217163,0.5966796875,0
Lake,vertex_delete_50pct,8,4,1,0.6625724621305176,0.6044921875,0
Lake,vertex_delete_50pct,8,5,1,0.6574092704347997,0.611328125,0
Lake,vertex_delete_50pct,8,6,1,0.6605677800720751,0.609375,0
Lake,vertex_delete_50pct,8,7,1,0.6774877707545716,0.6328125,0
Lake,vertex_delete_50pct,8,8,1,0.6605987379950802,0.61328125,0
Lake,vertex_delete_50pct,8,9,1,0.6741634837913559,0.62109375,0
Lake,vertex_delete_50pct,8,0,3,0.6937230357879784,0.6474609375,0
Lake,vertex_delete_50pct,8,1,3,0.7101084200697583,0.6640625,0
Lake,vertex_delete_50pct,8,2,3,0.716164437307239,0.6689453125,0
Lake,vertex_delete_50pct,8,3,3,0.7153298758293455,0.671875,0
Lake,vertex_delete_50pct,8,4,3,0.7247261300145289,0.677734375,0
Lake,vertex_delete_50pct,8,5,3,0.705011948155382,0.658203125,0
Lake,vertex_delete_50pct,8,6,3,0.7095416722538953,0.6650390625,0
Lake,vertex_delete_50pct,8,7,3,0.7096276689725596,0.66015625,0
Lake,vertex_delete_50pct,8,8,3,0.7022530024842025,0.6552734375,0
Lake,vertex_delete_50pct,8,9,3,0.6667671983427127,0.6220703125,0
Lake,vertex_delete_50pct,8,0,5,0.7310953883409524,0.689453125,0
Lake,vertex_delete_50pct,8,1,5,0.7533177846892134,0.71875,0
Lake,vertex_delete_50pct,8,2,5,0.7309142145097679,0.68359375,0
Lake,vertex_delete_50pct,8,3,5,0.7442642458250148,0.69921875,0
Lake,vertex_delete_50pct,8,4,5,0.7602981987154893,0.716796875,0
Lake,vertex_delete_50pct,8,5,5,0.7238101655439299,0.6826171875,0
Lake,vertex_delete_50pct,8,6,5,0.7415021978389393,0.697265625,0
Lake,vertex_delete_50pct,8,7,5,0.7403696315800627,0.6982421875,0
Lake,vertex_delete_50pct,8,8,5,0.7328596708733446,0.6904296875,0
Lake,vertex_delete_50pct,8,9,5,0.7108519996345952,0.6669921875,0
Lake,vertex_delete_50pct,8,0,10,0.8111071056538127,0.7607421875,0
Lake,vertex_delete_50pct,8,1,10,0.825935993587638,0.779296875,0
Lake,vertex_delete_50pct,8,2,10,0.8200850196542663,0.7744140625,0
Lake,vertex_delete_50pct,8,3,10,0.8226083641395323,0.7783203125,0
Lake,vertex_delete_50pct,8,4,10,0.8234668221623048,0.775390625,0
Lake,vertex_delete_50pct,8,5,10,0.8382864383515654,0.794921875,0
Lake,vertex_delete_50pct,8,6,10,0.8283948065945332,0.779296875,0
Lake,vertex_delete_50pct,8,7,10,0.8375483403690585,0.791015625,0
Lake,vertex_delete_50pct,8,8,10,0.8228689271956018,0.7734375,0
Lake,vertex_delete_50pct,8,9,10,0.8306518996530451,0.787109375,0
Lake,vertex_delete_50pct,8,0,1000000,0.9093811174545763,0.888671875,0
Lake,vertex_delete_50pct,8,1,1000000,0.9093811174545763,0.888671875,0
Lake,vertex_delete_50pct,8,2,1000000,0.9093811174545763,0.888671875,0
Lake,vertex_delete_50pct,8,3,1000000,0.9093811174545763,0.888671875,0
Lake,vertex_delete_50pct,8,4,1000000,0.9093811174545763,0.888671875,0
Lake,vertex_delete_50pct,8,5,1000000,0.9093811174545763,0.888671875,0
Lake,vertex_delete_50pct,8,6,1000000,0.9093811174545763,0.888671875,0
Lake,vertex_delete_50pct,8,7,1000000,0.9093811174545763,0.888671875,0
Lake,vertex_delete_50pct,8,8,1000000,0.9093811174545763,0.888671875,0
Lake,vertex_delete_50pct,8,9,1000000,0.9093811174545763,0.888671875,0
Lake,object_delete_90pct,8,0,1,0.7111091589262468,0.6630859375,0
Lake,object_delete_90pct,8,1,1,0.7173476574911781,0.6669921875,0
Lake,object_delete_90pct,8,2,1,0.7012230014943955,0.65625,0
Lake,object_delete_90pct,8,3,1,0.7101959293521014,0.666015625,0
Lake,object_delete_90pct,8,4,1,0.6999280363976131,0.654296875,0
Lake,object_delete_90pct,8,5,1,0.7060538805452545,0.6572265625,0
Lake,object_delete_90pct,8,6,1,0.6933089991107786,0.6494140625,0
Lake,object_delete_90pct,8,7,1,0.7128311737654653,0.669921875,0
Lake,object_delete_90pct,8,8,1,0.7177690121585052,0.6650390625,0
Lake,object_delete_90pct,8,9,1,0.7094637459286294,0.6630859375,0
Lake,object_delete_90pct,8,0,3,0.8005666432790178,0.7646484375,0
Lake,object_delete_90pct,8,1,3,0.7655609010564414,0.728515625,0
Lake,object_delete_90pct,8,2,3,0.778447977188826,0.7353515625,0
Lake,object_delete_90pct,8,3,3,0.7941647574323994,0.75390625,0
Lake,object_delete_90pct,8,4,3,0.778470317698896,0.736328125,0
Lake,object_delete_90pct,8,5,3,0.7859172864374028,0.7421875,0
Lake,object_delete_90pct,8,6,3,0.7726920194203934,0.7333984375,0
Lake,object_delete_90pct,8,7,3,0.782056968672452,0.744140625,0
Lake,object_delete_90pct,8,8,3,0.779622131426929,0.7431640625,0
Lake,object_delete_90pct,8,9,3,0.7737597353932891,0.7353515625,0
Lake,object_delete_90pct,8,0,5,0.8292718353002299,0.794921875,0
Lake,object_delete_90pct,8,1,5,0.8202967766482661,0.787109375,0
Lake,object_delete_90pct,8,2,5,0.8254984727524904,0.79296875,0
Lake,object_delete_90pct,8,3,5,0.8126824655177889,0.7802734375,0
Lake,object_delete_90pct,8,4,5,0.809585896276379,0.7724609375,0
Lake,object_delete_90pct,8,5,5,0.8243354368967989,0.7900390625,0
Lake,object_delete_90pct,8,6,5,0.828552013956742,0.7958984375,0
Lake,object_delete_90pct,8,7,5,0.8153742483272114,0.7802734375,0
Lake,object_delete_90pct,8,8,5,0.8163240540774892,0.78125,0
Lake,object_delete_90pct,8,9,5,0.8250885132884289,0.7939453125,0
Lake,object_delete_90pct,8,0,10,0.8859497814934163,0.8583984375,0
Lake,object_delete_90pct,8,1,10,0.8737859619053384,0.8427734375,0
Lake,object_delete_90pct,8,2,10,0.8794547423620951,0.8505859375,0
Lake,object_delete_90pct,8,3,10,0.879586465106345,0.849609375,0
Lake,object_delete_90pct,8,4,10,0.881228912320272,0.8525390625,0
Lake,object_delete_90pct,8,5,10,0.8840820445395452,0.85546875,0
Lake,object_delete_90pct,8,6,10,0.8789699324859244,0.849609375,0
Lake,object_delete_90pct,8,7,10,0.8798573489795429,0.8505859375,0
Lake,object_delete_90pct,8,8,10,0.8860456664737564,0.857421875,0
Lake,object_delete_90pct,8,9,10,0.8823138715438864,0.853515625,0
Lake,object_delete_90pct,8,0,1000000,0.8929894762341444,0.869140625,0
Lake,object_delete_90pct,8,1,1000000,0.8929894762341444,0.869140625,0
Lake,object_delete_90pct,8,2,1000000,0.8929894762341444,0.869140625,0
Lake,object_delete_90pct,8,3,1000000,0.8929894762341444,0.869140625,0
Lake,object_delete_90pct,8,4,1000000,0.8929894762341444,0.869140625,0
Lake,object_delete_90pct,8,5,1000000,0.8929894762341444,0.869140625,0
Lake,object_delete_90pct,8,6,1000000,0.8929894762341444,0.869140625,0
Lake,object_delete_90pct,8,7,1000000,0.8929894762341444,0.869140625,0
Lake,object_delete_90pct,8,8,1000000,0.8929894762341444,0.869140625,0
Lake,object_delete_90pct,8,9,1000000,0.8929894762341444,0.869140625,0
Lake,vertex_delete_50pct,9,0,1,0.6389715581704895,0.5859375,0
Lake,vertex_delete_50pct,9,1,1,0.6810722926663277,0.6298828125,0
Lake,vertex_delete_50pct,9,2,1,0.6823072389074378,0.6318359375,0
Lake,vertex_delete_50pct,9,3,1,0.6603454224358561,0.607421875,0
Lake,vertex_delete_50pct,9,4,1,0.6574929439327555,0.6083984375,0
Lake,vertex_delete_50pct,9,5,1,0.682935298375954,0.6376953125,0
Lake,vertex_delete_50pct,9,6,1,0.6693366447547483,0.6171875,0
Lake,vertex_delete_50pct,9,7,1,0.6601162894531724,0.61328125,0
Lake,vertex_delete_50pct,9,8,1,0.6549155663846833,0.59765625,0
Lake,vertex_delete_50pct,9,9,1,0.6830738333087808,0.630859375,0
Lake,vertex_delete_50pct,9,0,3,0.6974445166940352,0.646484375,0
Lake,vertex_delete_50pct,9,1,3,0.6849748848708457,0.63671875,0
Lake,vertex_delete_50pct,9,2,3,0.7320775232173161,0.68359375,0
Lake,vertex_delete_50pct,9,3,3,0.7287177517199395,0.6865234375,0
Lake,vertex_delete_50pct,9,4,3,0.7241811947379642,0.673828125,0
Lake,vertex_delete_50pct,9,5,3,0.7232195840081873,0.6806640625,0
Lake,vertex_delete_50pct,9,6,3,0.6974239168513983,0.654296875,0
Lake,vertex_delete_50pct,9,7,3,0.7141555957466467,0.6689453125,0
Lake,vertex_delete_50pct,9,8,3,0.7093958428075595,0.666015625,0
Lake,vertex_delete_50pct,9,9,3,0.7069024966083651,0.6591796875,0
Lake,vertex_delete_50pct,9,0,5,0.7396302772689521,0.693359375,0
Lake,vertex_delete_50pct,9,1,5,0.7430618936697252,0.7021484375,0
Lake,vertex_delete_50pct,9,2,5,0.7412111129389376,0.6962890625,0
Lake,vertex_delete_50pct,9,3,5,0.7235979548694481,0.6806640625,0
Lake,vertex_delete_50pct,9,4,5,0.7353584970929097,0.69140625,0
Lake,vertex_delete_50pct,9,5,5,0.7279267811536284,0.6875,0
Lake,vertex_delete_50pct,9,6,5,0.7229350156969513,0.6796875,0
Lake,vertex_delete_50pct,9,7,5,0.7512675011700543,0.712890625,0
Lake,vertex_delete_50pct,9,8,5,0.7349229712609965,0.6923828125,0
Lake,vertex_delete_50pct,9,9,5,0.729375711434244,0.68359375,0
Lake,vertex_delete_50pct,9,0,10,0.8142316802315126,0.763671875,0
Lake,vertex_delete_50pct,9,1,10,0.8075454834861865,0.75390625,0
Lake,vertex_delete_50pct,9,2,10,0.8175882720844144,0.76953125,0
Lake,vertex_delete_50pct,9,3,10,0.8216133402829057,0.7744140625,0
Lake,vertex_delete_50pct,9,4,10,0.8222336599939849,0.775390625,0
Lake,vertex_delete_50pct,9,5,10,0.8126051647400897,0.7646484375,0
Lake,vertex_delete_50pct,9,6,10,0.8216294078485751,0.7724609375,0
Lake,vertex_delete_50pct,9,7,10,0.8113944215383203,0.76171875,0
Lake,vertex_delete_50pct,9,8,10,0.8235343236905027,0.7724609375,0
Lake,vertex_delete_50pct,9,9,10,0.8256745709337294,0.78515625,0
Lake,vertex_delete_50pct,9,0,1000000,0.9091013152917563,0.888671875,0
Lake,vertex_delete_50pct,9,1,1000000,0.9091013152917563,0.888671875,0
Lake,vertex_delete_50pct,9,2,1000000,0.9091013152917563,0.888671875,0
Lake,vertex_delete_50pct,9,3,1000000,0.9091013152917563,0.888671875,0
Lake,vertex_delete_50pct,9,4,1000000,0.9091013152917563,0.888671875,0
Lake,vertex_delete_50pct,9,5,1000000,0.9091013152917563,0.888671875,0
Lake,vertex_delete_50pct,9,6,1000000,0.9091013152917563,0.888671875,0
Lake,vertex_delete_50pct,9,7,1000000,0.9091013152917563,0.888671875,0
Lake,vertex_delete_50pct,9,8,1000000,0.9091013152917563,0.888671875,0
Lake,vertex_delete_50pct,9,9,1000000,0.9091013152917563,0.888671875,0
Lake,object_delete_90pct,9,0,1,0.7749250424491034,0.734375,1
Lake,object_delete_90pct,9,1,1,0.7610159651053973,0.7158203125,1
Lake,object_delete_90pct,9,2,1,0.7606232559572192,0.724609375,1
Lake,object_delete_90pct,9,3,1,0.7445291565478487,0.7080078125,1
Lake,object_delete_90pct,9,4,1,0.7251217444308166,0.6806640625,1
Lake,object_delete_90pct,9,5,1,0.7414408292122004,0.6982421875,1
Lake,object_delete_90pct,9,6,1,0.7643114118344889,0.7236328125,1
Lake,object_delete_90pct,9,7,1,0.7399712381738437,0.7001953125,1
Lake,object_delete_90pct,9,8,1,0.7427156093058428,0.7021484375,1
Lake,object_delete_90pct,9,9,1,0.7458315152645707,0.7080078125,1
Lake,object_delete_90pct,9,0,3,0.8276999673772658,0.7919921875,1
Lake,object_delete_90pct,9,1,3,0.8306620656731958,0.796875,1
Lake,object_delete_90pct,9,2,3,0.8280931682595426,0.7939453125,1
Lake,object_delete_90pct,9,3,3,0.8230090615199296,0.787109375,1
Lake,object_delete_90pct,9,4,3,0.8334636320269925,0.80078125,1
Lake,object_delete_90pct,9,5,3,0.8234437504896216,0.7880859375,1
Lake,object_delete_90pct,9,6,3,0.8372056789977812,0.802734375,1
Lake,object_delete_90pct,9,7,3,0.835583509038271,0.8037109375,1
Lake,object_delete_90pct,9,8,3,0.8258265697366824,0.7900390625,1
Lake,object_delete_90pct,9,9,3,0.8247877550376453,0.7919921875,1
Lake,object_delete_90pct,9,0,5,0.8686298993764362,0.83984375,1
Lake,object_delete_90pct,9,1,5,0.8732182122542896,0.84375,1
Lake,object_delete_90pct,9,2,5,0.8622357006162416,0.833984375,1
Lake,object_delete_90pct,9,3,5,0.874854583434445,0.84765625,1
Lake,object_delete_90pct,9,4,5,0.87222227911242,0.84375,1
Lake,object_delete_90pct,9,5,5,0.8696565534786727,0.841796875,1
Lake,object_delete_90pct,9,6,5,0.870745931499463,0.8427734375,1
Lake,object_delete_90pct,9,7,5,0.8604074435245185,0.830078125,1
Lake,object_delete_90pct,9,8,5,0.8714547195138539,0.84375,1
Lake,object_delete_90pct,9,9,5,0.8769927240981717,0.8505859375,1
Lake,object_delete_90pct,9,0,10,0.8894733220831722,0.8623046875,1
Lake,object_delete_90pct,9,1,10,0.8896638019656389,0.8623046875,1
Lake,object_delete_90pct,9,2,10,0.8885936855762272,0.861328125,1
Lake,object_delete_90pct,9,3,10,0.8908555658417872,0.8642578125,1
Lake,object_delete_90pct,9,4,10,0.8901636390843124,0.86328125,1
Lake,object_delete_90pct,9,5,10,0.8910420581009555,0.8642578125,1
Lake,object_delete_90pct,9,6,10,0.8910420581009555,0.8642578125,1
Lake,object_delete_90pct,9,7,10,0.8899767116047106,0.86328125,1
Lake,object_delete_90pct,9,8,10,0.8917335925923976,0.865234375,1
Lake,object_delete_90pct,9,9,10,0.8908555658417872,0.8642578125,1
Lake,object_delete_90pct,9,0,1000000,0.8908555658417872,0.8642578125,1
Lake,object_delete_90pct,9,1,1000000,0.8908555658417872,0.8642578125,1
Lake,object_delete_90pct,9,2,1000000,0.8908555658417872,0.8642578125,1
Lake,object_delete_90pct,9,3,1000000,0.8908555658417872,0.8642578125,1
Lake,object_delete_90pct,9,4,1000000,0.8908555658417872,0.8642578125,1
Lake,object_delete_90pct,9,5,1000000,0.8908555658417872,0.8642578125,1
Lake,object_delete_90pct,9,6,1000000,0.8908555658417872,0.8642578125,1
Lake,object_delete_90pct,9,7,1000000,0.8908555658417872,0.8642578125,1
Lake,object_delete_90pct,9,8,1000000,0.8908555658417872,0.8642578125,1
Lake,object_delete_90pct,9,9,1000000,0.8908555658417872,0.8642578125,1
Lake,vertex_delete_50pct,10,0,1,0.6613012093968775,0.611328125,0
Lake,vertex_delete_50pct,10,1,1,0.658043370366553,0.6044921875,0
Lake,vertex_delete_50pct,10,2,1,0.6813904672530668,0.6318359375,0
Lake,vertex_delete_50pct,10,3,1,0.6608992993473597,0.6025390625,0
Lake,vertex_delete_50pct,10,4,1,0.6747705649443486,0.6220703125,0
Lake,vertex_delete_50pct,10,5,1,0.6703623315019771,0.62109375,0
Lake,vertex_delete_50pct,10,6,1,0.6588564645796603,0.607421875,0
Lake,vertex_delete_50pct,10,7,1,0.6607446725459147,0.6142578125,0
Lake,vertex_delete_50pct,10,8,1,0.6816889268285516,0.630859375,0
Lake,vertex_delete_50pct,10,9,1,0.6706669318783086,0.6162109375,0
Lake,vertex_delete_50pct,10,0,3,0.7105165680128437,0.6640625,0
Lake,vertex_delete_50pct,10,1,3,0.7298311261945231,0.6865234375,0
Lake,vertex_delete_50pct,10,2,3,0.7389845937960164,0.6923828125,0
Lake,vertex_delete_50pct,10,3,3,0.7066175250321975,0.6630859375,0
Lake,vertex_delete_50pct,10,4,3,0.7060538805452545,0.6572265625,0
Lake,vertex_delete_50pct,10,5,3,0.6969511734449634,0.65234375,0
Lake,vertex_delete_50pct,10,6,3,0.7310563006310971,0.685546875,0
Lake,vertex_delete_50pct,10,7,3,0.7106755232847003,0.6611328125,0
Lake,vertex_delete_50pct,10,8,3,0.7179501543727517,0.6728515625,0
Lake,vertex_delete_50pct,10,9,3,0.709421020058938,0.6591796875,0
Lake,vertex_delete_50pct,10,0,5,0.75427676931145,0.7109375,0
Lake,vertex_delete_50pct,10,1,5,0.7471844833445239,0.708984375,0
Lake,vertex_delete_50pct,10,2,5,0.758617868394312,0.7158203125,0
Lake,vertex_delete_50pct,10,3,5,0.7499286284747056,0.7060546875,0
Lake,vertex_delete_50pct,10,4,5,0.7619524524312101,0.7197265625,0
Lake,vertex_delete_50pct,10,5,5,0.7550727196208548,0.708984375,0
Lake,vertex_delete_50pct,10,6,5,0.735149590853947,0.6962890625,0
Lake,vertex_delete_50pct,10,7,5,0.7652870364681081,0.7236328125,0
Lake,vertex_delete_50pct,10,8,5,0.7639502895323684,0.7216796875,0
Lake,vertex_delete_50pct,10,9,5,0.7596263169775997,0.71875,0
Lake,vertex_delete_50pct,10,0,10,0.8219276318405061,0.7734375,0
Lake,vertex_delete_50pct,10,1,10,0.8293885500250908,0.78515625,0
Lake,vertex_delete_50pct,10,2,10,0.8305395344999218,0.78125,0
Lake,vertex_delete_50pct,10,3,10,0.8335917179191509,0.7841796875,0
Lake,vertex_delete_50pct,10,4,10,0.8314619009119891,0.78515625,0
Lake,vertex_delete_50pct,10,5,10,0.8426402264056762,0.80078125,0
Lake,vertex_delete_50pct,10,6,10,0.8413094972105998,0.7978515625,0
Lake,vertex_delete_50pct,10,7,10,0.8296817542719699,0.78515625,0
Lake,vertex_delete_50pct,10,8,10,0.8194578034862917,0.7734375,0
Lake,vertex_delete_50pct,10,9,10,0.8399639311808302,0.79296875,0
Lake,vertex_delete_50pct,10,0,1000000,0.9217440568642241,0.904296875,0
Lake,vertex_delete_50pct,10,1,1000000,0.9217440568642241,0.904296875,0
Lake,vertex_delete_50pct,10,2,1000000,0.9217440568642241,0.904296875,0
Lake,vertex_delete_50pct,10,3,1000000,0.9217440568642241,0.904296875,0
Lake,vertex_delete_50pct,10,4,1000000,0.9217440568642241,0.904296875,0
Lake,vertex_delete_50pct,10,5,1000000,0.9217440568642241,0.904296875,0
Lake,vertex_delete_50pct,10,6,1000000,0.9217440568642241,0.904296875,0
Lake,vertex_delete_50pct,10,7,1000000,0.9217440568642241,0.904296875,0
Lake,vertex_delete_50pct,10,8,1000000,0.9217440568642241,0.904296875,0
Lake,vertex_delete_50pct,10,9,1000000,0.9217440568642241,0.904296875,0
Lake,object_delete_90pct,10,0,1,0.768260357400064,0.7255859375,1
Lake,object_delete_90pct,10,1,1,0.76609289704208,0.7275390625,1
Lake,object_delete_90pct,10,2,1,0.7732590811786556,0.736328125,1
Lake,object_delete_90pct,10,3,1,0.7680977452278753,0.734375,1
Lake,object_delete_90pct,10,4,1,0.7518926124365223,0.7099609375,1
Lake,object_delete_90pct,10,5,1,0.7579973887869716,0.71875,1
Lake,object_delete_90pct,10,6,1,0.78147397653669,0.744140625,1
Lake,object_delete_90pct,10,7,1,0.7686216205050063,0.7275390625,1
Lake,object_delete_90pct,10,8,1,0.7768541981316499,0.7353515625,1
Lake,object_delete_90pct,10,9,1,0.7751426850854822,0.7373046875,1
Lake,object_delete_90pct,10,0,3,0.8405083627261195,0.8095703125,1
Lake,object_delete_90pct,10,1,3,0.8549450293166371,0.826171875,1
Lake,object_delete_90pct,10,2,3,0.828552013956742,0.7958984375,1
Lake,object_delete_90pct,10,3,3,0.8458863070569544,0.8173828125,1
Lake,object_delete_90pct,10,4,3,0.8504980347517217,0.8232421875,1
Lake,object_delete_90pct,10,5,3,0.8514225523535373,0.8232421875,1
Lake,object_delete_90pct,10,6,3,0.8324027930863087,0.8017578125,1
Lake,object_delete_90pct,10,7,3,0.8446223303090917,0.8154296875,1
Lake,object_delete_90pct,10,8,3,0.8593853268635021,0.830078125,1
Lake,object_delete_90pct,10,9,3,0.8576529094683545,0.830078125,1
Lake,object_delete_90pct,10,0,5,0.8864858537144811,0.8623046875,1
Lake,object_delete_90pct,10,1,5,0.8802540436401324,0.8525390625,1
Lake,object_delete_90pct,10,2,5,0.8892449589768532,0.86328125,1
Lake,object_delete_90pct,10,3,5,0.8777089289738456,0.8515625,1
Lake,object_delete_90pct,10,4,5,0.8835982699717798,0.8583984375,1
Lake,object_delete_90pct,10,5,5,0.883053643093019,0.857421875,1
Lake,object_delete_90pct,10,6,5,0.8866476898680599,0.8623046875,1
Lake,object_delete_90pct,10,7,5,0.8809898376562251,0.8564453125,1
Lake,object_delete_90pct,10,8,5,0.8888252969706695,0.865234375,1
Lake,object_delete_90pct,10,9,5,0.8898660117913559,0.8662109375,1
Lake,object_delete_90pct,10,0,10,0.9092482890950343,0.8876953125,1
Lake,object_delete_90pct,10,1,10,0.9071147352221454,0.884765625,1
Lake,object_delete_90pct,10,2,10,0.9086895871930172,0.88671875,1
Lake,object_delete_90pct,10,3,10,0.9086895871930172,0.88671875,1
Lake,object_delete_90pct,10,4,10,0.9085354326239478,0.88671875,1
Lake,object_delete_90pct,10,5,10,0.9078242501802273,0.8857421875,1
Lake,object_delete_90pct,10,6,10,0.9085354326239478,0.88671875,1
Lake,object_delete_90pct,10,7,10,0.9078242501802273,0.8857421875,1
Lake,object_delete_90pct,10,8,10,0.9078242501802273,0.8857421875,1
Lake,object_delete_90pct,10,9,10,0.9085354326239478,0.88671875,1
Lake,object_delete_90pct,10,0,1000000,0.9085354326239478,0.88671875,1
Lake,object_delete_90pct,10,1,1000000,0.9085354326239478,0.88671875,1
Lake,object_delete_90pct,10,2,1000000,0.9085354326239478,0.88671875,1
Lake,object_delete_90pct,10,3,1000000,0.9085354326239478,0.88671875,1
Lake,object_delete_90pct,10,4,1000000,0.9085354326239478,0.88671875,1
Lake,object_delete_90pct,10,5,1000000,0.9085354326239478,0.88671875,1
Lake,object_delete_90pct,10,6,1000000,0.9085354326239478,0.88671875,1
Lake,object_delete_90pct,10,7,1000000,0.9085354326239478,0.88671875,1
Lake,object_delete_90pct,10,8,1000000,0.9085354326239478,0.88671875,1
Lake,object_delete_90pct,10,9,1000000,0.9085354326239478,0.88671875,1
