dataset,mode,attack,seed,nc,bit_accuracy,ber,extraction_seconds,votes_total,empty_bins,votes_min,votes_median,votes_mean,votes_max,ties,variant,eigengap,retained_vertices
Railways,audited,no_attack,0,1.0,1.0,0.0,0.13629116700030863,52474,0,28,51.0,51.244140625,141,0,embed_pca_key,0.12545973753338166,52474
Railways,audited,crop_half_centroids,0,1.0,1.0,0.0,0.06103841704316437,22698,0,11,22.0,22.166015625,46,0,embed_pca_key,0.6932284290631582,22698
Railways,audited,rotation_45,0,1.0,1.0,0.0,0.12785954197170213,52474,0,28,51.0,51.244140625,141,0,pca_++,0.12545973753338197,52474
Railways,audited,rotation_90,0,1.0,1.0,0.0,0.12328066601185128,52474,0,28,51.0,51.244140625,141,0,pca_++,0.12545973753338166,52474
Railways,audited,rotation_135,0,1.0,1.0,0.0,0.12883904203772545,52474,0,28,51.0,51.244140625,141,0,pca_++,0.12545973753338197,52474
Railways,audited,rotation_180,0,1.0,1.0,0.0,0.12472345901187509,52473,0,28,51.0,51.2431640625,141,0,embed_pca_key,0.12545973753338177,52474
Railways,audited,rotation_225,0,1.0,1.0,0.0,0.12980170804075897,52474,0,28,51.0,51.244140625,141,0,pca_++,0.1254597375333813,52474
Railways,audited,rotation_270,0,1.0,1.0,0.0,0.12382416595937684,52474,0,28,51.0,51.244140625,141,0,pca_++,0.12545973753338177,52474
Railways,audited,rotation_315,0,1.0,1.0,0.0,0.12855154200224206,52474,0,28,51.0,51.244140625,141,0,pca_++,0.12545973753338258,52474
Railways,audited,translation_10,0,1.0,1.0,0.0,0.12557816703338176,52474,0,28,51.0,51.244140625,141,0,embed_pca_key,0.12545973753338088,52474
Railways,audited,scale_0p5,0,1.0,1.0,0.0,0.12297262501670048,52472,0,28,51.0,51.2421875,141,0,embed_pca_key,0.12545973753338166,52474
Railways,audited,reverse_vertices,0,1.0,1.0,0.0,0.12195854197489098,52474,0,28,51.0,51.244140625,141,0,embed_pca_key,0.1254597375333812,52474
Railways,audited,reverse_objects,0,1.0,1.0,0.0,0.1311095419805497,52474,0,28,51.0,51.244140625,141,0,embed_pca_key,0.12545973753338213,52474
Railways,audited,vertex_delete_30pct,1,0.9992072927806908,0.9990234375,0.0009765625,0.11587174999294803,40169,0,20,39.0,39.2275390625,99,0,embed_pca_key,0.10877302739077183,40169
Railways,audited,vertex_delete_50pct,1,0.9928631194931944,0.9912109375,0.0087890625,0.0928212910075672,31904,0,14,31.0,31.15625,72,4,embed_pca_key,0.09121429017686458,31904
Railways,audited,object_delete_30pct,1,1.0,1.0,0.0,0.10512620798544958,36994,0,20,36.0,36.126953125,95,0,embed_pca_key,0.12047907485319036,36994
Railways,audited,object_delete_90pct,1,0.9526173336479747,0.94140625,0.05859375,0.014903708011843264,5509,6,0,5.0,5.3798828125,24,64,embed_pca_key,0.23328959079306957,5509
Railways,audited,vertex_add_10pct,1,1.0,1.0,0.0,0.143743957974948,57188,0,32,55.0,55.84765625,136,0,embed_pca_key,0.12744657961186387,57188
Railways,audited,vertex_add_30pct,1,0.9976174711631861,0.9970703125,0.0029296875,0.1454468330484815,66550,0,40,65.0,64.990234375,116,1,embed_pca_key,0.13183922798491277,66550
Railways,audited,vertex_add_50pct,1,0.9864975311979914,0.9833984375,0.0166015625,0.1972419160301797,75886,0,49,74.0,74.107421875,122,4,embed_pca_key,0.13486859970934573,75886
Railways,audited,noise_10pct_0p6tau_m,1,1.0,1.0,0.0,0.12683608394581825,52474,0,28,51.0,51.244140625,118,0,embed_pca_key,0.12545951763351776,52474
Railways,audited,noise_50pct_1p4tau_m,1,0.8712551433174822,0.8447265625,0.1552734375,0.13581120898015797,52474,0,26,51.0,51.244140625,76,24,embed_pca_key,0.12545825388796625,52474
Railways,audited,legacy_noise_50pct_1p4degrees,1,0.8931521694094449,0.869140625,0.130859375,0.12324349995469674,52474,0,27,51.0,51.244140625,75,38,embed_pca_key,0.004717682459928843,52474
Railways,audited,compound_metric,1,0.9329263937759218,0.91796875,0.08203125,0.08429050003178418,30766,0,16,30.0,30.044921875,53,28,embed_pca_key,0.07202566387466605,30766
Railways,audited,vertex_delete_30pct,2,0.9976174711631861,0.9970703125,0.0029296875,0.11552516598021612,40091,0,21,39.0,39.1513671875,88,1,embed_pca_key,0.11111908906653686,40091
Railways,audited,vertex_delete_50pct,2,0.9912429266746571,0.9892578125,0.0107421875,0.09746420796727762,31813,0,14,31.0,31.0673828125,78,4,embed_pca_key,0.0890959770281258,31813
Railways,audited,object_delete_30pct,2,1.0,1.0,0.0,0.0937742090318352,36488,0,16,35.0,35.6328125,100,0,embed_pca_key,0.05153476935990657,36488
Railways,audited,object_delete_90pct,2,0.9479683941093622,0.935546875,0.064453125,0.014473624993115664,5148,6,0,5.0,5.02734375,17,57,embed_pca_key,0.26801266286156317,5148
Railways,audited,vertex_add_10pct,2,0.9992060340153568,0.9990234375,0.0009765625,0.14267304196255282,57217,0,33,55.0,55.8759765625,132,0,embed_pca_key,0.1269185576106665,57217
Railways,audited,vertex_add_30pct,2,0.9968404344402447,0.99609375,0.00390625,0.14451304194517434,66549,0,43,65.0,64.9892578125,132,2,embed_pca_key,0.1299270371633993,66549
Railways,audited,vertex_add_50pct,2,0.9856572155268516,0.982421875,0.017578125,0.16833491600118577,75870,0,48,74.0,74.091796875,120,5,embed_pca_key,0.13588668761977366,75870
Railways,audited,noise_10pct_0p6tau_m,2,1.0,1.0,0.0,0.1216660410282202,52474,0,30,51.0,51.244140625,129,0,embed_pca_key,0.1254596515631333,52474
Railways,audited,noise_50pct_1p4tau_m,2,0.9044833199892947,0.8837890625,0.1162109375,0.1334260000148788,52474,0,24,51.0,51.244140625,77,40,embed_pca_key,0.1254605071655404,52474
Railways,audited,legacy_noise_50pct_1p4degrees,2,0.8982043835969449,0.8759765625,0.1240234375,0.1256165409577079,52474,0,30,51.0,51.244140625,76,37,embed_pca_key,0.016133815519105775,52474
Railways,audited,compound_metric,2,0.9262492999744816,0.9091796875,0.0908203125,0.08590045798337087,30048,0,15,29.0,29.34375,46,30,embed_pca_key,0.1157734401704392,30048
Railways,audited,vertex_delete_30pct,3,0.9992072927806908,0.9990234375,0.0009765625,0.11571216699667275,40135,0,20,39.0,39.1943359375,97,1,embed_pca_key,0.10881429259865028,40135
Railways,audited,vertex_delete_50pct,3,0.993662103599709,0.9921875,0.0078125,0.09514287498313934,31935,0,13,31.0,31.1865234375,64,7,embed_pca_key,0.08720254399250886,31935
Railways,audited,object_delete_30pct,3,1.0,1.0,0.0,0.10364058398408815,36337,0,12,35.0,35.4853515625,106,0,embed_pca_key,0.16163833459292365,36337
Railways,audited,object_delete_90pct,3,0.9418658131647025,0.927734375,0.072265625,0.018044999975245446,5926,7,0,6.0,5.787109375,22,68,embed_pca_key,0.2575187156421401,5926
Railways,audited,vertex_add_10pct,3,1.0,1.0,0.0,0.1479853330529295,57295,0,35,56.0,55.9521484375,142,0,embed_pca_key,0.12682408055418815,57295
Railways,audited,vertex_add_30pct,3,0.9984114366459335,0.998046875,0.001953125,0.14752116601448506,66489,0,40,65.0,64.9306640625,125,2,embed_pca_key,0.12977906185636728,66489
Railways,audited,vertex_add_50pct,3,0.9784669849842772,0.9736328125,0.0263671875,0.16830037499312311,75883,0,48,74.0,74.1044921875,126,7,embed_pca_key,0.13506079429763299,75883
Railways,audited,noise_10pct_0p6tau_m,3,1.0,1.0,0.0,0.12608266697498038,52474,0,30,51.0,51.244140625,130,0,embed_pca_key,0.12545981780496515,52474
Railways,audited,noise_50pct_1p4tau_m,3,0.891322066626327,0.869140625,0.130859375,0.13416170899290591,52474,0,27,51.0,51.244140625,73,26,embed_pca_key,0.12545811104706375,52474
Railways,audited,legacy_noise_50pct_1p4degrees,3,0.9011267423506005,0.87890625,0.12109375,0.1293656249763444,52474,0,34,51.0,51.244140625,74,24,embed_pca_key,0.010983174681951598,52474
Railways,audited,compound_metric,3,0.9303803581556629,0.9150390625,0.0849609375,0.08272787497844547,31278,0,15,30.0,30.544921875,53,33,embed_pca_key,0.14232528745237882,31278
Railways,audited,vertex_delete_30pct,4,1.0,1.0,0.0,0.11214616702636704,40065,0,17,39.0,39.1259765625,95,1,embed_pca_key,0.11071050407023729,40065
Railways,audited,vertex_delete_50pct,4,0.9841029924901796,0.98046875,0.01953125,0.09318649995839223,31894,0,13,31.0,31.146484375,75,4,embed_pca_key,0.08990440274628317,31894
Railways,audited,object_delete_30pct,4,1.0,1.0,0.0,0.09433600003831089,38024,0,17,37.0,37.1328125,105,0,embed_pca_key,0.15058783881595433,38024
Railways,audited,object_delete_90pct,4,0.952785442377427,0.94140625,0.05859375,0.016070624988060445,5876,5,0,5.0,5.73828125,20,60,embed_pca_key,0.32112496788877276,5876
Railways,audited,vertex_add_10pct,4,1.0,1.0,0.0,0.13709262502379715,57190,0,32,56.0,55.849609375,136,0,embed_pca_key,0.12877556500120202,57190
Railways,audited,vertex_add_30pct,4,0.9992072927806908,0.9990234375,0.0009765625,0.14205579098779708,66528,0,43,65.0,64.96875,145,0,embed_pca_key,0.13149140579801147,66528
Railways,audited,vertex_add_50pct,4,0.9880860940501621,0.9853515625,0.0146484375,0.1629501249990426,75780,0,49,74.0,74.00390625,135,4,embed_pca_key,0.13557004695334965,75780
Railways,audited,noise_10pct_0p6tau_m,4,1.0,1.0,0.0,0.19438825000543147,52474,0,29,51.0,51.244140625,130,1,embed_pca_key,0.1254597027000039,52474
Railways,audited,noise_50pct_1p4tau_m,4,0.8867725110565202,0.861328125,0.138671875,0.13056104094721377,52474,0,29,51.0,51.244140625,84,29,embed_pca_key,0.1254596847442735,52474
Railways,audited,legacy_noise_50pct_1p4degrees,4,0.8780650589699843,0.8515625,0.1484375,0.12029754201648757,52474,0,30,51.0,51.244140625,83,34,embed_pca_key,0.02226226207781293,52474
Railways,audited,compound_metric,4,0.9329263937759218,0.91796875,0.08203125,0.08107674994971603,30866,0,14,30.0,30.142578125,63,31,embed_pca_key,0.11001508789794613,30867
Railways,audited,vertex_delete_30pct,5,0.9992072927806908,0.9990234375,0.0009765625,0.11320516600972041,40039,0,17,39.0,39.1005859375,95,0,embed_pca_key,0.11222856464711835,40039
Railways,audited,vertex_delete_50pct,5,0.9834762710285795,0.9794921875,0.0205078125,0.09229279099963605,31752,0,15,31.0,31.0078125,66,15,embed_pca_key,0.08961278786664852,31752
Railways,audited,object_delete_30pct,5,1.0,1.0,0.0,0.0939370829728432,35863,0,19,35.0,35.0224609375,102,0,embed_pca_key,0.14164730102144796,35863
Railways,audited,object_delete_90pct,5,0.9465830042156109,0.93359375,0.06640625,0.014992915967013687,5206,9,0,5.0,5.083984375,13,61,embed_pca_key,0.1835077395260411,5206
Railways,audited,vertex_add_10pct,5,1.0,1.0,0.0,0.14047141699120402,57181,0,32,55.0,55.8408203125,136,0,embed_pca_key,0.13013959059024843,57181
Railways,audited,vertex_add_30pct,5,0.9976162063830435,0.9970703125,0.0029296875,0.1436026250012219,66605,0,40,65.0,65.0439453125,134,2,embed_pca_key,0.13129494295833727,66605
Railways,audited,vertex_add_50pct,5,0.9800413496146358,0.9755859375,0.0244140625,0.17209983395878226,75890,0,47,74.0,74.111328125,118,5,embed_pca_key,0.13048856163344277,75890
Railways,audited,noise_10pct_0p6tau_m,5,1.0,1.0,0.0,0.12107200000900775,52474,0,28,51.0,51.244140625,116,0,embed_pca_key,0.12545973502182406,52474
Railways,audited,noise_50pct_1p4tau_m,5,0.8980571507531362,0.8759765625,0.1240234375,0.13639420800609514,52474,0,27,51.0,51.244140625,76,31,embed_pca_key,0.12546042223949797,52474
Railways,audited,legacy_noise_50pct_1p4degrees,5,0.8933723171914373,0.87109375,0.12890625,0.12388754199491814,52474,0,28,51.0,51.244140625,83,35,embed_pca_key,0.003733188629073899,52474
Railways,audited,compound_metric,5,0.9231195978613049,0.90625,0.09375,0.08121558302082121,29866,0,12,29.0,29.166015625,52,33,embed_pca_key,0.1532292324183024,29866
Railways,audited,vertex_delete_30pct,6,0.9984126984126984,0.998046875,0.001953125,0.11535579100018367,39963,0,18,39.0,39.0263671875,103,2,embed_pca_key,0.10715481434951585,39963
Railways,audited,vertex_delete_50pct,6,0.9825685872915783,0.978515625,0.021484375,0.09656066697789356,31730,0,12,31.0,30.986328125,71,9,embed_pca_key,0.09427176047577991,31730
Railways,audited,object_delete_30pct,6,1.0,1.0,0.0,0.0940169999958016,36872,0,18,36.0,36.0078125,94,1,embed_pca_key,0.1437871601566426,36872
Railways,audited,object_delete_90pct,6,0.9196525794089301,0.9013671875,0.0986328125,0.013043958984781057,4858,14,0,5.0,4.744140625,14,78,embed_pca_key,0.2143651812013964,4858
Railways,audited,vertex_add_10pct,6,1.0,1.0,0.0,0.14224062504945323,57148,0,35,55.0,55.80859375,127,0,embed_pca_key,0.12965232312194708,57148
Railways,audited,vertex_add_30pct,6,0.9992060340153568,0.9990234375,0.0009765625,0.14908249996369705,66626,0,38,65.0,65.064453125,127,0,embed_pca_key,0.12816443357528984,66626
Railways,audited,vertex_add_50pct,6,0.9784938215084236,0.9736328125,0.0263671875,0.17970154201611876,75866,0,49,74.0,74.087890625,135,7,embed_pca_key,0.13360011596353527,75866
Railways,audited,noise_10pct_0p6tau_m,6,1.0,1.0,0.0,0.1223696669912897,52474,0,30,51.0,51.244140625,136,0,embed_pca_key,0.1254596054307993,52474
Railways,audited,noise_50pct_1p4tau_m,6,0.891948123051126,0.8681640625,0.1318359375,0.13299070799257606,52474,0,29,51.0,51.244140625,81,34,embed_pca_key,0.12545956122107285,52474
Railways,audited,legacy_noise_50pct_1p4degrees,6,0.8874796338820536,0.8642578125,0.1357421875,0.12312812503660098,52474,0,28,51.0,51.244140625,87,28,embed_pca_key,0.0063133690087636245,52474
Railways,audited,compound_metric,6,0.9329266299568841,0.9169921875,0.0830078125,0.0839008329785429,30441,0,13,30.0,29.7275390625,51,31,embed_pca_key,0.12558787615837144,30441
Railways,audited,vertex_delete_30pct,7,0.9992072927806908,0.9990234375,0.0009765625,0.11485745903337374,40133,0,20,39.0,39.1923828125,87,0,embed_pca_key,0.10862048711561312,40133
Railways,audited,vertex_delete_50pct,7,0.9896910328494462,0.9873046875,0.0126953125,0.09627166599966586,31961,0,13,31.0,31.2119140625,70,6,embed_pca_key,0.08675936184800212,31961
Railways,audited,object_delete_30pct,7,0.9992060340153568,0.9990234375,0.0009765625,0.10109762498177588,37236,0,15,36.0,36.36328125,106,0,embed_pca_key,0.1335978484649596,37236
Railways,audited,object_delete_90pct,7,0.9418658131647025,0.927734375,0.072265625,0.014187707973178476,5385,9,0,5.0,5.2587890625,14,53,embed_pca_key,0.2740699265875635,5385
Railways,audited,vertex_add_10pct,7,1.0,1.0,0.0,0.14383512496715412,57092,0,34,55.0,55.75390625,145,0,embed_pca_key,0.12583739954282278,57092
Railways,audited,vertex_add_30pct,7,0.9984126984126984,0.998046875,0.001953125,0.14196099998662248,66579,0,41,65.0,65.0185546875,121,0,embed_pca_key,0.1284931715641122,66579
Railways,audited,vertex_add_50pct,7,0.9848376368068771,0.9814453125,0.0185546875,0.16349825001088902,75829,0,46,73.5,74.0517578125,122,5,embed_pca_key,0.13715964728517485,75829
Railways,audited,noise_10pct_0p6tau_m,7,1.0,1.0,0.0,0.11942695803008974,52474,0,30,51.0,51.244140625,129,0,embed_pca_key,0.12545982984382217,52474
Railways,audited,noise_50pct_1p4tau_m,7,0.8888252969706695,0.865234375,0.134765625,0.13084566598990932,52474,0,32,51.0,51.244140625,78,31,embed_pca_key,0.12546024386511384,52474
Railways,audited,legacy_noise_50pct_1p4degrees,7,0.8938204568265324,0.869140625,0.130859375,0.12086587504018098,52474,0,31,51.0,51.244140625,80,39,embed_pca_key,0.0022819875869608455,52474
Railways,audited,compound_metric,7,0.9273593075193723,0.912109375,0.087890625,0.0849992919829674,30225,0,12,29.0,29.5166015625,55,33,embed_pca_key,0.14255904699741248,30226
Railways,audited,vertex_delete_30pct,8,0.9992060340153568,0.9990234375,0.0009765625,0.11541562498314306,40060,0,21,39.0,39.12109375,96,0,embed_pca_key,0.1042038371132608,40060
Railways,audited,vertex_delete_50pct,8,0.9896746569023328,0.9873046875,0.0126953125,0.09619766700780019,31878,0,12,31.0,31.130859375,67,9,embed_pca_key,0.08743214345778494,31878
Railways,audited,object_delete_30pct,8,1.0,1.0,0.0,0.09429529204498976,37724,0,17,37.0,36.83984375,98,0,embed_pca_key,0.11813220844803465,37724
Railways,audited,object_delete_90pct,8,0.9179993433804472,0.8984375,0.1015625,0.012705750006716698,4361,14,0,4.0,4.2587890625,12,70,embed_pca_key,0.09221531217081938,4361
Railways,audited,vertex_add_10pct,8,1.0,1.0,0.0,0.13975395902525634,57131,0,30,56.0,55.7919921875,129,0,embed_pca_key,0.12334772153277405,57131
Railways,audited,vertex_add_30pct,8,0.9968404344402447,0.99609375,0.00390625,0.14420241699554026,66404,0,40,65.0,64.84765625,126,1,embed_pca_key,0.12839866478470247,66404
Railways,audited,vertex_add_50pct,8,0.9841029924901796,0.98046875,0.01953125,0.16765483299968764,75767,0,48,74.0,73.9912109375,129,6,embed_pca_key,0.13548186923033786,75767
Railways,audited,noise_10pct_0p6tau_m,8,1.0,1.0,0.0,0.11969966697506607,52474,0,29,51.0,51.244140625,103,0,embed_pca_key,0.12545972932182212,52474
Railways,audited,noise_50pct_1p4tau_m,8,0.8817212531725408,0.857421875,0.142578125,0.1329329590080306,52474,0,32,51.0,51.244140625,81,27,embed_pca_key,0.12546053993350345,52474
Railways,audited,legacy_noise_50pct_1p4degrees,8,0.8841156057698102,0.8583984375,0.1416015625,0.12202312500448897,52474,0,31,51.0,51.244140625,82,25,embed_pca_key,0.019590948956164426,52474
Railways,audited,compound_metric,8,0.9255763287675958,0.9091796875,0.0908203125,0.08454870799323544,30205,0,12,29.0,29.4970703125,52,25,embed_pca_key,0.054211400964935784,30206
Railways,audited,vertex_delete_30pct,9,0.9992060340153568,0.9990234375,0.0009765625,0.11491208296502009,40088,0,18,39.0,39.1484375,102,0,embed_pca_key,0.11035537794239987,40088
Railways,audited,vertex_delete_50pct,9,0.9912429266746571,0.9892578125,0.0107421875,0.09373704099562019,31773,0,14,31.0,31.0283203125,81,3,embed_pca_key,0.08593232028218209,31773
Railways,audited,object_delete_30pct,9,1.0,1.0,0.0,0.09626237500924617,35947,0,18,35.0,35.1044921875,109,0,embed_pca_key,0.15219166323647623,35947
Railways,audited,object_delete_90pct,9,0.9408194102441675,0.9267578125,0.0732421875,0.013949332991614938,4803,12,0,5.0,4.6904296875,14,64,embed_pca_key,0.11970400271454812,4803
Railways,audited,vertex_add_10pct,9,1.0,1.0,0.0,0.2229192079976201,57210,0,33,56.0,55.869140625,131,0,embed_pca_key,0.12580090635734692,57210
Railways,audited,vertex_add_30pct,9,0.9984126984126984,0.998046875,0.001953125,0.14314304100116715,66565,0,40,65.0,65.0048828125,114,0,embed_pca_key,0.13294507617585916,66565
Railways,audited,vertex_add_50pct,9,0.9762294351155035,0.970703125,0.029296875,0.16900587501004338,75940,0,46,74.0,74.16015625,115,12,embed_pca_key,0.13621781489301746,75940
Railways,audited,noise_10pct_0p6tau_m,9,1.0,1.0,0.0,0.12161912501323968,52474,0,31,51.0,51.244140625,122,0,embed_pca_key,0.12545968368269667,52474
Railways,audited,noise_50pct_1p4tau_m,9,0.8910668340466762,0.8671875,0.1328125,0.13407070899847895,52474,0,29,51.0,51.244140625,76,27,embed_pca_key,0.12546059082093133,52474
Railways,audited,legacy_noise_50pct_1p4degrees,9,0.8976269238408823,0.8759765625,0.1240234375,0.1229168749996461,52474,0,29,51.0,51.244140625,78,45,embed_pca_key,0.01939497602351633,52474
Railways,audited,compound_metric,9,0.9283486568979007,0.912109375,0.087890625,0.08062979200622067,30194,0,13,29.0,29.486328125,49,29,embed_pca_key,0.09859711578428981,30194
Railways,audited,vertex_delete_30pct,10,0.9992072927806908,0.9990234375,0.0009765625,0.11329333297908306,40050,0,18,39.0,39.111328125,100,0,embed_pca_key,0.10564251024084978,40050
Railways,audited,vertex_delete_50pct,10,0.9856928196185967,0.982421875,0.017578125,0.0946302079828456,31743,0,11,31.0,30.9990234375,74,2,embed_pca_key,0.09039532328227774,31743
Railways,audited,object_delete_30pct,10,0.9992072927806908,0.9990234375,0.0009765625,0.09621962503297254,36739,0,19,36.0,35.8779296875,88,0,embed_pca_key,0.14698930678171274,36739
Railways,audited,object_delete_90pct,10,0.9502179278615238,0.9375,0.0625,0.015195166983176023,5638,4,0,5.0,5.505859375,13,58,embed_pca_key,0.2644995457579723,5638
Railways,audited,vertex_add_10pct,10,1.0,1.0,0.0,0.14066020800964907,57132,0,33,56.0,55.79296875,135,0,embed_pca_key,0.12491460084733935,57132
Railways,audited,vertex_add_30pct,10,0.9992060340153568,0.9990234375,0.0009765625,0.1428136249887757,66527,0,42,64.0,64.9677734375,138,2,embed_pca_key,0.13148331632023208,66527
Railways,audited,vertex_add_50pct,10,0.9809523809523809,0.9765625,0.0234375,0.16845983295934275,75912,0,47,74.0,74.1328125,117,2,embed_pca_key,0.13128703944519207,75912
Railways,audited,noise_10pct_0p6tau_m,10,0.9992072927806908,0.9990234375,0.0009765625,0.12328716699266806,52474,0,30,51.0,51.244140625,121,0,embed_pca_key,0.1254597636019337,52474
Railways,audited,noise_50pct_1p4tau_m,10,0.8991045000242524,0.8779296875,0.1220703125,0.1344237079611048,52474,0,34,51.0,51.244140625,74,24,embed_pca_key,0.12546070922188565,52474
Railways,audited,legacy_noise_50pct_1p4degrees,10,0.8855427505337032,0.8603515625,0.1396484375,0.1226246670121327,52474,0,29,51.0,51.244140625,76,35,embed_pca_key,0.00022767297718380463,52474
Railways,audited,compound_metric,10,0.9217463305935938,0.9033203125,0.0966796875,0.08125733397901058,30027,0,14,29.0,29.3232421875,50,32,embed_pca_key,0.10139477509545423,30028
Building,audited,no_attack,0,0.9992072927806908,0.9990234375,0.0009765625,0.17425675003323704,37076,0,14,34.0,36.20703125,207,0,embed_pca_key,0.593208142824246,43465
Building,audited,crop_half_centroids,0,1.0,1.0,0.0,0.09355550003238022,21196,0,7,20.0,20.69921875,67,0,embed_pca_key,0.438242308729769,24393
Building,audited,rotation_45,0,0.9888888888888889,0.986328125,0.013671875,0.18251666595460847,38969,0,14,35.0,38.0556640625,237,0,pca_++,0.5932081428242473,43465
Building,audited,rotation_90,0,0.9992072927806908,0.9990234375,0.0009765625,0.17843262501992285,37076,0,14,34.0,36.20703125,207,0,pca_++,0.5932081428242469,43465
Building,audited,rotation_135,0,0.9864975311979914,0.9833984375,0.0166015625,0.17417333298362792,38969,0,14,35.0,38.0556640625,210,0,pca_++,0.5932081428242473,43465
Building,audited,rotation_180,0,0.9992072927806908,0.9990234375,0.0009765625,0.17848241602769122,37076,0,14,34.0,36.20703125,207,0,embed_pca_key,0.593208142824247,43465
Building,audited,rotation_225,0,0.9888888888888889,0.986328125,0.013671875,0.1785945410374552,39383,0,14,35.0,38.4599609375,311,0,pca_++,0.5932081428242492,43465
Building,audited,rotation_270,0,0.9992072927806908,0.9990234375,0.0009765625,0.17888633301481605,37076,0,14,34.0,36.20703125,207,0,pca_++,0.5932081428242466,43465
Building,audited,rotation_315,0,0.9880860940501621,0.9853515625,0.0146484375,0.18951437500072643,39022,0,14,35.0,38.107421875,238,1,pca_++,0.5932081428242482,43465
Building,audited,translation_10,0,0.9992072927806908,0.9990234375,0.0009765625,0.182950709015131,37076,0,14,34.0,36.20703125,207,1,pca_++,0.5932081428242503,43465
Building,audited,scale_0p5,0,0.9992072927806908,0.9990234375,0.0009765625,0.17173445801017806,37076,0,14,34.0,36.20703125,207,1,embed_pca_key,0.593208142824246,43465
Building,audited,reverse_vertices,0,0.9992072927806908,0.9990234375,0.0009765625,0.16509754199068993,37076,0,14,34.0,36.20703125,207,0,embed_pca_key,0.5932081428242474,43465
Building,audited,reverse_objects,0,0.9992072927806908,0.9990234375,0.0009765625,0.18313691701041535,37076,0,14,34.0,36.20703125,207,0,embed_pca_key,0.5932081428242484,43465
Building,audited,vertex_delete_30pct,1,0.9865689713385979,0.9833984375,0.0166015625,0.16431745898444206,28000,0,9,26.0,27.34375,140,9,embed_pca_key,0.5930665603491021,34389
Building,audited,vertex_delete_50pct,1,0.9178618090372692,0.8984375,0.1015625,0.1558178749983199,22353,0,7,21.0,21.8291015625,126,36,embed_pca_key,0.5948104434503162,28742
Building,audited,object_delete_30pct,1,0.9992072927806908,0.9990234375,0.0009765625,0.13355883298208937,25887,0,5,24.0,25.2802734375,158,1,embed_pca_key,0.6022645429050544,30366
Building,audited,object_delete_90pct,1,0.920985497016259,0.904296875,0.095703125,0.020545292005408555,3809,32,0,3.0,3.7197265625,32,76,embed_pca_key,0.6403086917663934,4462
Building,audited,vertex_add_10pct,1,0.9976275174167505,0.9970703125,0.0029296875,0.18494058400392532,40771,0,15,38.0,39.8154296875,192,2,embed_pca_key,0.594544485183269,47160
Building,audited,vertex_add_30pct,1,0.9857930616854663,0.982421875,0.017578125,0.19713425001828,48218,0,24,46.0,47.087890625,168,7,embed_pca_key,0.5931359175957709,54607
Building,audited,vertex_add_50pct,1,0.9517049809007414,0.9404296875,0.0595703125,0.21105720900231972,55594,0,29,54.0,54.291015625,139,18,embed_pca_key,0.592137946618061,61983
Building,audited,noise_10pct_0p6tau_m,1,0.9976212494588167,0.9970703125,0.0029296875,0.18219862499972805,37076,0,15,35.0,36.20703125,176,1,embed_pca_key,0.5932073049729812,43465
Building,audited,noise_50pct_1p4tau_m,1,0.8599937028844652,0.830078125,0.169921875,0.17796129098860547,37076,0,18,36.0,36.20703125,79,46,embed_pca_key,0.5932007591755,43465
Building,audited,legacy_noise_50pct_1p4degrees,1,0.8544644706350994,0.8232421875,0.1767578125,0.19112741702701896,41913,0,22,40.0,40.9306640625,88,46,embed_pca_key,0.009090189739033855,48302
Building,audited,compound_metric,1,0.8436705460214161,0.8095703125,0.1904296875,0.1193866659887135,21344,0,8,20.0,20.84375,65,57,embed_pca_key,0.588440447531614,25806
Building,audited,vertex_delete_30pct,2,0.9912933744490251,0.9892578125,0.0107421875,0.1661478750174865,27989,0,9,26.0,27.3330078125,119,4,embed_pca_key,0.594516245073275,34378
Building,audited,vertex_delete_50pct,2,0.9272198326698149,0.91015625,0.08984375,0.1522949580103159,22374,0,7,20.0,21.849609375,134,37,embed_pca_key,0.5958797069559044,28763
Building,audited,object_delete_30pct,2,0.9992060340153568,0.9990234375,0.0009765625,0.12623687501763925,25828,0,9,24.0,25.22265625,146,0,embed_pca_key,0.5868411191631081,30290
Building,audited,object_delete_90pct,2,0.9086579514416282,0.8876953125,0.1123046875,0.02020137500949204,3884,41,0,4.0,3.79296875,17,94,embed_pca_key,0.5872534989054131,4534
Building,audited,vertex_add_10pct,2,0.998416467731765,0.998046875,0.001953125,0.18595137499505654,40823,0,15,38.0,39.8662109375,191,1,embed_pca_key,0.5937401998949915,47212
Building,audited,vertex_add_30pct,2,0.9897098387070937,0.9873046875,0.0126953125,0.20208124996861443,48192,0,27,45.0,47.0625,176,5,embed_pca_key,0.5942253852078732,54581
Building,audited,vertex_add_50pct,2,0.9498833735417496,0.9384765625,0.0615234375,0.2106978339725174,55563,0,31,54.0,54.2607421875,138,21,embed_pca_key,0.5924838103343001,61952
Building,audited,noise_10pct_0p6tau_m,2,0.9992072927806908,0.9990234375,0.0009765625,0.17683779197977856,37076,0,16,35.0,36.20703125,179,1,embed_pca_key,0.5932070665033282,43465
Building,audited,noise_50pct_1p4tau_m,2,0.8694679402308364,0.841796875,0.158203125,0.18265345803229138,37076,0,19,36.0,36.20703125,81,43,embed_pca_key,0.5932013194909949,43465
Building,audited,legacy_noise_50pct_1p4degrees,2,0.845780063222062,0.814453125,0.185546875,0.18810954201035202,41874,0,21,41.0,40.892578125,93,40,embed_pca_key,0.005767149058247404,48263
Building,audited,compound_metric,2,0.8548742192918972,0.822265625,0.177734375,0.11663920799037442,21270,0,7,20.0,20.771484375,68,60,embed_pca_key,0.5953352001845382,25711
Building,audited,vertex_delete_30pct,3,0.9913120913931104,0.9892578125,0.0107421875,0.16576479200739413,28082,0,7,26.0,27.423828125,138,4,embed_pca_key,0.5921703521355878,34471
Building,audited,vertex_delete_50pct,3,0.9249084106299355,0.9072265625,0.0927734375,0.1521822499926202,22411,0,5,20.0,21.8857421875,118,40,embed_pca_key,0.5933353878742119,28800
Building,audited,object_delete_30pct,3,0.9976212494588167,0.9970703125,0.0029296875,0.1284521659836173,25329,0,7,23.0,24.7353515625,157,0,embed_pca_key,0.6069574418471078,29752
Building,audited,object_delete_90pct,3,0.9044631854511279,0.8828125,0.1171875,0.019845292030368,3815,51,0,3.0,3.7255859375,37,78,embed_pca_key,0.6052861569152922,4468
Building,audited,vertex_add_10pct,3,0.9976212494588167,0.9970703125,0.0029296875,0.18048495898256078,40865,0,17,38.0,39.9072265625,192,2,embed_pca_key,0.5933222917997684,47254
Building,audited,vertex_add_30pct,3,0.9928769101909565,0.9912109375,0.0087890625,0.19435004197293893,48188,0,26,46.0,47.05859375,168,6,embed_pca_key,0.5956769578730616,54577
Building,audited,vertex_add_50pct,3,0.9504683268597219,0.9384765625,0.0615234375,0.20605737500591204,55606,0,32,54.0,54.302734375,144,23,embed_pca_key,0.5938833946216969,61995
Building,audited,noise_10pct_0p6tau_m,3,0.9976212494588167,0.9970703125,0.0029296875,0.18293616699520499,37076,0,15,35.0,36.20703125,191,1,embed_pca_key,0.5932088607496624,43465
Building,audited,noise_50pct_1p4tau_m,3,0.8619113282606592,0.8330078125,0.1669921875,0.2261108339880593,37076,0,17,36.0,36.20703125,79,55,embed_pca_key,0.5932088346987722,43465
Building,audited,legacy_noise_50pct_1p4degrees,3,0.8544273421124284,0.822265625,0.177734375,0.1864124170388095,41791,0,18,40.5,40.8115234375,84,34,embed_pca_key,0.015503887881210153,48180
Building,audited,compound_metric,3,0.8714547195138539,0.84375,0.15625,0.12179195805219933,22067,0,8,21.0,21.5498046875,74,55,embed_pca_key,0.5895855912991746,26594
Building,audited,vertex_delete_30pct,4,0.9841533753355969,0.98046875,0.01953125,0.16502616700017825,28005,0,10,26.0,27.3486328125,121,3,embed_pca_key,0.5951676254222975,34394
Building,audited,vertex_delete_50pct,4,0.9181386990182479,0.8984375,0.1015625,0.15986562496982515,22349,0,7,20.5,21.8251953125,139,37,embed_pca_key,0.595985384629141,28738
Building,audited,object_delete_30pct,4,0.998416467731765,0.998046875,0.001953125,0.13679950003279373,25867,0,9,24.0,25.2607421875,147,1,embed_pca_key,0.5963224078767031,30355
Building,audited,object_delete_90pct,4,0.9134388187853678,0.8955078125,0.1044921875,0.02152104099513963,3747,50,0,3.0,3.6591796875,28,64,embed_pca_key,0.6085555715433189,4400
Building,audited,vertex_add_10pct,4,0.9992060340153568,0.9990234375,0.0009765625,0.1810261249775067,40818,0,16,38.0,39.861328125,193,0,embed_pca_key,0.5928115708409526,47207
Building,audited,vertex_add_30pct,4,0.9912770761713202,0.9892578125,0.0107421875,0.42850879195611924,48247,0,28,46.0,47.1162109375,158,1,embed_pca_key,0.592456761893969,54636
Building,audited,vertex_add_50pct,4,0.9528623888586019,0.9423828125,0.0576171875,0.21844099997542799,55534,0,32,54.0,54.232421875,142,15,embed_pca_key,0.5930022035626596,61923
Building,audited,noise_10pct_0p6tau_m,4,0.998416467731765,0.998046875,0.001953125,0.18361966597149149,37076,0,17,35.0,36.20703125,176,2,embed_pca_key,0.5932080258086139,43465
Building,audited,noise_50pct_1p4tau_m,4,0.8671443441788924,0.8388671875,0.1611328125,0.18977854202967137,37076,0,14,36.0,36.20703125,94,35,embed_pca_key,0.5932054624621814,43465
Building,audited,legacy_noise_50pct_1p4degrees,4,0.8406763595577968,0.80859375,0.19140625,0.18758074997458607,41818,0,21,41.0,40.837890625,97,49,embed_pca_key,0.016330441581606483,48207
Building,audited,compound_metric,4,0.8704679118408525,0.83984375,0.16015625,0.1319001250085421,21503,0,6,21.0,20.9990234375,66,55,embed_pca_key,0.5845851703567683,25983
Building,audited,vertex_delete_30pct,5,0.9865975359104104,0.9833984375,0.0166015625,0.2241529999882914,27883,0,9,26.0,27.2294921875,137,5,embed_pca_key,0.5926400175187497,34272
Building,audited,vertex_delete_50pct,5,0.9232013375459771,0.9052734375,0.0947265625,0.17645370797254145,22192,0,7,20.0,21.671875,128,36,embed_pca_key,0.5951055178829608,28581
Building,audited,object_delete_30pct,5,1.0,1.0,0.0,0.13554158300394192,25676,0,8,24.0,25.07421875,155,0,embed_pca_key,0.5929599280663225,30105
Building,audited,object_delete_90pct,5,0.919068562238781,0.90234375,0.09765625,0.02004283299902454,3716,42,0,3.0,3.62890625,26,76,embed_pca_key,0.5724781411338439,4360
Building,audited,vertex_add_10pct,5,0.9976212494588167,0.9970703125,0.0029296875,0.18788049998693168,40870,0,16,38.0,39.912109375,197,0,embed_pca_key,0.5928375245885534,47259
Building,audited,vertex_add_30pct,5,0.9897310513749396,0.9873046875,0.0126953125,0.2109560000244528,48262,0,24,46.0,47.130859375,174,3,embed_pca_key,0.593864375777673,54651
Building,audited,vertex_add_50pct,5,0.9572119785872795,0.947265625,0.052734375,0.21593866602052003,55659,0,20,54.0,54.3544921875,147,21,embed_pca_key,0.5922981455549055,62048
Building,audited,noise_10pct_0p6tau_m,5,0.9968316796877463,0.99609375,0.00390625,0.1838103329646401,37076,0,15,35.0,36.20703125,176,1,embed_pca_key,0.5932079012347481,43465
Building,audited,noise_50pct_1p4tau_m,5,0.875934691757569,0.8486328125,0.1513671875,0.1801213329890743,37076,0,18,36.0,36.20703125,84,40,embed_pca_key,0.593204722608108,43465
Building,audited,legacy_noise_50pct_1p4degrees,5,0.8578449887973801,0.826171875,0.173828125,0.1966583749745041,41899,0,25,41.0,40.9169921875,97,43,embed_pca_key,0.0182569036876417,48288
Building,audited,compound_metric,5,0.8724679918629662,0.841796875,0.158203125,0.1276028749998659,21320,0,7,20.0,20.8203125,74,69,embed_pca_key,0.5962818383052344,25765
Building,audited,vertex_delete_30pct,6,0.9890070377074779,0.986328125,0.013671875,0.1918095409637317,27976,0,10,26.0,27.3203125,137,3,embed_pca_key,0.5939870163425809,34365
Building,audited,vertex_delete_50pct,6,0.9199051266869852,0.9013671875,0.0986328125,0.16250241600209847,22312,0,6,20.5,21.7890625,135,28,embed_pca_key,0.5964667856371784,28701
Building,audited,object_delete_30pct,6,1.0,1.0,0.0,0.13134170800913125,26179,0,7,24.0,25.5654296875,148,1,embed_pca_key,0.5887836458635624,30655
Building,audited,object_delete_90pct,6,0.8903467799217704,0.8662109375,0.1337890625,0.022115333005785942,3414,64,0,3.0,3.333984375,17,69,embed_pca_key,0.6226546583247997,4013
Building,audited,vertex_add_10pct,6,0.998416467731765,0.998046875,0.001953125,0.19352249999064952,40795,0,18,38.0,39.8388671875,197,1,embed_pca_key,0.592459680248081,47184
Building,audited,vertex_add_30pct,6,0.9904508826595099,0.98828125,0.01171875,0.2089754159678705,48371,0,24,46.0,47.2373046875,159,3,embed_pca_key,0.5932578800666606,54760
Building,audited,vertex_add_50pct,6,0.9494665046424035,0.9384765625,0.0615234375,0.2278802499640733,55638,0,30,54.0,54.333984375,147,14,embed_pca_key,0.5922391111886827,62027
Building,audited,noise_10pct_0p6tau_m,6,0.9992072927806908,0.9990234375,0.0009765625,0.18254975002491847,37076,0,16,34.0,36.20703125,186,2,embed_pca_key,0.5932085341648288,43465
Building,audited,noise_50pct_1p4tau_m,6,0.8560736315967474,0.8251953125,0.1748046875,0.1822594580007717,37076,0,20,36.0,36.20703125,89,44,embed_pca_key,0.5932143036609163,43465
Building,audited,legacy_noise_50pct_1p4degrees,6,0.8526382120272009,0.8212890625,0.1787109375,0.19788058300036937,41895,0,24,40.0,40.9130859375,94,44,embed_pca_key,0.010093070929455156,48284
Building,audited,compound_metric,6,0.8623731799993773,0.8310546875,0.1689453125,0.2091750000254251,21477,0,7,20.0,20.9736328125,74,54,embed_pca_key,0.5961612289720672,25945
Building,audited,vertex_delete_30pct,7,0.9889290024208777,0.986328125,0.013671875,0.20189441600814462,28016,0,10,26.0,27.359375,129,6,embed_pca_key,0.5927475424683379,34405
Building,audited,vertex_delete_50pct,7,0.929651530684448,0.9130859375,0.0869140625,0.41679720900719985,22378,0,6,20.0,21.853515625,132,27,embed_pca_key,0.5952245576828815,28767
Building,audited,object_delete_30pct,7,0.998416467731765,0.998046875,0.001953125,0.19843558297725394,25763,0,9,24.0,25.1591796875,156,1,embed_pca_key,0.5911022845763417,30186
Building,audited,object_delete_90pct,7,0.9059576214078361,0.8857421875,0.1142578125,0.03464012499898672,3659,48,0,3.0,3.5732421875,33,78,embed_pca_key,0.5588092242488487,4291
Building,audited,vertex_add_10pct,7,0.9992072927806908,0.9990234375,0.0009765625,0.33936337498016655,40731,0,17,38.0,39.7763671875,187,1,embed_pca_key,0.5931451727295305,47120
Building,audited,vertex_add_30pct,7,0.9872826467470138,0.984375,0.015625,0.21834116702666506,48222,0,24,46.0,47.091796875,163,6,embed_pca_key,0.5929785063785279,54611
Building,audited,vertex_add_50pct,7,0.9439538943408136,0.931640625,0.068359375,0.22656699997605756,55545,0,33,53.0,54.2431640625,140,18,embed_pca_key,0.5933235328348778,61934
Building,audited,noise_10pct_0p6tau_m,7,0.9984114366459335,0.998046875,0.001953125,0.19350324996048585,37076,0,15,35.0,36.20703125,176,0,embed_pca_key,0.5932075679672563,43465
Building,audited,noise_50pct_1p4tau_m,7,0.8449258037837487,0.814453125,0.185546875,0.19663158297771588,37076,0,19,36.0,36.20703125,85,54,embed_pca_key,0.5932028368647158,43465
Building,audited,legacy_noise_50pct_1p4degrees,7,0.8499658831047294,0.8212890625,0.1787109375,0.20560754201142117,41915,0,19,41.0,40.9326171875,83,38,embed_pca_key,0.019606521866255198,48304
Building,audited,compound_metric,7,0.8733137038869969,0.8447265625,0.1552734375,0.12248762499075383,21638,0,6,21.0,21.130859375,63,57,embed_pca_key,0.5914296274893694,26090
Building,audited,vertex_delete_30pct,8,0.9896910328494462,0.9873046875,0.0126953125,0.16909641597885638,28028,0,10,26.0,27.37109375,131,2,embed_pca_key,0.596737108224779,34417
Building,audited,vertex_delete_50pct,8,0.929309268519847,0.9130859375,0.0869140625,0.16285229101777077,22418,0,8,20.0,21.892578125,124,31,embed_pca_key,0.597875339974555,28807
Building,audited,object_delete_30pct,8,1.0,1.0,0.0,0.1321322080329992,26625,0,10,25.0,26.0009765625,147,1,embed_pca_key,0.5883371826591419,31200
Building,audited,object_delete_90pct,8,0.9060898622983342,0.8857421875,0.1142578125,0.019388499960768968,3467,67,0,3.0,3.3857421875,28,68,embed_pca_key,0.5764955251857267,4066
Building,audited,vertex_add_10pct,8,0.9992072927806908,0.9990234375,0.0009765625,0.18698808399494737,40777,0,14,38.0,39.8212890625,192,0,embed_pca_key,0.5926687880304358,47166
Building,audited,vertex_add_30pct,8,0.9928517826066742,0.9912109375,0.0087890625,0.20311983302235603,48090,0,25,46.0,46.962890625,168,3,embed_pca_key,0.592733655299597,54479
Building,audited,vertex_add_50pct,8,0.9507166227934207,0.939453125,0.060546875,0.23577437503263354,55485,0,30,53.0,54.1845703125,148,20,embed_pca_key,0.5930097474849624,61874
Building,audited,noise_10pct_0p6tau_m,8,0.998416467731765,0.998046875,0.001953125,0.19048070802818984,37076,0,16,35.0,36.20703125,172,2,embed_pca_key,0.5932094395185961,43465
Building,audited,noise_50pct_1p4tau_m,8,0.8729242689879139,0.8447265625,0.1552734375,0.18358512502163649,37076,0,18,36.0,36.20703125,67,52,embed_pca_key,0.5932089424488245,43465
Building,audited,legacy_noise_50pct_1p4degrees,8,0.8735108409956792,0.8447265625,0.1552734375,0.19742541597224772,41855,0,20,41.0,40.8740234375,93,40,embed_pca_key,0.024311713069655627,48244
Building,audited,compound_metric,8,0.8709374648091806,0.8427734375,0.1572265625,0.12360666698077694,21522,0,6,21.0,21.017578125,62,50,embed_pca_key,0.60729255550702,25999
Building,audited,vertex_delete_30pct,9,0.98582403713536,0.982421875,0.017578125,0.1826224169926718,27959,0,9,26.0,27.3037109375,134,9,embed_pca_key,0.5939248447298666,34348
Building,audited,vertex_delete_50pct,9,0.9238095238095239,0.90625,0.09375,0.17267208395060152,22307,0,5,21.0,21.7841796875,130,33,embed_pca_key,0.5970544746048575,28696
Building,audited,object_delete_30pct,9,0.9976212494588167,0.9970703125,0.0029296875,0.16173904202878475,25817,0,7,24.0,25.2119140625,152,1,embed_pca_key,0.5951625092788538,30276
Building,audited,object_delete_90pct,9,0.9206349206349206,0.90234375,0.09765625,0.022898124996572733,3601,48,0,3.0,3.5166015625,21,72,embed_pca_key,0.5439404436278639,4225
Building,audited,vertex_add_10pct,9,0.9992072927806908,0.9990234375,0.0009765625,0.1933316249633208,40805,0,19,38.0,39.8486328125,191,0,embed_pca_key,0.5931683606302912,47194
Building,audited,vertex_add_30pct,9,0.9912770761713202,0.9892578125,0.0107421875,0.20639195898547769,48215,0,25,46.0,47.0849609375,167,6,embed_pca_key,0.5928298050451903,54604
Building,audited,vertex_add_50pct,9,0.9514744679697927,0.9404296875,0.0595703125,0.22079416597262025,55685,0,29,54.0,54.3798828125,139,18,embed_pca_key,0.5921390257301591,62074
Building,audited,noise_10pct_0p6tau_m,9,0.998416467731765,0.998046875,0.001953125,0.19326612498844042,37076,0,16,35.0,36.20703125,172,1,embed_pca_key,0.5932087504352019,43465
Building,audited,noise_50pct_1p4tau_m,9,0.8800386838692849,0.8544921875,0.1455078125,0.18187929200939834,37076,0,20,36.0,36.20703125,81,46,embed_pca_key,0.593206512421241,43465
Building,audited,legacy_noise_50pct_1p4degrees,9,0.8521605190818129,0.8203125,0.1796875,0.20291975000873208,41849,0,22,41.0,40.8681640625,93,51,embed_pca_key,0.012462344530801906,48238
Building,audited,compound_metric,9,0.8507760169179007,0.818359375,0.181640625,0.12063124997075647,21628,0,8,20.5,21.12109375,65,71,embed_pca_key,0.5940271310585723,26107
Building,audited,vertex_delete_30pct,10,0.9913120913931104,0.9892578125,0.0107421875,0.16597170900786296,27962,0,11,26.0,27.306640625,128,9,embed_pca_key,0.5945164373566741,34351
Building,audited,vertex_delete_50pct,10,0.9171488764276124,0.896484375,0.103515625,0.1670377500122413,22255,0,6,20.0,21.7333984375,131,40,embed_pca_key,0.5948722803246937,28644
Building,audited,object_delete_30pct,10,0.998416467731765,0.998046875,0.001953125,0.1354999999748543,26306,0,5,24.0,25.689453125,146,0,embed_pca_key,0.5838237427828722,30831
Building,audited,object_delete_90pct,10,0.9161438278427011,0.896484375,0.103515625,0.021927875000983477,3916,36,0,3.0,3.82421875,17,75,embed_pca_key,0.5925444776358779,4561
Building,audited,vertex_add_10pct,10,0.9976212494588167,0.9970703125,0.0029296875,0.21027412498369813,40768,0,16,38.0,39.8125,196,1,embed_pca_key,0.5925451576243489,47157
Building,audited,vertex_add_30pct,10,0.9913120913931104,0.9892578125,0.0107421875,0.21421975002158433,48153,0,21,46.0,47.0244140625,170,2,embed_pca_key,0.5934982710087097,54542
Building,audited,vertex_add_50pct,10,0.9507936507936507,0.939453125,0.060546875,0.2250163329881616,55587,0,27,54.0,54.2841796875,146,13,embed_pca_key,0.5923297602828879,61976
Building,audited,noise_10pct_0p6tau_m,10,0.9976275174167505,0.9970703125,0.0029296875,0.18824133300222456,37076,0,14,35.0,36.20703125,181,1,embed_pca_key,0.5932098495499334,43465
Building,audited,noise_50pct_1p4tau_m,10,0.8671464632835068,0.8369140625,0.1630859375,0.18810729100368917,37076,0,16,36.0,36.20703125,90,46,embed_pca_key,0.5932125091088226,43465
Building,audited,legacy_noise_50pct_1p4degrees,10,0.8617150345297562,0.8330078125,0.1669921875,0.20566958299605176,41811,0,23,41.0,40.8310546875,81,40,embed_pca_key,0.011956445470517642,48200
Building,audited,compound_metric,10,0.8569168222168123,0.82421875,0.17578125,0.12196070799836889,21410,0,7,21.0,20.908203125,58,63,embed_pca_key,0.5915772636498583,25832
Landuse,audited,no_attack,0,1.0,1.0,0.0,0.13559133402304724,40431,0,22,39.0,39.4833984375,337,1,embed_pca_key,0.7793776250035105,43939
Landuse,audited,crop_half_centroids,0,0.9992072927806908,0.9990234375,0.0009765625,0.06499295798130333,21203,0,7,20.0,20.7060546875,199,1,embed_pca_key,0.358051264980677,22951
Landuse,audited,rotation_45,0,0.9952380952380953,0.994140625,0.005859375,0.1329836249933578,41076,0,21,39.0,40.11328125,337,0,pca_++,0.7793776250035103,43939
Landuse,audited,rotation_90,0,1.0,1.0,0.0,0.13365016598254442,40431,0,22,39.0,39.4833984375,337,1,pca_++,0.7793776250035105,43939
Landuse,audited,rotation_135,0,0.9960352061369425,0.9951171875,0.0048828125,0.13284383300924674,41076,0,21,39.0,40.11328125,337,0,pca_++,0.7793776250035103,43939
Landuse,audited,rotation_180,0,1.0,1.0,0.0,0.1282595829688944,40431,0,21,39.0,39.4833984375,336,1,embed_pca_key,0.7793776250035105,43939
Landuse,audited,rotation_225,0,0.9952380952380953,0.994140625,0.005859375,0.13310712500242516,41196,0,21,39.0,40.23046875,336,0,pca_++,0.77937762500351,43939
Landuse,audited,rotation_270,0,1.0,1.0,0.0,0.12772870901972055,40431,0,22,39.0,39.4833984375,337,1,pca_++,0.7793776250035107,43939
Landuse,audited,rotation_315,0,0.9952380952380953,0.994140625,0.005859375,0.1340973330079578,41108,0,21,39.0,40.14453125,336,1,pca_++,0.7793776250035112,43939
Landuse,audited,translation_10,0,1.0,1.0,0.0,0.13127858296502382,40431,0,21,39.0,39.4833984375,336,1,embed_pca_key,0.7793776250035108,43939
Landuse,audited,scale_0p5,0,1.0,1.0,0.0,0.13471512496471405,40431,0,21,39.0,39.4833984375,337,0,embed_pca_key,0.7793776250035105,43939
Landuse,audited,reverse_vertices,0,1.0,1.0,0.0,0.12372341699665412,40431,0,22,39.0,39.4833984375,337,1,embed_pca_key,0.7793776250035115,43939
Landuse,audited,reverse_objects,0,1.0,1.0,0.0,0.13127749995328486,40431,0,22,39.0,39.4833984375,337,1,embed_pca_key,0.7793776250035106,43939
Landuse,audited,vertex_delete_30pct,1,0.9976174711631861,0.9970703125,0.0029296875,0.11408783297520131,29315,0,11,28.0,28.6279296875,197,5,embed_pca_key,0.7792653828773635,32823
Landuse,audited,vertex_delete_50pct,1,0.9401583265183349,0.9267578125,0.0732421875,0.1013172089587897,21937,0,8,21.0,21.4228515625,106,36,embed_pca_key,0.779305746471934,25445
Landuse,audited,object_delete_30pct,1,1.0,1.0,0.0,0.09394737501861528,28615,0,11,27.0,27.9443359375,249,0,embed_pca_key,0.7783734656628091,31058
Landuse,audited,object_delete_90pct,1,0.9166007657024815,0.8974609375,0.1025390625,0.014971790951676667,4075,21,0,4.0,3.9794921875,37,82,embed_pca_key,0.7565113481583656,4432
Landuse,audited,vertex_add_10pct,1,0.9992060340153568,0.9990234375,0.0009765625,0.13816729094833136,44472,0,23,43.0,43.4296875,313,0,embed_pca_key,0.7804768514131537,47980
Landuse,audited,vertex_add_30pct,1,0.9872826467470138,0.984375,0.015625,0.15377404203172773,52584,0,31,51.0,51.3515625,260,7,embed_pca_key,0.780240067466796,56092
Landuse,audited,vertex_add_50pct,1,0.9551164718229262,0.9453125,0.0546875,0.16462991700973362,60583,0,36,59.0,59.1630859375,214,12,embed_pca_key,0.7792620255353809,64091
Landuse,audited,noise_10pct_0p6tau_m,1,0.9992060340153568,0.9990234375,0.0009765625,0.13698808301705867,40431,0,21,39.0,39.4833984375,280,0,embed_pca_key,0.7793775858825487,43939
Landuse,audited,noise_50pct_1p4tau_m,1,0.8653455131581009,0.8349609375,0.1650390625,0.13101083401124924,40431,0,23,39.0,39.4833984375,97,33,embed_pca_key,0.779377783650588,43939
Landuse,audited,legacy_noise_50pct_1p4degrees,1,0.8467715586730746,0.81640625,0.18359375,0.13971470802789554,43085,0,23,42.0,42.0751953125,111,44,embed_pca_key,0.019220554334181354,46593
Landuse,audited,compound_metric,1,0.8758961700666398,0.8466796875,0.1533203125,0.09245916700456291,22292,0,10,21.0,21.76953125,97,57,embed_pca_key,0.7771153869067857,24726
Landuse,audited,vertex_delete_30pct,2,0.9960289083110154,0.9951171875,0.0048828125,0.1152630839496851,29346,0,14,28.0,28.658203125,192,5,embed_pca_key,0.7783642647969927,32854
Landuse,audited,vertex_delete_50pct,2,0.9498833735417496,0.9384765625,0.0615234375,0.10326095897471532,22119,0,9,21.0,21.6005859375,124,31,embed_pca_key,0.7772444125689071,25627
Landuse,audited,object_delete_30pct,2,1.0,1.0,0.0,0.09158175002085045,27643,0,10,26.0,26.9951171875,229,1,embed_pca_key,0.7759645227482828,30080
Landuse,audited,object_delete_90pct,2,0.9172807527862713,0.8974609375,0.1025390625,0.01688366598682478,4180,24,0,4.0,4.08203125,34,72,embed_pca_key,0.800019251380746,4549
Landuse,audited,vertex_add_10pct,2,0.9992060340153568,0.9990234375,0.0009765625,0.1410191660397686,44524,0,22,43.0,43.48046875,308,0,embed_pca_key,0.7791661273973989,48032
Landuse,audited,vertex_add_30pct,2,0.9904925275116716,0.98828125,0.01171875,0.15310808300273493,52534,0,30,51.0,51.302734375,254,3,embed_pca_key,0.7799617012637384,56042
Landuse,audited,vertex_add_50pct,2,0.9624549632430844,0.9541015625,0.0458984375,0.16741629200987518,60628,0,35,59.0,59.20703125,217,20,embed_pca_key,0.7793115295508694,64136
Landuse,audited,noise_10pct_0p6tau_m,2,0.9984114366459335,0.998046875,0.001953125,0.13203320797765628,40431,0,20,39.0,39.4833984375,282,1,embed_pca_key,0.7793776486200342,43939
Landuse,audited,noise_50pct_1p4tau_m,2,0.8661256556113397,0.8369140625,0.1630859375,0.13361991703277454,40431,0,21,39.0,39.4833984375,116,41,embed_pca_key,0.7793778221077857,43939
Landuse,audited,legacy_noise_50pct_1p4degrees,2,0.8560553841723788,0.8271484375,0.1728515625,0.13672320899786428,43052,0,22,42.0,42.04296875,126,32,embed_pca_key,0.04736830329722077,46560
Landuse,audited,compound_metric,2,0.8864180715112386,0.8603515625,0.1396484375,0.08786924998275936,22684,0,4,22.0,22.15234375,87,50,embed_pca_key,0.7841857280240908,25137
Landuse,audited,vertex_delete_30pct,3,0.9968216095175163,0.99609375,0.00390625,0.11375850002514198,29388,0,12,28.0,28.69921875,193,3,embed_pca_key,0.7775236393731968,32896
Landuse,audited,vertex_delete_50pct,3,0.9399789610622636,0.92578125,0.07421875,0.09901841700775549,22174,0,5,21.0,21.654296875,110,29,embed_pca_key,0.7752394404785276,25682
Landuse,audited,object_delete_30pct,3,1.0,1.0,0.0,0.08989937498699874,27557,0,11,26.0,26.9111328125,227,1,embed_pca_key,0.7850130422582043,29978
Landuse,audited,object_delete_90pct,3,0.9111277504168527,0.8896484375,0.1103515625,0.015429624996613711,3868,19,0,4.0,3.77734375,34,97,embed_pca_key,0.7880476703899834,4206
Landuse,audited,vertex_add_10pct,3,0.9992060340153568,0.9990234375,0.0009765625,0.14509883301798254,44595,0,25,43.0,43.5498046875,317,0,embed_pca_key,0.7793805369983271,48103
Landuse,audited,vertex_add_30pct,3,0.9920773155556903,0.990234375,0.009765625,0.1626957090338692,52549,0,29,51.0,51.3173828125,256,4,embed_pca_key,0.7792392920742496,56057
Landuse,audited,vertex_add_50pct,3,0.959257438448257,0.9501953125,0.0498046875,0.16800795897142962,60637,0,36,59.0,59.2158203125,208,8,embed_pca_key,0.7790582898226155,64145
Landuse,audited,noise_10pct_0p6tau_m,3,1.0,1.0,0.0,0.13372729200636968,40431,0,19,39.0,39.4833984375,287,1,embed_pca_key,0.7793776663512101,43939
Landuse,audited,noise_50pct_1p4tau_m,3,0.8679279761107905,0.8388671875,0.1611328125,0.13426958402851596,40431,0,19,39.0,39.4833984375,119,43,embed_pca_key,0.7793782084452123,43939
Landuse,audited,legacy_noise_50pct_1p4degrees,3,0.8666311694058437,0.837890625,0.162109375,0.1423442920204252,43035,0,24,42.0,42.0263671875,132,44,embed_pca_key,0.03440802040903249,46543
Landuse,audited,compound_metric,3,0.8811421524743831,0.853515625,0.146484375,0.08909124997444451,23468,0,8,22.5,22.91796875,107,54,embed_pca_key,0.7828344499161122,25986
Landuse,audited,vertex_delete_30pct,4,0.9920935752286245,0.990234375,0.009765625,0.11736175004625693,29287,0,10,28.0,28.6005859375,202,10,embed_pca_key,0.7782893652973074,32795
Landuse,audited,vertex_delete_50pct,4,0.9387210191307636,0.923828125,0.076171875,0.10181108402321115,22146,0,5,21.0,21.626953125,133,43,embed_pca_key,0.7766352027267504,25654
Landuse,audited,object_delete_30pct,4,1.0,1.0,0.0,0.09591799997724593,28841,0,12,28.0,28.1650390625,246,0,embed_pca_key,0.7855485102765991,31322
Landuse,audited,object_delete_90pct,4,0.9241809953301248,0.90625,0.09375,0.016846625017933547,4300,18,0,4.0,4.19921875,34,87,embed_pca_key,0.7643447208075271,4672
Landuse,audited,vertex_add_10pct,4,1.0,1.0,0.0,0.14028254197910428,44517,0,23,43.0,43.4736328125,314,0,embed_pca_key,0.779537922795871,48025
Landuse,audited,vertex_add_30pct,4,0.9944491628150685,0.9931640625,0.0068359375,0.15470070904120803,52587,0,29,51.0,51.3544921875,268,4,embed_pca_key,0.779411396345793,56095
Landuse,audited,vertex_add_50pct,4,0.955746652722666,0.9462890625,0.0537109375,0.16596266702981666,60545,0,35,59.0,59.1259765625,220,10,embed_pca_key,0.7800218393925163,64053
Landuse,audited,noise_10pct_0p6tau_m,4,0.9992060340153568,0.9990234375,0.0009765625,0.13396270800149068,40431,0,22,39.0,39.4833984375,281,0,embed_pca_key,0.7793775753412735,43939
Landuse,audited,noise_50pct_1p4tau_m,4,0.8720279053394634,0.84375,0.15625,0.15682299999753013,40431,0,17,39.0,39.4833984375,114,42,embed_pca_key,0.7793778006504798,43939
Landuse,audited,legacy_noise_50pct_1p4degrees,4,0.8630269793525858,0.8310546875,0.1689453125,0.13930741598596796,43097,0,25,42.0,42.0869140625,118,43,embed_pca_key,0.03130251240301775,46605
Landuse,audited,compound_metric,4,0.8807439180358011,0.8515625,0.1484375,0.08558800001628697,22172,0,8,22.0,21.65234375,93,47,embed_pca_key,0.7711222423316201,24612
Landuse,audited,vertex_delete_30pct,5,0.9936507936507937,0.9921875,0.0078125,0.12053733394714072,29330,0,9,28.0,28.642578125,199,3,embed_pca_key,0.7796701578791347,32838
Landuse,audited,vertex_delete_50pct,5,0.9355635236893614,0.9208984375,0.0791015625,0.10247416701167822,22007,0,5,21.0,21.4912109375,116,28,embed_pca_key,0.7786669473067057,25515
Landuse,audited,object_delete_30pct,5,0.9992072927806908,0.9990234375,0.0009765625,0.09352637501433492,27561,0,12,26.0,26.9150390625,236,0,embed_pca_key,0.7882953746888243,29998
Landuse,audited,object_delete_90pct,5,0.9217463305935938,0.9033203125,0.0966796875,0.013953540998045355,3879,23,0,4.0,3.7880859375,34,84,embed_pca_key,0.7960148526712768,4236
Landuse,audited,vertex_add_10pct,5,1.0,1.0,0.0,0.1423713339609094,44533,0,22,43.0,43.4892578125,314,1,embed_pca_key,0.7796049420046214,48041
Landuse,audited,vertex_add_30pct,5,0.9960352061369425,0.9951171875,0.0048828125,0.15425958298146725,52601,0,26,51.0,51.3681640625,254,1,embed_pca_key,0.7791105538696895,56109
Landuse,audited,vertex_add_50pct,5,0.9555555555555556,0.9453125,0.0546875,0.16612691699992865,60693,0,37,59.0,59.2705078125,202,16,embed_pca_key,0.7795326911366243,64201
Landuse,audited,noise_10pct_0p6tau_m,5,0.9984126984126984,0.998046875,0.001953125,0.13536020898027346,40431,0,21,39.0,39.4833984375,283,0,embed_pca_key,0.7793777592251402,43939
Landuse,audited,noise_50pct_1p4tau_m,5,0.8698138600422539,0.8427734375,0.1572265625,0.13296712504234165,40431,0,22,39.0,39.4833984375,128,46,embed_pca_key,0.7793783210055611,43939
Landuse,audited,legacy_noise_50pct_1p4degrees,5,0.8576859658565167,0.8291015625,0.1708984375,0.14229879202321172,43060,0,22,42.0,42.05078125,123,36,embed_pca_key,0.018884455499371174,46568
Landuse,audited,compound_metric,5,0.8880066343634093,0.8623046875,0.1376953125,0.08822495798813179,22017,0,9,21.0,21.5009765625,88,47,embed_pca_key,0.7751969698854331,24439
Landuse,audited,vertex_delete_30pct,6,0.9960289083110154,0.9951171875,0.0048828125,0.11944262497127056,29267,0,10,28.0,28.5810546875,194,4,embed_pca_key,0.7788326693151612,32775
Landuse,audited,vertex_delete_50pct,6,0.9422037664491533,0.9287109375,0.0712890625,0.10300100001040846,22007,0,8,21.0,21.4912109375,112,29,embed_pca_key,0.7789032345176803,25515
Landuse,audited,object_delete_30pct,6,1.0,1.0,0.0,0.09531916701234877,28510,0,12,27.0,27.841796875,245,1,embed_pca_key,0.7830319200848082,30971
Landuse,audited,object_delete_90pct,6,0.8976752871028356,0.8720703125,0.1279296875,0.013202917005401105,3988,24,0,4.0,3.89453125,34,104,embed_pca_key,0.7539477675216091,4304
Landuse,audited,vertex_add_10pct,6,0.9992060340153568,0.9990234375,0.0009765625,0.14241904095979407,44488,0,22,43.0,43.4453125,302,0,embed_pca_key,0.7793401894830208,47996
Landuse,audited,vertex_add_30pct,6,0.9976174711631861,0.9970703125,0.0029296875,0.15247675002319738,52699,0,29,51.0,51.4638671875,269,3,embed_pca_key,0.7797131067878795,56207
Landuse,audited,vertex_add_50pct,6,0.9538264931077917,0.943359375,0.056640625,0.1675898339599371,60650,0,37,59.0,59.228515625,210,15,embed_pca_key,0.7796499354029703,64158
Landuse,audited,noise_10pct_0p6tau_m,6,0.9992060340153568,0.9990234375,0.0009765625,0.1321776660042815,40431,0,18,39.0,39.4833984375,282,0,embed_pca_key,0.7793775971515396,43939
Landuse,audited,noise_50pct_1p4tau_m,6,0.8650793650793651,0.833984375,0.166015625,0.13430175004759803,40431,0,23,39.0,39.4833984375,114,39,embed_pca_key,0.7793776357371813,43939
Landuse,audited,legacy_noise_50pct_1p4degrees,6,0.8546805084090671,0.8232421875,0.1767578125,0.13861574995098636,43090,0,23,42.0,42.080078125,114,36,embed_pca_key,0.05039568413247323,46598
Landuse,audited,compound_metric,6,0.8706248024107489,0.841796875,0.158203125,0.09116608399199322,22806,0,9,22.0,22.271484375,97,55,embed_pca_key,0.7844291964177597,25269
Landuse,audited,vertex_delete_30pct,7,0.9960439816748191,0.9951171875,0.0048828125,0.12031374999787658,29400,0,12,28.0,28.7109375,190,4,embed_pca_key,0.7786083359490337,32908
Landuse,audited,vertex_delete_50pct,7,0.9497354911348205,0.9384765625,0.0615234375,0.10349495796253905,22192,0,9,21.0,21.671875,118,35,embed_pca_key,0.778744562898246,25700
Landuse,audited,object_delete_30pct,7,0.9992060340153568,0.9990234375,0.0009765625,0.09781004203250632,28573,0,11,27.0,27.9033203125,251,0,embed_pca_key,0.7714500019529916,31026
Landuse,audited,object_delete_90pct,7,0.9177261142465745,0.8984375,0.1015625,0.015142208023462445,4096,18,0,4.0,4.0,40,76,embed_pca_key,0.7766870005829883,4441
Landuse,audited,vertex_add_10pct,7,1.0,1.0,0.0,0.14196350000565872,44429,0,20,43.0,43.3876953125,310,0,embed_pca_key,0.7800023199970995,47937
Landuse,audited,vertex_add_30pct,7,0.9936758616324979,0.9921875,0.0078125,0.15788912499556318,52570,0,31,51.0,51.337890625,259,6,embed_pca_key,0.7789282242263866,56078
Landuse,audited,vertex_add_50pct,7,0.9655697123667157,0.9580078125,0.0419921875,0.16743520798627287,60600,0,38,58.0,59.1796875,198,11,embed_pca_key,0.7799588115592011,64108
Landuse,audited,noise_10pct_0p6tau_m,7,0.998416467731765,0.998046875,0.001953125,0.1397020000149496,40431,0,19,39.0,39.4833984375,283,3,embed_pca_key,0.779377438434717,43939
Landuse,audited,noise_50pct_1p4tau_m,7,0.8644437068212841,0.833984375,0.166015625,0.134213124983944,40431,0,20,39.0,39.4833984375,117,40,embed_pca_key,0.7793780895869165,43939
Landuse,audited,legacy_noise_50pct_1p4degrees,7,0.8696565534786727,0.841796875,0.158203125,0.1379266669973731,43042,0,21,42.0,42.033203125,121,35,embed_pca_key,0.04414932474800318,46550
Landuse,audited,compound_metric,7,0.8775360348869248,0.8505859375,0.1494140625,0.09855787496780977,22692,0,7,22.0,22.16015625,81,45,embed_pca_key,0.7809284187099589,25138
Landuse,audited,vertex_delete_30pct,8,0.9944403454588447,0.9931640625,0.0068359375,0.1169835000182502,29419,0,15,28.0,28.7294921875,193,1,embed_pca_key,0.7787847414500488,32927
Landuse,audited,vertex_delete_50pct,8,0.947877943928333,0.935546875,0.064453125,0.09989462496014312,22230,0,9,21.0,21.708984375,108,26,embed_pca_key,0.7771477063758484,25738
Landuse,audited,object_delete_30pct,8,0.9992060340153568,0.9990234375,0.0009765625,0.09725458401953802,28043,0,12,27.0,27.3857421875,222,0,embed_pca_key,0.7770712017143357,30536
Landuse,audited,object_delete_90pct,8,0.898645105261295,0.876953125,0.123046875,0.012753334012813866,3004,55,0,3.0,2.93359375,28,93,embed_pca_key,0.8025808488129083,3302
Landuse,audited,vertex_add_10pct,8,1.0,1.0,0.0,0.14013491699006408,44465,0,21,42.0,43.4228515625,312,0,embed_pca_key,0.7790435135045525,47973
Landuse,audited,vertex_add_30pct,8,0.9944604459328878,0.9931640625,0.0068359375,0.15741066704504192,52437,0,32,50.0,51.2080078125,277,6,embed_pca_key,0.7790565269077533,55945
Landuse,audited,vertex_add_50pct,8,0.9554488014067601,0.9443359375,0.0556640625,0.1672046669991687,60532,0,33,59.0,59.11328125,211,25,embed_pca_key,0.7803987657430711,64040
Landuse,audited,noise_10pct_0p6tau_m,8,1.0,1.0,0.0,0.13194491696776822,40431,0,21,39.0,39.4833984375,290,1,embed_pca_key,0.779377667803282,43939
Landuse,audited,noise_50pct_1p4tau_m,8,0.8901354609697292,0.8671875,0.1328125,0.13845779199618846,40431,0,21,39.0,39.4833984375,119,40,embed_pca_key,0.7793780585478997,43939
Landuse,audited,legacy_noise_50pct_1p4degrees,8,0.8593165475406546,0.8310546875,0.1689453125,0.13755341700743884,43095,0,19,42.0,42.0849609375,130,44,embed_pca_key,0.03847635850772161,46603
Landuse,audited,compound_metric,8,0.8850121736057547,0.8583984375,0.1416015625,0.08700162498280406,22193,0,9,21.0,21.6728515625,93,63,embed_pca_key,0.7770574302903688,24610
Landuse,audited,vertex_delete_30pct,9,0.9944403454588447,0.9931640625,0.0068359375,0.11607562494464219,29322,0,11,28.0,28.634765625,197,3,embed_pca_key,0.7782460594290534,32830
Landuse,audited,vertex_delete_50pct,9,0.9465830042156109,0.93359375,0.06640625,0.10512387502240017,21963,0,9,21.0,21.4482421875,105,33,embed_pca_key,0.7774915638996789,25471
Landuse,audited,object_delete_30pct,9,1.0,1.0,0.0,0.09967170900199562,29067,0,12,27.0,28.3857421875,235,0,embed_pca_key,0.7803853371623394,31559
Landuse,audited,object_delete_90pct,9,0.9024288781861604,0.880859375,0.119140625,0.01402179099386558,3374,58,0,3.0,3.294921875,27,92,embed_pca_key,0.753043727030378,3689
Landuse,audited,vertex_add_10pct,9,1.0,1.0,0.0,0.15531820803880692,44512,0,24,43.0,43.46875,315,0,embed_pca_key,0.7791838220294752,48020
Landuse,audited,vertex_add_30pct,9,0.9912632197545035,0.9892578125,0.0107421875,0.15654312499100342,52598,0,30,51.0,51.365234375,257,6,embed_pca_key,0.7801817187203844,56106
Landuse,audited,vertex_add_50pct,9,0.9589365199408303,0.94921875,0.05078125,0.1666981250164099,60682,0,32,59.0,59.259765625,232,16,embed_pca_key,0.7799810055547945,64190
Landuse,audited,noise_10pct_0p6tau_m,9,0.9992060340153568,0.9990234375,0.0009765625,0.12771249999059364,40431,0,19,39.0,39.4833984375,288,0,embed_pca_key,0.7793775385452868,43939
Landuse,audited,noise_50pct_1p4tau_m,9,0.866049520001254,0.837890625,0.162109375,0.13348699995549396,40431,0,20,39.0,39.4833984375,129,25,embed_pca_key,0.7793772394669235,43939
Landuse,audited,legacy_noise_50pct_1p4degrees,9,0.8475655413823614,0.814453125,0.185546875,0.1371429999708198,43076,0,26,41.0,42.06640625,115,48,embed_pca_key,0.03762087879805643,46584
Landuse,audited,compound_metric,9,0.8797512405536128,0.8515625,0.1484375,0.08898691594367847,22703,0,9,22.0,22.1708984375,92,51,embed_pca_key,0.7799864761371001,25215
Landuse,audited,vertex_delete_30pct,10,0.9936356121857463,0.9921875,0.0078125,0.11516262497752905,29285,0,12,28.0,28.5986328125,196,2,embed_pca_key,0.7797067932811624,32793
Landuse,audited,vertex_delete_50pct,10,0.9347181159503735,0.919921875,0.080078125,0.1012225840240717,21931,0,7,21.0,21.4169921875,129,46,embed_pca_key,0.7780681286375605,25439
Landuse,audited,object_delete_30pct,10,0.9992060340153568,0.9990234375,0.0009765625,0.09294904104899615,28097,0,14,27.0,27.4384765625,240,0,embed_pca_key,0.7754607319290798,30562
Landuse,audited,object_delete_90pct,10,0.9204329203216193,0.9013671875,0.0986328125,0.014766582986339927,3992,19,0,4.0,3.8984375,30,87,embed_pca_key,0.7853206629425405,4342
Landuse,audited,vertex_add_10pct,10,0.9984126984126984,0.998046875,0.001953125,0.1458817920065485,44456,0,23,42.0,43.4140625,317,1,embed_pca_key,0.7791827580135084,47964
Landuse,audited,vertex_add_30pct,10,0.9944403454588447,0.9931640625,0.0068359375,0.15307524998206645,52542,0,27,51.0,51.310546875,268,2,embed_pca_key,0.7799436295089708,56050
Landuse,audited,vertex_add_50pct,10,0.9463910756499456,0.93359375,0.06640625,0.1678447499871254,60657,0,39,59.0,59.2353515625,212,10,embed_pca_key,0.7790322317970932,64165
Landuse,audited,noise_10pct_0p6tau_m,10,0.9992060340153568,0.9990234375,0.0009765625,0.13052591704763472,40431,0,21,39.0,39.4833984375,293,0,embed_pca_key,0.7793776637935843,43939
Landuse,audited,noise_50pct_1p4tau_m,10,0.8546805084090671,0.8232421875,0.1767578125,0.1403222919907421,40431,0,22,39.0,39.4833984375,128,42,embed_pca_key,0.7793774531544928,43939
Landuse,audited,legacy_noise_50pct_1p4degrees,10,0.8616719619881604,0.8349609375,0.1650390625,0.13828958297381178,43102,0,20,42.0,42.091796875,115,43,embed_pca_key,0.03651183482614284,46610
Landuse,audited,compound_metric,10,0.8789571468055818,0.8525390625,0.1474609375,0.08598641597200185,22430,0,8,22.0,21.904296875,89,51,embed_pca_key,0.7808909433377759,24878
Boundary,audited,no_attack,0,1.0,1.0,0.0,0.21545120800146833,123780,0,89,121.0,120.87890625,170,1,embed_pca_key,0.5115432108378779,123933
Boundary,audited,crop_half_centroids,0,0.9944302029662154,0.9931640625,0.0068359375,0.11578799999551848,66674,0,44,65.0,65.111328125,93,7,embed_pca_key,0.18599174877496505,66757
Boundary,audited,rotation_45,0,0.9992060340153568,0.9990234375,0.0009765625,0.21307487500598654,123782,0,89,121.0,120.880859375,169,0,pca_++,0.5115432108378793,123933
Boundary,audited,rotation_90,0,1.0,1.0,0.0,0.19469383294926956,123780,0,89,121.0,120.87890625,170,1,pca_++,0.5115432108378779,123933
Boundary,audited,rotation_135,0,0.9992060340153568,0.9990234375,0.0009765625,0.21181304199853912,123782,0,89,121.0,120.880859375,169,0,pca_++,0.5115432108378793,123933
Boundary,audited,rotation_180,0,1.0,1.0,0.0,0.19090624997625127,123780,0,89,121.0,120.87890625,169,1,pca_++,0.5115432108378779,123933
Boundary,audited,rotation_225,0,0.9992060340153568,0.9990234375,0.0009765625,0.2107524579623714,123782,0,89,121.0,120.880859375,169,1,pca_++,0.5115432108378797,123933
Boundary,audited,rotation_270,0,1.0,1.0,0.0,0.19150687503861263,123780,0,89,121.0,120.87890625,170,1,pca_++,0.5115432108378779,123933
Boundary,audited,rotation_315,0,0.9992060340153568,0.9990234375,0.0009765625,0.2102677910006605,123782,0,89,120.5,120.880859375,168,1,pca_++,0.5115432108378798,123933
Boundary,audited,translation_10,0,1.0,1.0,0.0,0.19183325004996732,123781,0,89,121.0,120.8798828125,170,1,pca_++,0.5115432108378787,123933
Boundary,audited,scale_0p5,0,1.0,1.0,0.0,0.19111449999036267,123778,0,89,121.0,120.876953125,170,1,pca_++,0.5115432108378779,123933
Boundary,audited,reverse_vertices,0,1.0,1.0,0.0,0.19460562500171363,123780,0,89,121.0,120.87890625,170,2,embed_pca_key,0.5115432108378785,123933
Boundary,audited,reverse_objects,0,1.0,1.0,0.0,0.22377908299677074,123780,0,89,121.0,120.87890625,170,1,embed_pca_key,0.5115432108378797,123933
Boundary,audited,vertex_delete_30pct,1,0.9728311310943005,0.966796875,0.033203125,0.1533379580359906,86906,0,55,85.0,84.869140625,122,8,embed_pca_key,0.5114873542341853,87059
Boundary,audited,vertex_delete_50pct,1,0.8737758176693735,0.84765625,0.15234375,0.10403112502535805,62288,0,34,60.0,60.828125,98,33,embed_pca_key,0.5124275829916751,62441
Boundary,audited,object_delete_30pct,1,0.9880860940501621,0.9853515625,0.0146484375,0.1416474999859929,80734,0,53,79.0,78.841796875,108,4,embed_pca_key,0.4676971718132669,80848
Boundary,audited,object_delete_90pct,1,0.8456955083581459,0.80859375,0.19140625,0.018853417015634477,10127,0,2,10.0,9.8896484375,23,94,embed_pca_key,0.5411664758146718,10145
Boundary,audited,vertex_add_10pct,1,0.9976212494588167,0.9970703125,0.0029296875,0.2324510829639621,136037,0,100,133.0,132.8486328125,179,3,embed_pca_key,0.5113823915848255,136184
Boundary,audited,vertex_add_30pct,1,0.9722909455458489,0.9658203125,0.0341796875,0.24724304204573855,160847,0,118,157.0,157.0771484375,227,10,embed_pca_key,0.5109506099052185,160976
Boundary,audited,vertex_add_50pct,1,0.9137566733558686,0.89453125,0.10546875,0.3118280830094591,185623,0,137,181.0,181.2724609375,270,10,embed_pca_key,0.5118824098341656,185739
Boundary,audited,noise_10pct_0p6tau_m,1,0.9904761904761905,0.98828125,0.01171875,0.19095708400709555,123799,0,86,121.0,120.8974609375,160,1,embed_pca_key,0.5115432098081524,123933
Boundary,audited,noise_50pct_1p4tau_m,1,0.8074063613286007,0.7705078125,0.2294921875,0.21246850001625717,123897,0,89,121.0,120.9931640625,158,23,embed_pca_key,0.5115432049240114,123933
Boundary,audited,legacy_noise_50pct_1p4degrees,1,0.8213080805936838,0.7861328125,0.2138671875,0.18957712495466694,123901,0,82,121.0,120.9970703125,155,26,embed_pca_key,0.4583644719868867,123933
Boundary,audited,compound_metric,1,0.8118215034068611,0.7763671875,0.2236328125,0.11761974997352809,63203,0,38,62.0,61.7216796875,91,36,embed_pca_key,0.536862627024841,63259
Boundary,audited,vertex_delete_30pct,2,0.9671384700418391,0.9599609375,0.0400390625,0.15937129099620506,86859,0,58,85.0,84.8232421875,116,11,embed_pca_key,0.5142390748818101,87012
Boundary,audited,vertex_delete_50pct,2,0.8841508293699839,0.859375,0.140625,0.10965879104332998,62451,0,40,61.0,60.9873046875,86,27,embed_pca_key,0.5133163336668131,62604
Boundary,audited,object_delete_30pct,2,0.9872826467470138,0.984375,0.015625,0.14487037499202415,78452,0,48,76.0,76.61328125,105,4,embed_pca_key,0.5314977571116051,78568
Boundary,audited,object_delete_90pct,2,0.8818400869620064,0.8544921875,0.1455078125,0.022943750023841858,12799,0,3,12.0,12.4990234375,24,80,embed_pca_key,0.5184786745450912,12805
Boundary,audited,vertex_add_10pct,2,0.9944302029662154,0.9931640625,0.0068359375,0.23071829095715657,136120,0,98,133.0,132.9296875,178,1,embed_pca_key,0.5105631430778937,136267
Boundary,audited,vertex_add_30pct,2,0.9746446470714849,0.96875,0.03125,0.25180029100738466,160836,0,114,157.0,157.06640625,218,3,embed_pca_key,0.5112188027206985,160969
Boundary,audited,vertex_add_50pct,2,0.9156125871777242,0.8974609375,0.1025390625,0.3271649170201272,185489,0,139,181.0,181.1416015625,296,21,embed_pca_key,0.5114468445345842,185602
Boundary,audited,noise_10pct_0p6tau_m,2,0.9936419552606822,0.9921875,0.0078125,0.2102605840191245,123817,0,86,121.0,120.9150390625,166,2,embed_pca_key,0.5115432127053062,123933
Boundary,audited,noise_50pct_1p4tau_m,2,0.8063082205829524,0.7685546875,0.2314453125,0.2212058330187574,123903,0,92,121.0,120.9990234375,160,31,embed_pca_key,0.5115432085084773,123933
Boundary,audited,legacy_noise_50pct_1p4degrees,2,0.7939091244159907,0.7568359375,0.2431640625,0.1970239169895649,123903,0,92,121.0,120.9990234375,155,25,embed_pca_key,0.4595308831668836,123933
Boundary,audited,compound_metric,2,0.8172104404365857,0.7841796875,0.2158203125,0.1230000409996137,62073,0,38,60.0,60.6181640625,85,35,embed_pca_key,0.5349011322458483,62145
Boundary,audited,vertex_delete_30pct,3,0.9630284978066963,0.955078125,0.044921875,0.16302949999226257,86997,0,54,85.0,84.9580078125,121,9,embed_pca_key,0.5103022966394959,87150
Boundary,audited,vertex_delete_50pct,3,0.8767782479916251,0.8525390625,0.1474609375,0.11208275001263246,62418,0,36,61.0,60.955078125,99,25,embed_pca_key,0.5118304776256267,62571
Boundary,audited,object_delete_30pct,3,0.9944403454588447,0.9931640625,0.0068359375,0.17679666698677465,90352,0,62,88.0,88.234375,129,1,embed_pca_key,0.4895290644415707,90461
Boundary,audited,object_delete_90pct,3,0.8524202710265947,0.8173828125,0.1826171875,0.02320516703184694,10033,0,1,10.0,9.7978515625,31,83,embed_pca_key,0.5656871415679612,10041
Boundary,audited,vertex_add_10pct,3,0.9944340175269573,0.9931640625,0.0068359375,0.2496176669956185,136159,0,98,133.0,132.9677734375,173,1,embed_pca_key,0.5120225236903507,136305
Boundary,audited,vertex_add_30pct,3,0.974527235028328,0.96875,0.03125,0.27543129201512784,160618,0,114,157.0,156.853515625,239,14,embed_pca_key,0.5117517075150381,160744
Boundary,audited,vertex_add_50pct,3,0.9135475178097415,0.8955078125,0.1044921875,0.39293883298523724,185485,0,131,181.0,181.1376953125,277,13,embed_pca_key,0.5103438924208377,185600
Boundary,audited,noise_10pct_0p6tau_m,3,0.9952380952380953,0.994140625,0.005859375,0.20039662503404543,123798,0,90,121.0,120.896484375,167,2,embed_pca_key,0.5115432103571544,123933
Boundary,audited,noise_50pct_1p4tau_m,3,0.8070394550054658,0.771484375,0.228515625,0.21660412498749793,123902,0,90,121.0,120.998046875,161,31,embed_pca_key,0.5115432039312869,123933
Boundary,audited,legacy_noise_50pct_1p4degrees,3,0.8029319676658445,0.767578125,0.232421875,0.1903280839906074,123904,0,86,121.0,121.0,154,25,embed_pca_key,0.4560728102766858,123933
Boundary,audited,compound_metric,3,0.8290170374544733,0.7958984375,0.2041015625,0.13115645799553022,69194,0,43,67.0,67.572265625,100,37,embed_pca_key,0.5118670300442943,69245
Boundary,audited,vertex_delete_30pct,4,0.963230823879554,0.955078125,0.044921875,0.15061545901698992,86880,0,59,84.0,84.84375,117,9,embed_pca_key,0.510735274096011,87033
Boundary,audited,vertex_delete_50pct,4,0.8821446911185847,0.8583984375,0.1416015625,0.10666183399735019,62267,0,39,61.0,60.8076171875,90,31,embed_pca_key,0.5132538508232254,62420
Boundary,audited,object_delete_30pct,4,0.9920521281322651,0.990234375,0.009765625,0.15210866695269942,90123,0,61,88.0,88.0107421875,119,3,embed_pca_key,0.5278760999937778,90244
Boundary,audited,object_delete_90pct,4,0.8816504763305839,0.8564453125,0.1435546875,0.02807512501021847,15669,0,4,15.0,15.3017578125,31,45,embed_pca_key,0.5662513074394265,15700
Boundary,audited,vertex_add_10pct,4,0.9928429230989141,0.9912109375,0.0087890625,0.2276653329608962,136226,0,95,133.0,133.033203125,176,3,embed_pca_key,0.5112729623184291,136375
Boundary,audited,vertex_add_30pct,4,0.9729348702652099,0.966796875,0.033203125,0.3018744589644484,160681,0,120,157.0,156.9150390625,223,5,embed_pca_key,0.5118498151787861,160816
Boundary,audited,vertex_add_50pct,4,0.9096559617730839,0.8916015625,0.1083984375,0.3713641669601202,185361,0,141,181.0,181.0166015625,278,16,embed_pca_key,0.5117894451086983,185478
Boundary,audited,noise_10pct_0p6tau_m,4,0.9944340175269573,0.9931640625,0.0068359375,0.19881854200502858,123807,0,85,121.0,120.9052734375,169,3,embed_pca_key,0.511543210875917,123933
Boundary,audited,noise_50pct_1p4tau_m,4,0.7982060523080894,0.76171875,0.23828125,0.22679254098329693,123881,0,91,121.0,120.9775390625,156,20,embed_pca_key,0.5115432143355539,123933
Boundary,audited,legacy_noise_50pct_1p4degrees,4,0.8326156262008774,0.796875,0.203125,0.18943295802455395,123887,0,90,121.0,120.9833984375,156,31,embed_pca_key,0.45614393275666104,123933
Boundary,audited,compound_metric,4,0.8225816716237682,0.7861328125,0.2138671875,0.11326341598760337,59535,0,35,58.0,58.1396484375,86,38,embed_pca_key,0.4951346156100708,59598
Boundary,audited,vertex_delete_30pct,5,0.9720152795189112,0.9658203125,0.0341796875,0.15023683296749368,86900,0,59,84.0,84.86328125,118,11,embed_pca_key,0.514204212649459,87053
Boundary,audited,vertex_delete_50pct,5,0.8865926413116155,0.86328125,0.13671875,0.10655804199632257,62277,0,37,60.0,60.8173828125,96,28,embed_pca_key,0.515069673160895,62430
Boundary,audited,object_delete_30pct,5,0.9960289083110154,0.9951171875,0.0048828125,0.14597437501652166,82613,0,54,80.0,80.6767578125,119,5,embed_pca_key,0.4925040962000704,82720
Boundary,audited,object_delete_90pct,5,0.8779725763863457,0.849609375,0.150390625,0.04742366698337719,13213,0,2,12.5,12.9033203125,35,73,embed_pca_key,0.5787708284015022,13227
Boundary,audited,vertex_add_10pct,5,0.9976212494588167,0.9970703125,0.0029296875,0.23932879196945578,136051,0,95,132.0,132.8623046875,181,3,embed_pca_key,0.5106118919287821,136197
Boundary,audited,vertex_add_30pct,5,0.9712658346160282,0.96484375,0.03515625,0.23872475000098348,160878,0,120,157.0,157.107421875,215,10,embed_pca_key,0.5105163925248608,161011
Boundary,audited,vertex_add_50pct,5,0.9116000515867972,0.8935546875,0.1064453125,0.30046383396256715,185663,0,142,181.0,181.3115234375,302,16,embed_pca_key,0.5124632426135614,185776
Boundary,audited,noise_10pct_0p6tau_m,5,0.9928517826066742,0.9912109375,0.0087890625,0.18534658302087337,123820,0,90,121.0,120.91796875,160,1,embed_pca_key,0.5115432097848011,123933
Boundary,audited,noise_50pct_1p4tau_m,5,0.8093229055736002,0.7705078125,0.2294921875,0.22132316598435864,123895,0,83,120.0,120.9912109375,160,33,embed_pca_key,0.5115432133861765,123933
Boundary,audited,legacy_noise_50pct_1p4degrees,5,0.7998659078259269,0.76171875,0.23828125,0.2694727909984067,123903,0,92,121.0,120.9990234375,159,29,embed_pca_key,0.4605315207673964,123933
Boundary,audited,compound_metric,5,0.8222511467423871,0.787109375,0.212890625,0.11249120900174603,65665,0,35,64.0,64.1259765625,93,32,embed_pca_key,0.5036960731422017,65737
Boundary,audited,vertex_delete_30pct,6,0.9712658346160282,0.96484375,0.03515625,0.15566445898730308,86871,0,55,85.0,84.8349609375,115,12,embed_pca_key,0.5140095429213575,87024
Boundary,audited,vertex_delete_50pct,6,0.8974874055997483,0.8759765625,0.1240234375,0.10686216701287776,62309,0,38,61.0,60.8486328125,94,18,embed_pca_key,0.516595504774567,62462
Boundary,audited,object_delete_30pct,6,0.9968316796877463,0.99609375,0.00390625,0.16178487497381866,95658,0,66,93.0,93.416015625,144,2,embed_pca_key,0.4876891771337587,95765
Boundary,audited,object_delete_90pct,6,0.8825145231839787,0.853515625,0.146484375,0.01828225003555417,10286,0,2,10.0,10.044921875,21,90,embed_pca_key,0.40632163610731376,10297
Boundary,audited,vertex_add_10pct,6,0.9976212494588167,0.9970703125,0.0029296875,0.27110454195644706,136157,0,99,132.0,132.9658203125,175,1,embed_pca_key,0.5110086852522441,136303
Boundary,audited,vertex_add_30pct,6,0.9672512504353258,0.9599609375,0.0400390625,0.24911220802459866,160951,0,118,156.5,157.1787109375,208,5,embed_pca_key,0.5117314195787395,161088
Boundary,audited,vertex_add_50pct,6,0.9199051266869852,0.9013671875,0.0986328125,0.3417620000545867,185404,0,134,180.0,181.05859375,262,9,embed_pca_key,0.5119200222385842,185523
Boundary,audited,noise_10pct_0p6tau_m,6,0.9928517826066742,0.9912109375,0.0087890625,0.19219904200872406,123805,0,88,121.0,120.9033203125,164,2,embed_pca_key,0.511543211288865,123933
Boundary,audited,noise_50pct_1p4tau_m,6,0.8113866102020205,0.775390625,0.224609375,0.2149147919844836,123901,0,92,120.0,120.9970703125,157,27,embed_pca_key,0.5115432056732241,123933
Boundary,audited,legacy_noise_50pct_1p4degrees,6,0.8061828299460878,0.767578125,0.232421875,0.19736858300166205,123895,0,85,121.0,120.9912109375,168,29,embed_pca_key,0.45604223303978986,123933
Boundary,audited,compound_metric,6,0.8271552291285246,0.79296875,0.20703125,0.12539175001438707,66716,0,41,65.0,65.15234375,94,34,embed_pca_key,0.5627452172616563,66790
Boundary,audited,vertex_delete_30pct,7,0.9720822085732869,0.9658203125,0.0341796875,0.1544328749878332,86901,0,55,85.0,84.8642578125,124,9,embed_pca_key,0.5125885736971447,87054
Boundary,audited,vertex_delete_50pct,7,0.8901593228825458,0.8681640625,0.1318359375,0.10664366697892547,62493,0,34,61.0,61.0283203125,87,34,embed_pca_key,0.5130069145528117,62646
Boundary,audited,object_delete_30pct,7,0.9976174711631861,0.9970703125,0.0029296875,0.15805012499913573,89642,0,56,87.0,87.541015625,120,2,embed_pca_key,0.41795920923095414,89749
Boundary,audited,object_delete_90pct,7,0.8680460783796381,0.83984375,0.16015625,0.02176270796917379,11654,0,2,11.0,11.380859375,24,82,embed_pca_key,0.4805618955727176,11660
Boundary,audited,vertex_add_10pct,7,0.9944403454588447,0.9931640625,0.0068359375,0.23670279199723154,135937,0,96,132.5,132.7509765625,181,1,embed_pca_key,0.5120672170081905,136083
Boundary,audited,vertex_add_30pct,7,0.9768438248198084,0.9716796875,0.0283203125,0.33839241694658995,160866,0,117,157.0,157.095703125,204,6,embed_pca_key,0.5117406097714142,160997
Boundary,audited,vertex_add_50pct,7,0.8976269238408823,0.8759765625,0.1240234375,0.3207020830013789,185451,0,145,181.0,181.1044921875,271,12,embed_pca_key,0.5109987976988206,185569
Boundary,audited,noise_10pct_0p6tau_m,7,0.9928517826066742,0.9912109375,0.0087890625,0.19803854200290516,123806,0,89,121.0,120.904296875,165,2,embed_pca_key,0.5115432114637106,123933
Boundary,audited,noise_50pct_1p4tau_m,7,0.8207759485351506,0.787109375,0.212890625,0.20372495899209753,123899,0,85,121.0,120.9951171875,161,24,embed_pca_key,0.5115432151421895,123933
Boundary,audited,legacy_noise_50pct_1p4degrees,7,0.7863865080842002,0.7490234375,0.2509765625,0.18486754200421274,123893,0,87,121.0,120.9892578125,164,26,embed_pca_key,0.45988521495213047,123933
Boundary,audited,compound_metric,7,0.8448194738658157,0.8125,0.1875,0.13443820900283754,67387,0,41,66.0,65.8076171875,90,42,embed_pca_key,0.5271019880399708,67441
Boundary,audited,vertex_delete_30pct,8,0.9681131550563089,0.9609375,0.0390625,0.1519808750017546,86959,0,54,85.0,84.9208984375,124,11,embed_pca_key,0.5102169775053083,87112
Boundary,audited,vertex_delete_50pct,8,0.883582681880058,0.857421875,0.142578125,0.1043229170027189,62388,0,34,61.0,60.92578125,89,24,embed_pca_key,0.5116374601177085,62541
Boundary,audited,object_delete_30pct,8,0.998416467731765,0.998046875,0.001953125,0.1473018749966286,89427,0,63,87.0,87.3310546875,138,2,embed_pca_key,0.49946991502905697,89534
Boundary,audited,object_delete_90pct,8,0.840314712819688,0.8017578125,0.1982421875,0.01685137499589473,9964,0,1,9.0,9.73046875,21,90,embed_pca_key,0.5494396107233737,9977
Boundary,audited,vertex_add_10pct,8,0.9952317823890993,0.994140625,0.005859375,0.23324795899679884,135910,0,98,132.0,132.724609375,184,2,embed_pca_key,0.5128262391936228,136057
Boundary,audited,vertex_add_30pct,8,0.979211934536905,0.974609375,0.025390625,0.2445943329948932,160605,0,112,157.0,156.8408203125,226,3,embed_pca_key,0.5117502778952914,160733
Boundary,audited,vertex_add_50pct,8,0.888955079013573,0.8662109375,0.1337890625,0.30431599996518344,185349,0,133,180.0,181.0048828125,286,18,embed_pca_key,0.5124711547463294,185463
Boundary,audited,noise_10pct_0p6tau_m,8,0.9952279769488644,0.994140625,0.005859375,0.19870254100533202,123814,0,90,121.0,120.912109375,156,1,embed_pca_key,0.5115432111195206,123933
Boundary,audited,noise_50pct_1p4tau_m,8,0.8069191535825264,0.7744140625,0.2255859375,0.24445825000293553,123895,0,90,121.0,120.9912109375,153,25,embed_pca_key,0.5115432099934624,123933
Boundary,audited,legacy_noise_50pct_1p4degrees,8,0.8037251245947657,0.767578125,0.232421875,0.19731616700300947,123891,0,87,121.0,120.9873046875,154,32,embed_pca_key,0.45826702520527146,123933
Boundary,audited,compound_metric,8,0.8136602603847943,0.7763671875,0.2236328125,0.10573445801855996,63696,0,38,62.0,62.203125,93,39,embed_pca_key,0.5488178521783411,63785
Boundary,audited,vertex_delete_30pct,9,0.9679583739650832,0.9609375,0.0390625,0.1420010420260951,86616,0,53,84.0,84.5859375,127,15,embed_pca_key,0.5125407878586785,86769
Boundary,audited,vertex_delete_50pct,9,0.8924905714772475,0.8701171875,0.1298828125,0.09921641601249576,62073,0,32,61.0,60.6181640625,105,31,embed_pca_key,0.5118731452747397,62226
Boundary,audited,object_delete_30pct,9,0.9944302029662154,0.9931640625,0.0068359375,0.1426137910457328,86444,0,55,84.0,84.41796875,129,1,embed_pca_key,0.49562440973700606,86554
Boundary,audited,object_delete_90pct,9,0.8546468144678251,0.8212890625,0.1787109375,0.014225499995518476,8646,0,1,8.0,8.443359375,20,102,embed_pca_key,0.678218535058991,8676
Boundary,audited,vertex_add_10pct,9,0.9952317823890993,0.994140625,0.005859375,0.2232167500187643,136224,0,98,133.0,133.03125,180,2,embed_pca_key,0.5110665382572308,136369
Boundary,audited,vertex_add_30pct,9,0.9638518918568357,0.9560546875,0.0439453125,0.23511812498327345,161092,0,117,157.0,157.31640625,213,6,embed_pca_key,0.5120643753286698,161227
Boundary,audited,vertex_add_50pct,9,0.891322066626327,0.869140625,0.130859375,0.2878964589908719,185589,0,136,181.0,181.2392578125,250,14,embed_pca_key,0.5108344505415088,185711
Boundary,audited,noise_10pct_0p6tau_m,9,0.9904761904761905,0.98828125,0.01171875,0.18235299998195842,123807,0,87,121.0,120.9052734375,164,4,embed_pca_key,0.5115432138576872,123933
Boundary,audited,noise_50pct_1p4tau_m,9,0.8128635719698056,0.7763671875,0.2236328125,0.20234550000168383,123898,0,79,121.0,120.994140625,154,33,embed_pca_key,0.5115432097037997,123933
Boundary,audited,legacy_noise_50pct_1p4degrees,9,0.8231348737650248,0.7900390625,0.2099609375,0.1821354579878971,123898,0,84,121.0,120.994140625,151,33,embed_pca_key,0.45841255790342705,123933
Boundary,audited,compound_metric,9,0.817089100945912,0.78125,0.21875,0.12092858296819031,67693,0,41,66.0,66.1064453125,91,31,embed_pca_key,0.5267343243852781,67765
Boundary,audited,vertex_delete_30pct,10,0.9712310798918428,0.96484375,0.03515625,0.15485458297189325,86751,0,57,85.0,84.7177734375,120,6,embed_pca_key,0.5115664566838615,86904
Boundary,audited,vertex_delete_50pct,10,0.8876312761697489,0.8642578125,0.1357421875,0.11021845799405128,62030,0,37,60.0,60.576171875,94,33,embed_pca_key,0.5122600689711387,62183
Boundary,audited,object_delete_30pct,10,0.9936507936507937,0.9921875,0.0078125,0.15119545900961384,91871,0,63,90.0,89.7177734375,132,0,embed_pca_key,0.5061921940937049,91982
Boundary,audited,object_delete_90pct,10,0.8310867006620349,0.7919921875,0.2080078125,0.016175583994481713,8769,0,1,8.0,8.5634765625,19,98,embed_pca_key,0.5794834802169326,8786
Boundary,audited,vertex_add_10pct,10,0.9960289083110154,0.9951171875,0.0048828125,0.25782658404204994,136131,0,96,132.0,132.9404296875,180,2,embed_pca_key,0.5106016619896455,136283
Boundary,audited,vertex_add_30pct,10,0.9784425872172221,0.9736328125,0.0263671875,0.2386421249830164,160963,0,116,157.0,157.1904296875,227,5,embed_pca_key,0.5114369108922068,161095
Boundary,audited,vertex_add_50pct,10,0.9177539689565528,0.900390625,0.099609375,0.3156510000117123,185666,0,137,181.0,181.314453125,305,10,embed_pca_key,0.512508286550817,185774
Boundary,audited,noise_10pct_0p6tau_m,10,0.9960289083110154,0.9951171875,0.0048828125,0.18423600000096485,123798,0,82,121.0,120.896484375,161,6,embed_pca_key,0.5115432090773248,123933
Boundary,audited,noise_50pct_1p4tau_m,10,0.7958170447762623,0.76171875,0.23828125,0.20701116602867842,123895,0,92,121.0,120.9912109375,156,27,embed_pca_key,0.5115432054967023,123933
Boundary,audited,legacy_noise_50pct_1p4degrees,10,0.8097212222872578,0.771484375,0.228515625,0.19848029100103304,123895,0,83,121.0,120.9912109375,155,24,embed_pca_key,0.45751093808862586,123933
Boundary,audited,compound_metric,10,0.8283848661021332,0.79296875,0.20703125,0.11432399996556342,64845,0,42,63.0,63.3251953125,93,35,embed_pca_key,0.49212334768964655,64913
Road,audited,no_attack,0,0.998416467731765,0.998046875,0.001953125,0.12226525001460686,69322,0,36,68.0,67.697265625,92,3,embed_pca_key,0.510311762027864,69362
Road,audited,crop_half_centroids,0,0.9771261995656706,0.9716796875,0.0283203125,0.057833584025502205,33168,0,16,32.0,32.390625,58,3,embed_pca_key,0.6959511341084741,33208
Road,audited,rotation_45,0,0.9976212494588167,0.9970703125,0.0029296875,0.11823008395731449,69322,0,35,68.0,67.697265625,92,4,pca_++,0.5103117620278645,69362
Road,audited,rotation_90,0,0.998416467731765,0.998046875,0.001953125,0.11367479100590572,69322,0,36,68.0,67.697265625,92,3,pca_++,0.5103117620278635,69362
Road,audited,rotation_135,0,0.9976212494588167,0.9970703125,0.0029296875,0.11675391701282933,69322,0,35,68.0,67.697265625,92,4,pca_++,0.5103117620278645,69362
Road,audited,rotation_180,0,0.9992072927806908,0.9990234375,0.0009765625,0.11304337502224371,69322,0,35,67.0,67.697265625,92,2,embed_pca_key,0.5103117620278635,69362
Road,audited,rotation_225,0,0.9976212494588167,0.9970703125,0.0029296875,0.11904041696107015,69322,0,35,68.0,67.697265625,92,1,pca_++,0.510311762027864,69362
Road,audited,rotation_270,0,0.998416467731765,0.998046875,0.001953125,0.11355608300073072,69322,0,36,68.0,67.697265625,92,3,pca_++,0.5103117620278635,69362
Road,audited,rotation_315,0,0.9960352061369425,0.9951171875,0.0048828125,0.11829616699833423,69322,0,35,67.0,67.697265625,92,1,pca_++,0.5103117620278631,69362
Road,audited,translation_10,0,0.9992072927806908,0.9990234375,0.0009765625,0.11141991702606902,69322,0,36,68.0,67.697265625,92,1,pca_++,0.5103117620278642,69362
Road,audited,scale_0p5,0,0.998416467731765,0.998046875,0.001953125,0.1132717079599388,69322,0,36,68.0,67.697265625,92,2,pca_++,0.510311762027864,69362
Road,audited,reverse_vertices,0,0.998416467731765,0.998046875,0.001953125,0.11395274999085814,69322,0,36,68.0,67.697265625,92,3,embed_pca_key,0.5103117620278645,69362
Road,audited,reverse_objects,0,0.998416467731765,0.998046875,0.001953125,0.12208166701020673,69322,0,36,68.0,67.697265625,92,3,embed_pca_key,0.5103117620278644,69362
Road,audited,vertex_delete_30pct,1,0.9817608162400756,0.9775390625,0.0224609375,0.08056249999208376,49052,0,30,48.0,47.90234375,72,7,embed_pca_key,0.5070947410713399,49092
Road,audited,vertex_delete_50pct,1,0.8887133647851542,0.86328125,0.13671875,0.06557091703871265,35522,0,14,35.0,34.689453125,53,41,embed_pca_key,0.5070030125519251,35562
Road,audited,object_delete_30pct,1,0.9944340175269573,0.9931640625,0.0068359375,0.10144083300838247,52160,0,27,51.0,50.9375,74,3,embed_pca_key,0.49818932676866245,52192
Road,audited,object_delete_90pct,1,0.8961844296374866,0.873046875,0.126953125,0.016110333031974733,9376,0,1,9.0,9.15625,20,81,embed_pca_key,0.5452822711491793,9380
Road,audited,vertex_add_10pct,1,0.9960289083110154,0.9951171875,0.0048828125,0.12521037500118837,76178,0,49,74.0,74.392578125,104,2,embed_pca_key,0.5101581700840011,76217
Road,audited,vertex_add_30pct,1,0.978523073246526,0.9736328125,0.0263671875,0.14501541695790365,89882,0,60,88.0,87.775390625,119,4,embed_pca_key,0.510919875542762,89917
Road,audited,vertex_add_50pct,1,0.9186708028211432,0.900390625,0.099609375,0.1696817500051111,103560,0,69,101.0,101.1328125,135,18,embed_pca_key,0.5115920105092479,103591
Road,audited,noise_10pct_0p6tau_m,1,0.990462301003848,0.98828125,0.01171875,0.11206054204376414,69330,0,39,68.0,67.705078125,98,4,embed_pca_key,0.5103117619134951,69362
Road,audited,noise_50pct_1p4tau_m,1,0.8253236181330468,0.7900390625,0.2099609375,0.11688066698843613,69352,0,40,67.5,67.7265625,99,36,embed_pca_key,0.5103117563011479,69362
Road,audited,legacy_noise_50pct_1p4degrees,1,0.7983416546757168,0.7607421875,0.2392578125,0.11621066700899974,69352,0,42,68.0,67.7265625,92,46,embed_pca_key,0.24576241872016782,69362
Road,audited,compound_metric,1,0.8262930547475423,0.7880859375,0.2119140625,0.07280454196734354,38474,0,19,37.0,37.572265625,62,55,embed_pca_key,0.5322532078558002,38492
Road,audited,vertex_delete_30pct,2,0.9647007362025702,0.9560546875,0.0439453125,0.08384433400351554,49009,0,30,48.0,47.8603515625,68,15,embed_pca_key,0.5087338658201024,49049
Road,audited,vertex_delete_50pct,2,0.8963419985859071,0.873046875,0.126953125,0.06069979094900191,35530,0,19,34.0,34.697265625,54,39,embed_pca_key,0.5089602341989907,35570
Road,audited,object_delete_30pct,2,0.9912632197545035,0.9892578125,0.0107421875,0.07955549994949251,47360,0,21,46.0,46.25,68,1,embed_pca_key,0.5295737399575429,47384
Road,audited,object_delete_90pct,2,0.8615212268591622,0.826171875,0.173828125,0.01142491603968665,6340,0,1,6.0,6.19140625,16,95,embed_pca_key,0.5537750340837868,6342
Road,audited,vertex_add_10pct,2,0.9960251119550004,0.9951171875,0.0048828125,0.12616941699525341,76232,0,43,74.0,74.4453125,103,2,embed_pca_key,0.5103389443079954,76270
Road,audited,vertex_add_30pct,2,0.9665182404680778,0.958984375,0.041015625,0.1536727090133354,89729,0,63,87.0,87.6259765625,123,13,embed_pca_key,0.5080530416877251,89763
Road,audited,vertex_add_50pct,2,0.9017302014638915,0.880859375,0.119140625,0.16869158303597942,103424,0,73,101.0,101.0,130,14,embed_pca_key,0.5098884340357986,103453
Road,audited,noise_10pct_0p6tau_m,2,0.9928429230989141,0.9912109375,0.0087890625,0.11584508401574567,69334,0,41,68.0,67.708984375,93,2,embed_pca_key,0.5103117617284574,69362
Road,audited,noise_50pct_1p4tau_m,2,0.8002380598177972,0.759765625,0.240234375,0.1157972919754684,69354,0,45,68.0,67.728515625,101,42,embed_pca_key,0.5103117824871987,69362
Road,audited,legacy_noise_50pct_1p4degrees,2,0.8079979620931708,0.7724609375,0.2275390625,0.11765458300942555,69354,0,43,68.0,67.728515625,101,32,embed_pca_key,0.24996121622470555,69362
Road,audited,compound_metric,2,0.837751496244811,0.8017578125,0.1982421875,0.07410850003361702,40779,0,21,40.0,39.8232421875,61,48,embed_pca_key,0.5226149632391007,40789
Road,audited,vertex_delete_30pct,3,0.9651947063627766,0.95703125,0.04296875,0.08348516700789332,48970,0,25,48.0,47.822265625,70,16,embed_pca_key,0.5075138543378054,49010
Road,audited,vertex_delete_50pct,3,0.8894217852761106,0.8642578125,0.1357421875,0.06215129198972136,35582,0,17,34.0,34.748046875,53,26,embed_pca_key,0.5027229979283113,35622
Road,audited,object_delete_30pct,3,0.9928517826066742,0.9912109375,0.0087890625,0.08697775000473484,48734,0,27,47.0,47.591796875,72,4,embed_pca_key,0.521374008925702,48758
Road,audited,object_delete_90pct,3,0.8519195215310214,0.814453125,0.185546875,0.008163499995134771,4065,15,0,4.0,3.9697265625,12,139,embed_pca_key,0.3875465751933294,4067
Road,audited,vertex_add_10pct,3,0.9952317823890993,0.994140625,0.005859375,0.13027895899722353,76377,0,47,74.0,74.5869140625,104,1,embed_pca_key,0.5093587009018763,76415
Road,audited,vertex_add_30pct,3,0.9732054894600274,0.966796875,0.033203125,0.15396466699894518,89832,0,57,88.0,87.7265625,118,9,embed_pca_key,0.5091701567903859,89865
Road,audited,vertex_add_50pct,3,0.9127655837327502,0.8935546875,0.1064453125,0.16932895901845768,103551,0,71,101.0,101.1240234375,130,24,embed_pca_key,0.5091038974787515,103581
Road,audited,noise_10pct_0p6tau_m,3,0.9952581480363712,0.994140625,0.005859375,0.12084666703594849,69328,0,42,68.0,67.703125,93,5,embed_pca_key,0.5103117586144148,69362
Road,audited,noise_50pct_1p4tau_m,3,0.8084933299575416,0.7705078125,0.2294921875,0.11673379101557657,69352,0,46,68.0,67.7265625,103,40,embed_pca_key,0.5103117203675995,69362
Road,audited,legacy_noise_50pct_1p4degrees,3,0.8245632507057045,0.787109375,0.212890625,0.11699125001905486,69352,0,44,67.0,67.7265625,107,26,embed_pca_key,0.23560313141864686,69362
Road,audited,compound_metric,3,0.8135721182177308,0.7734375,0.2265625,0.07145650003803894,38037,0,20,37.0,37.1455078125,65,47,embed_pca_key,0.5197927982381683,38049
Road,audited,vertex_delete_30pct,4,0.9667207068513914,0.958984375,0.041015625,0.08490787498885766,49052,0,28,48.0,47.90234375,68,11,embed_pca_key,0.5102273756581657,49092
Road,audited,vertex_delete_50pct,4,0.8747264910590731,0.8447265625,0.1552734375,0.06159208295866847,35677,0,18,35.0,34.8408203125,56,39,embed_pca_key,0.5068659910836932,35717
Road,audited,object_delete_30pct,4,0.993662103599709,0.9921875,0.0078125,0.08713295904453844,48798,0,23,47.5,47.654296875,69,5,embed_pca_key,0.47877339627481386,48834
Road,audited,object_delete_90pct,4,0.8894254707194191,0.86328125,0.13671875,0.01654745900304988,8967,0,2,9.0,8.7568359375,22,90,embed_pca_key,0.5827103492406339,8979
Road,audited,vertex_add_10pct,4,0.9928327319090056,0.9912109375,0.0087890625,0.12625600001774728,76184,0,46,74.0,74.3984375,99,0,embed_pca_key,0.5098241744379115,76223
Road,audited,vertex_add_30pct,4,0.9706119026762846,0.9638671875,0.0361328125,0.15179804200306535,89842,0,60,88.0,87.736328125,120,10,embed_pca_key,0.51042717313711,89878
Road,audited,vertex_add_50pct,4,0.913771292974711,0.8955078125,0.1044921875,0.1679242909885943,103590,0,73,101.0,101.162109375,131,21,embed_pca_key,0.5116095780113775,103622
Road,audited,noise_10pct_0p6tau_m,4,0.9912632197545035,0.9892578125,0.0107421875,0.11629449995234609,69324,0,44,68.0,67.69921875,99,2,embed_pca_key,0.5103117699173133,69362
Road,audited,noise_50pct_1p4tau_m,4,0.8269514753680232,0.7919921875,0.2080078125,0.11750662501435727,69350,0,42,67.0,67.724609375,96,41,embed_pca_key,0.5103117941384355,69362
Road,audited,legacy_noise_50pct_1p4degrees,4,0.8239229734193713,0.79296875,0.20703125,0.12357787496875972,69350,0,44,68.0,67.724609375,97,32,embed_pca_key,0.23761107337212967,69362
Road,audited,compound_metric,4,0.8299079259368956,0.79296875,0.20703125,0.0656850830418989,35551,0,19,34.0,34.7177734375,52,48,embed_pca_key,0.51328173615504,35569
Road,audited,vertex_delete_30pct,5,0.9659003830213344,0.9580078125,0.0419921875,0.08380337501876056,49060,0,28,48.0,47.91015625,71,8,embed_pca_key,0.5107313601615626,49100
Road,audited,vertex_delete_50pct,5,0.8946976941912128,0.8701171875,0.1298828125,0.062290041998494416,35576,0,19,35.0,34.7421875,54,34,embed_pca_key,0.5091076384340746,35616
Road,audited,object_delete_30pct,5,0.9952468916437276,0.994140625,0.005859375,0.0819755420088768,47543,0,24,46.0,46.4287109375,71,1,embed_pca_key,0.5414510135890747,47571
Road,audited,object_delete_90pct,5,0.8727340900302981,0.8427734375,0.1572265625,0.010903207992669195,5531,5,0,5.0,5.4013671875,15,116,embed_pca_key,0.45829579745868776,5535
Road,audited,vertex_add_10pct,5,0.9968216095175163,0.99609375,0.00390625,0.12690525001380593,76164,0,44,74.0,74.37890625,104,2,embed_pca_key,0.5096452647144345,76200
Road,audited,vertex_add_30pct,5,0.9776826425856958,0.97265625,0.02734375,0.14817574998596683,89849,0,52,88.0,87.7431640625,119,6,embed_pca_key,0.5114757197924861,89883
Road,audited,vertex_add_50pct,5,0.9140173740298371,0.89453125,0.10546875,0.16924541699700058,103552,0,64,101.0,101.125,133,27,embed_pca_key,0.5092766081715576,103583
Road,audited,noise_10pct_0p6tau_m,5,0.9872826467470138,0.984375,0.015625,0.11648004100425169,69330,0,42,68.0,67.705078125,93,5,embed_pca_key,0.5103117699735662,69362
Road,audited,noise_50pct_1p4tau_m,5,0.8259638264848215,0.79296875,0.20703125,0.11925791599787772,69356,0,42,68.0,67.73046875,98,29,embed_pca_key,0.510311795243125,69362
Road,audited,legacy_noise_50pct_1p4degrees,5,0.8283219404679761,0.7958984375,0.2041015625,0.12039512500632554,69356,0,44,68.0,67.73046875,95,36,embed_pca_key,0.2449269850152263,69362
Road,audited,compound_metric,5,0.8212209069672677,0.7841796875,0.2158203125,0.06972291704732925,35388,0,18,34.0,34.55859375,57,42,embed_pca_key,0.48260032196838726,35410
Road,audited,vertex_delete_30pct,6,0.9617883169233825,0.953125,0.046875,0.0829985830350779,49090,0,27,48.0,47.939453125,71,10,embed_pca_key,0.5129147927157377,49130
Road,audited,vertex_delete_50pct,6,0.8941174366476805,0.87109375,0.12890625,0.06396441598189995,35589,0,18,35.0,34.7548828125,63,23,embed_pca_key,0.5096278032327665,35629
Road,audited,object_delete_30pct,6,0.9944340175269573,0.9931640625,0.0068359375,0.09424745896831155,52761,0,21,52.0,51.5244140625,73,0,embed_pca_key,0.509214164885396,52791
Road,audited,object_delete_90pct,6,0.8561099580305529,0.8203125,0.1796875,0.014351291989441961,8517,0,1,8.0,8.3173828125,21,94,embed_pca_key,0.6752780574058868,8521
Road,audited,vertex_add_10pct,6,0.9936419552606822,0.9921875,0.0078125,0.1266846660291776,76161,0,42,74.0,74.3759765625,108,2,embed_pca_key,0.5103968376848409,76198
Road,audited,vertex_add_30pct,6,0.9760877279974647,0.970703125,0.029296875,0.15415441704681143,89878,0,60,88.0,87.771484375,117,4,embed_pca_key,0.5112567443753199,89915
Road,audited,vertex_add_50pct,6,0.9196525794089301,0.9013671875,0.0986328125,0.170596125011798,103447,0,66,101.0,101.0224609375,141,16,embed_pca_key,0.5109669168596195,103476
Road,audited,noise_10pct_0p6tau_m,6,0.9912632197545035,0.9892578125,0.0107421875,0.11629787494894117,69328,0,41,67.5,67.703125,92,4,embed_pca_key,0.5103117648331451,69362
Road,audited,noise_50pct_1p4tau_m,6,0.8051175601825398,0.765625,0.234375,0.12127437500748783,69356,0,45,68.0,67.73046875,92,36,embed_pca_key,0.5103117561509988,69362
Road,audited,legacy_noise_50pct_1p4degrees,6,0.8115023163522704,0.7724609375,0.2275390625,0.11911450000479817,69356,0,45,68.0,67.73046875,100,41,embed_pca_key,0.2445097445470884,69362
Road,audited,compound_metric,6,0.8166326843745457,0.7783203125,0.2216796875,0.0683882079902105,38629,0,19,38.0,37.7236328125,60,49,embed_pca_key,0.5418996668481988,38644
Road,audited,vertex_delete_30pct,7,0.9677154333518394,0.9599609375,0.0400390625,0.09200112504186109,48998,0,28,48.0,47.849609375,69,12,embed_pca_key,0.5089688430360532,49038
Road,audited,vertex_delete_50pct,7,0.8952380952380953,0.87109375,0.12890625,0.06170329201268032,35528,0,16,34.5,34.6953125,56,31,embed_pca_key,0.5106711529815118,35568
Road,audited,object_delete_30pct,7,0.991251828670871,0.9892578125,0.0107421875,0.08673404203727841,50057,0,24,49.0,48.8837890625,73,2,embed_pca_key,0.49651390465642437,50087
Road,audited,object_delete_90pct,7,0.8537391202189487,0.8212890625,0.1787109375,0.011194749968126416,5491,7,0,5.0,5.3623046875,15,119,embed_pca_key,0.6831600657562953,5495
Road,audited,vertex_add_10pct,7,0.9936419552606822,0.9921875,0.0078125,0.12933187501039356,76055,0,46,74.0,74.2724609375,100,1,embed_pca_key,0.5104740197471872,76094
Road,audited,vertex_add_30pct,7,0.9674864263432086,0.9599609375,0.0400390625,0.14940008299890906,89942,0,60,87.0,87.833984375,119,10,embed_pca_key,0.508879681432946,89977
Road,audited,vertex_add_50pct,7,0.9138860590564498,0.89453125,0.10546875,0.16976179101038724,103448,0,66,101.0,101.0234375,130,15,embed_pca_key,0.5103873253367999,103480
Road,audited,noise_10pct_0p6tau_m,7,0.9904761904761905,0.98828125,0.01171875,0.11960716702742502,69338,0,35,68.0,67.712890625,95,1,embed_pca_key,0.5103117531152618,69362
Road,audited,noise_50pct_1p4tau_m,7,0.8235215498627861,0.787109375,0.212890625,0.11645425000460818,69348,0,44,67.0,67.72265625,97,48,embed_pca_key,0.510311741970042,69362
Road,audited,legacy_noise_50pct_1p4degrees,7,0.8210577612033723,0.7861328125,0.2138671875,0.11809962498955429,69348,0,42,67.0,67.72265625,95,49,embed_pca_key,0.25421073073415607,69362
Road,audited,compound_metric,7,0.8200170034109264,0.783203125,0.216796875,0.06385945796500891,35747,0,17,35.0,34.9091796875,52,45,embed_pca_key,0.5425611458491654,35761
Road,audited,vertex_delete_30pct,8,0.9730598590274662,0.966796875,0.033203125,0.08747508295346051,49238,0,29,48.0,48.083984375,68,10,embed_pca_key,0.5084124142133465,49278
Road,audited,vertex_delete_50pct,8,0.9013555088077511,0.8779296875,0.1220703125,0.06321554200258106,35752,0,20,35.0,34.9140625,58,33,embed_pca_key,0.5076407008068615,35792
Road,audited,object_delete_30pct,8,0.9952279769488644,0.994140625,0.005859375,0.08513399999355897,49064,0,27,48.0,47.9140625,75,2,embed_pca_key,0.5037808146769273,49092
Road,audited,object_delete_90pct,8,0.8287419301647448,0.7880859375,0.2119140625,0.009315250033978373,4641,9,0,4.0,4.5322265625,14,150,embed_pca_key,0.5509900131099195,4645
Road,audited,vertex_add_10pct,8,0.9952468916437276,0.994140625,0.005859375,0.12764641601825133,76084,0,44,74.0,74.30078125,103,1,embed_pca_key,0.5100856343876063,76124
Road,audited,vertex_add_30pct,8,0.9751711815870371,0.9697265625,0.0302734375,0.15232641698094085,89773,0,63,88.0,87.6689453125,116,4,embed_pca_key,0.5110864962760567,89807
Road,audited,vertex_add_50pct,8,0.9055728777222685,0.8857421875,0.1142578125,0.1698685419978574,103478,0,72,101.0,101.052734375,131,20,embed_pca_key,0.509788177504058,103503
Road,audited,noise_10pct_0p6tau_m,8,0.9928769101909565,0.9912109375,0.0087890625,0.1193307499634102,69326,0,41,68.0,67.701171875,98,3,embed_pca_key,0.510311766581804,69362
Road,audited,noise_50pct_1p4tau_m,8,0.8384268300878511,0.802734375,0.197265625,0.11589012498734519,69354,0,40,68.0,67.728515625,95,41,embed_pca_key,0.5103117615798896,69362
Road,audited,legacy_noise_50pct_1p4degrees,8,0.816399864972606,0.7802734375,0.2197265625,0.11704608303261921,69354,0,45,67.5,67.728515625,99,33,embed_pca_key,0.2416989707353558,69362
Road,audited,compound_metric,8,0.833626676480478,0.796875,0.203125,0.06956600002013147,36901,0,17,36.0,36.0361328125,56,45,embed_pca_key,0.5039765341865723,36921
Road,audited,vertex_delete_30pct,9,0.9626690884154312,0.9541015625,0.0458984375,0.08440733404131606,48951,0,24,47.0,47.8037109375,71,16,embed_pca_key,0.5085078703809612,48991
Road,audited,vertex_delete_50pct,9,0.9005893969897453,0.8798828125,0.1201171875,0.06213408400071785,35431,0,18,35.0,34.6005859375,59,40,embed_pca_key,0.5072994943805853,35471
Road,audited,object_delete_30pct,9,0.9952317823890993,0.994140625,0.005859375,0.09122770797694102,52756,0,29,51.0,51.51953125,74,0,embed_pca_key,0.5289314712644544,52786
Road,audited,object_delete_90pct,9,0.8659621510068074,0.83203125,0.16796875,0.013324041035957634,6842,0,1,7.0,6.681640625,17,109,embed_pca_key,0.59010941581418,6848
Road,audited,vertex_add_10pct,9,0.9936507936507937,0.9921875,0.0078125,0.1285672500380315,76212,0,35,74.0,74.42578125,105,3,embed_pca_key,0.5109243643215505,76250
Road,audited,vertex_add_30pct,9,0.9738744812877802,0.9677734375,0.0322265625,0.1484577920055017,89991,0,60,88.0,87.8818359375,120,7,embed_pca_key,0.5109424282668927,90026
Road,audited,vertex_add_50pct,9,0.9198012409319946,0.90234375,0.09765625,0.1772856669849716,103619,0,71,101.0,101.1904296875,135,29,embed_pca_key,0.509277384563362,103652
Road,audited,noise_10pct_0p6tau_m,9,0.9920634920634921,0.990234375,0.009765625,0.11523312499048188,69330,0,41,67.0,67.705078125,92,3,embed_pca_key,0.5103117681542227,69362
Road,audited,noise_50pct_1p4tau_m,9,0.8333718591803447,0.796875,0.203125,0.11990691698156297,69346,0,47,67.0,67.720703125,95,27,embed_pca_key,0.5103117783557454,69362
Road,audited,legacy_noise_50pct_1p4degrees,9,0.813814194729696,0.77734375,0.22265625,0.1167281250236556,69346,0,40,68.0,67.720703125,104,29,embed_pca_key,0.25036375700338115,69362
Road,audited,compound_metric,9,0.8201339519985039,0.7822265625,0.2177734375,0.07077041699085385,38942,0,20,38.0,38.029296875,60,57,embed_pca_key,0.5608564586595263,38963
Road,audited,vertex_delete_30pct,10,0.970811975335844,0.9638671875,0.0361328125,0.08284637500764802,49068,0,28,48.0,47.91796875,73,11,embed_pca_key,0.5108988435386287,49108
Road,audited,vertex_delete_50pct,10,0.8989683518443694,0.8759765625,0.1240234375,0.06499949999852106,35452,0,17,35.0,34.62109375,52,38,embed_pca_key,0.5117336731057912,35492
Road,audited,object_delete_30pct,10,0.9944604459328878,0.9931640625,0.0068359375,0.08790220803348348,49769,0,25,49.0,48.6025390625,74,5,embed_pca_key,0.4959649138488526,49799
Road,audited,object_delete_90pct,10,0.8872170872506784,0.859375,0.140625,0.01377920899540186,7747,0,1,7.0,7.5654296875,18,97,embed_pca_key,0.6435754099148421,7755
Road,audited,vertex_add_10pct,10,0.9936507936507937,0.9921875,0.0078125,0.12825700000394136,76082,0,46,74.0,74.298828125,101,0,embed_pca_key,0.5098685066947592,76122
Road,audited,vertex_add_30pct,10,0.9770026862744532,0.9716796875,0.0283203125,0.14735937502700835,89805,0,58,88.0,87.7001953125,120,7,embed_pca_key,0.5120337536133868,89838
Road,audited,vertex_add_50pct,10,0.9202657174093744,0.90234375,0.09765625,0.17357820802135393,103569,0,69,101.0,101.1416015625,138,21,embed_pca_key,0.5095216211610862,103598
Road,audited,noise_10pct_0p6tau_m,10,0.9920634920634921,0.990234375,0.009765625,0.11691958300070837,69322,0,38,67.0,67.697265625,93,4,embed_pca_key,0.5103117637911222,69362
Road,audited,noise_50pct_1p4tau_m,10,0.8089316011447446,0.76953125,0.23046875,0.11740995803847909,69350,0,41,68.0,67.724609375,97,28,embed_pca_key,0.510311731639735,69362
Road,audited,legacy_noise_50pct_1p4degrees,10,0.8134715471129725,0.7783203125,0.2216796875,0.12439608399290591,69350,0,43,67.0,67.724609375,104,29,embed_pca_key,0.24451436502683563,69362
Road,audited,compound_metric,10,0.8349084949529112,0.7998046875,0.2001953125,0.07654349994845688,37657,0,17,36.0,36.7744140625,57,38,embed_pca_key,0.5016910779105049,37674
Lake,audited,no_attack,0,0.9992060340153568,0.9990234375,0.0009765625,0.131709375011269,64414,0,34,63.0,62.904296875,92,0,embed_pca_key,0.07122946084560383,65928
Lake,audited,crop_half_centroids,0,0.991251828670871,0.9892578125,0.0107421875,0.07704599999124184,35594,0,15,34.0,34.759765625,61,2,embed_pca_key,0.20592726986862067,36368
Lake,audited,rotation_45,0,1.0,1.0,0.0,0.13164224999491125,64498,0,34,63.0,62.986328125,91,1,pca_++,0.07122946084560335,65928
Lake,audited,rotation_90,0,0.9992060340153568,0.9990234375,0.0009765625,0.12856949999695644,64414,0,34,63.0,62.904296875,91,0,pca_++,0.07122946084560357,65928
Lake,audited,rotation_135,0,1.0,1.0,0.0,0.13168441597372293,64498,0,34,63.0,62.986328125,91,1,pca_++,0.07122946084560335,65928
Lake,audited,rotation_180,0,1.0,1.0,0.0,0.1295333750313148,64414,0,34,63.0,62.904296875,92,1,embed_pca_key,0.07122946084560346,65928
Lake,audited,rotation_225,0,1.0,1.0,0.0,0.13152566697681323,64498,0,34,63.0,62.986328125,91,1,pca_++,0.07122946084560625,65928
Lake,audited,rotation_270,0,0.9992060340153568,0.9990234375,0.0009765625,0.13135216699447483,64414,0,34,63.0,62.904296875,91,0,pca_++,0.07122946084560357,65928
Lake,audited,rotation_315,0,1.0,1.0,0.0,0.13520674995379522,64508,0,34,63.0,62.99609375,91,1,pca_++,0.07122946084560368,65928
Lake,audited,translation_10,0,1.0,1.0,0.0,0.13162137503968552,64414,0,34,63.0,62.904296875,91,1,embed_pca_key,0.07122946084560251,65928
Lake,audited,scale_0p5,0,0.9992060340153568,0.9990234375,0.0009765625,0.12979529099538922,64414,0,34,63.0,62.904296875,92,0,embed_pca_key,0.07122946084560383,65928
Lake,audited,reverse_vertices,0,0.9992060340153568,0.9990234375,0.0009765625,0.12561925000045449,64414,0,34,63.0,62.904296875,92,0,embed_pca_key,0.0712294608456038,65928
Lake,audited,reverse_objects,0,0.9992060340153568,0.9990234375,0.0009765625,0.1329100420116447,64414,0,34,63.0,62.904296875,92,0,embed_pca_key,0.07122946084560318,65928
Lake,audited,vertex_delete_30pct,1,0.9848874509586985,0.9814453125,0.0185546875,0.10032887494890019,45551,0,23,44.0,44.4833984375,69,9,embed_pca_key,0.06262031875471187,47065
Lake,audited,vertex_delete_50pct,1,0.9239314296628873,0.90625,0.09375,0.08101508399704471,32962,0,16,32.0,32.189453125,52,39,embed_pca_key,0.056065473379069745,34476
Lake,audited,object_delete_30pct,1,0.9984114366459335,0.998046875,0.001953125,0.09778225002810359,47096,0,24,46.0,45.9921875,76,0,embed_pca_key,0.10535884887733869,48167
Lake,audited,object_delete_90pct,1,0.8983676707669788,0.873046875,0.126953125,0.014008334022946656,6305,2,0,6.0,6.1572265625,14,90,embed_pca_key,0.37696360069978246,6459
Lake,audited,vertex_add_10pct,1,0.9976212494588167,0.9970703125,0.0029296875,0.1468437910079956,70870,0,40,69.0,69.208984375,97,0,embed_pca_key,0.06865313352521349,72384
Lake,audited,vertex_add_30pct,1,0.9880441496007628,0.9853515625,0.0146484375,0.16200158395804465,83752,0,44,82.0,81.7890625,113,6,embed_pca_key,0.07177569568158426,85266
Lake,audited,vertex_add_50pct,1,0.9258327891058182,0.91015625,0.08984375,0.19047020899597555,96636,0,67,94.0,94.37109375,122,23,embed_pca_key,0.06875071715762969,98150
Lake,audited,noise_10pct_0p6tau_m,1,0.9984126984126984,0.998046875,0.001953125,0.12770483299391344,64414,0,34,63.0,62.904296875,97,2,embed_pca_key,0.0712294667139473,65928
Lake,audited,noise_50pct_1p4tau_m,1,0.827139307022986,0.7939453125,0.2060546875,0.13401929195970297,64414,0,34,63.0,62.904296875,89,39,embed_pca_key,0.07122926029719219,65928
Lake,audited,legacy_noise_50pct_1p4degrees,1,0.8486135052064082,0.818359375,0.181640625,0.13425566698424518,65586,0,42,64.0,64.048828125,90,38,embed_pca_key,0.018069799224270516,67100
Lake,audited,compound_metric,1,0.8533368096143088,0.822265625,0.177734375,0.083571832976304,33002,0,15,32.0,32.228515625,51,53,embed_pca_key,0.3390397962943964,34046
Lake,audited,vertex_delete_30pct,2,0.9794738753926108,0.974609375,0.025390625,0.1032881669816561,45469,0,28,44.0,44.4033203125,66,8,embed_pca_key,0.07252460309299669,46983
Lake,audited,vertex_delete_50pct,2,0.9145615414388276,0.89453125,0.10546875,0.08117254200624302,32881,0,17,32.0,32.1103515625,53,31,embed_pca_key,0.07055222404258431,34395
Lake,audited,object_delete_30pct,2,0.9976162063830435,0.9970703125,0.0029296875,0.14862758299568668,46984,0,23,46.0,45.8828125,70,1,embed_pca_key,0.09892686653191197,48040
Lake,audited,object_delete_90pct,2,0.922997048961069,0.904296875,0.095703125,0.014238375006243587,6199,2,0,6.0,6.0537109375,15,76,embed_pca_key,0.14502659950261523,6372
Lake,audited,vertex_add_10pct,2,0.9984114366459335,0.998046875,0.001953125,0.149209208029788,70947,0,36,69.0,69.2841796875,99,0,embed_pca_key,0.07194733687379322,72461
Lake,audited,vertex_add_30pct,2,0.9849592314812997,0.9814453125,0.0185546875,0.16090833401540294,83633,0,50,81.0,81.6728515625,116,4,embed_pca_key,0.06676350298088415,85147
Lake,audited,vertex_add_50pct,2,0.9472303118549767,0.935546875,0.064453125,0.18198162503540516,96474,0,64,94.0,94.212890625,132,9,embed_pca_key,0.07306221261665129,97988
Lake,audited,noise_10pct_0p6tau_m,2,0.9984126984126984,0.998046875,0.001953125,0.13013304199557751,64414,0,31,63.0,62.904296875,97,0,embed_pca_key,0.07122943671684018,65928
Lake,audited,noise_50pct_1p4tau_m,2,0.8467012726984854,0.8154296875,0.1845703125,0.1316949169849977,64414,0,40,63.0,62.904296875,95,32,embed_pca_key,0.07122927886506782,65928
Lake,audited,legacy_noise_50pct_1p4degrees,2,0.8376687993306097,0.8056640625,0.1943359375,0.13519208296202123,65544,0,40,64.0,64.0078125,91,37,embed_pca_key,0.03753942309756641,67058
Lake,audited,compound_metric,2,0.8578295392551414,0.82421875,0.17578125,0.08467666700016707,36463,0,17,35.0,35.6083984375,59,57,embed_pca_key,0.07872729101959933,37526
Lake,audited,vertex_delete_30pct,3,0.9825685872915783,0.978515625,0.021484375,0.10279920801986009,45522,0,24,44.0,44.455078125,68,4,embed_pca_key,0.07562004738881314,47036
Lake,audited,vertex_delete_50pct,3,0.9257607919033386,0.908203125,0.091796875,0.08230541698867455,33039,0,16,32.0,32.2646484375,51,34,embed_pca_key,0.06698147017042258,34553
Lake,audited,object_delete_30pct,3,0.9992060340153568,0.9990234375,0.0009765625,0.09282366698607802,45750,0,23,44.0,44.677734375,68,0,embed_pca_key,0.11455280781501147,46816
Lake,audited,object_delete_90pct,3,0.8964807724357474,0.8701171875,0.1298828125,0.014179666992276907,6051,6,0,6.0,5.9091796875,14,99,embed_pca_key,0.5357935044132809,6200
Lake,audited,vertex_add_10pct,3,0.9992060340153568,0.9990234375,0.0009765625,0.14748649997636676,71058,0,39,69.0,69.392578125,101,1,embed_pca_key,0.07425278094141465,72572
Lake,audited,vertex_add_30pct,3,0.9880351616017047,0.9853515625,0.0146484375,0.1613624999881722,83739,0,55,81.0,81.7763671875,119,8,embed_pca_key,0.07040837450742705,85253
Lake,audited,vertex_add_50pct,3,0.9391459797686192,0.92578125,0.07421875,0.18604112503817305,96651,0,66,94.5,94.3857421875,123,20,embed_pca_key,0.07294654291824845,98165
Lake,audited,noise_10pct_0p6tau_m,3,0.9984114366459335,0.998046875,0.001953125,0.16540241602342576,64414,0,37,63.0,62.904296875,86,1,embed_pca_key,0.07122951152354019,65928
Lake,audited,noise_50pct_1p4tau_m,3,0.8350907615429053,0.8017578125,0.1982421875,0.13251124997623265,64414,0,37,63.0,62.904296875,87,36,embed_pca_key,0.07122966459768841,65928
Lake,audited,legacy_noise_50pct_1p4degrees,3,0.835109831263592,0.8056640625,0.1943359375,0.1345542500494048,65549,0,39,64.0,64.0126953125,93,37,embed_pca_key,0.013118959906357315,67063
Lake,audited,compound_metric,3,0.8616041779834998,0.83203125,0.16796875,0.0926619169767946,36762,0,19,36.0,35.900390625,57,38,embed_pca_key,0.10927316688896505,37871
Lake,audited,vertex_delete_30pct,4,0.9840623009386205,0.98046875,0.01953125,0.10097662499174476,45529,0,21,44.5,44.4619140625,68,5,embed_pca_key,0.06811631924010192,47043
Lake,audited,vertex_delete_50pct,4,0.9202290406282426,0.9033203125,0.0966796875,0.08602529199561104,33079,0,15,32.0,32.3037109375,54,31,embed_pca_key,0.061896577672193406,34593
Lake,audited,object_delete_30pct,4,0.9992060340153568,0.9990234375,0.0009765625,0.10803566698450595,47981,0,25,47.0,46.8564453125,72,0,embed_pca_key,0.11909641429852927,49062
Lake,audited,object_delete_90pct,4,0.8978386966895578,0.873046875,0.126953125,0.014201749989297241,6265,1,0,6.0,6.1181640625,16,89,embed_pca_key,0.30989175781954964,6419
Lake,audited,vertex_add_10pct,4,0.9992060340153568,0.9990234375,0.0009765625,0.14479945797938854,70883,0,42,69.0,69.2216796875,101,1,embed_pca_key,0.06722778205492592,72397
Lake,audited,vertex_add_30pct,4,0.9848376368068771,0.9814453125,0.0185546875,0.1949661659891717,83756,0,55,82.0,81.79296875,115,6,embed_pca_key,0.0707703237894934,85270
Lake,audited,vertex_add_50pct,4,0.9424301582476036,0.9296875,0.0703125,0.18125783401774243,96607,0,68,94.0,94.3427734375,130,13,embed_pca_key,0.07113588489019156,98121
Lake,audited,noise_10pct_0p6tau_m,4,0.9992060340153568,0.9990234375,0.0009765625,0.13488779100589454,64414,0,38,62.0,62.904296875,94,0,embed_pca_key,0.07122944773994769,65928
Lake,audited,noise_50pct_1p4tau_m,4,0.8365202874142103,0.8017578125,0.1982421875,0.1302981250337325,64414,0,39,62.5,62.904296875,96,49,embed_pca_key,0.07122924742535451,65928
Lake,audited,legacy_noise_50pct_1p4degrees,4,0.8348692877545961,0.80078125,0.19921875,0.14027650002390146,65549,0,42,64.0,64.0126953125,86,34,embed_pca_key,0.004777734314610939,67063
Lake,audited,compound_metric,4,0.8401972955236047,0.806640625,0.193359375,0.07365249999566004,30990,0,13,30.0,30.263671875,52,57,embed_pca_key,0.30049127341980053,31998
Lake,audited,vertex_delete_30pct,5,0.9832963565306553,0.9794921875,0.0205078125,0.09980954101774842,45539,0,24,44.0,44.4716796875,69,7,embed_pca_key,0.07199088007095569,47053
Lake,audited,vertex_delete_50pct,5,0.9147022158908414,0.89453125,0.10546875,0.0794880409957841,33006,0,15,32.0,32.232421875,51,29,embed_pca_key,0.06259410173053853,34520
Lake,audited,object_delete_30pct,5,0.9984126984126984,0.998046875,0.001953125,0.0878578329575248,41318,0,18,40.0,40.349609375,66,1,embed_pca_key,0.21727515003039288,42353
Lake,audited,object_delete_90pct,5,0.9033291850906445,0.880859375,0.119140625,0.014059874985832721,6077,3,0,6.0,5.9345703125,15,91,embed_pca_key,0.25270633188397124,6231
Lake,audited,vertex_add_10pct,5,1.0,1.0,0.0,0.14584712497889996,70857,0,41,69.0,69.1962890625,101,1,embed_pca_key,0.07332890824900531,72371
Lake,audited,vertex_add_30pct,5,0.9856224872998307,0.982421875,0.017578125,0.15960829198593274,83777,0,53,81.0,81.8134765625,112,7,embed_pca_key,0.07216270555110843,85291
Lake,audited,vertex_add_50pct,5,0.941286797398649,0.9287109375,0.0712890625,0.18155341601232067,96623,0,66,94.0,94.3583984375,126,19,embed_pca_key,0.07192289634685216,98137
Lake,audited,noise_10pct_0p6tau_m,5,0.9968216095175163,0.99609375,0.00390625,0.12914366601035,64414,0,37,63.0,62.904296875,94,0,embed_pca_key,0.0712295256098201,65928
Lake,audited,noise_50pct_1p4tau_m,5,0.825499573325435,0.7880859375,0.2119140625,0.13190891599515453,64414,0,40,63.0,62.904296875,96,37,embed_pca_key,0.07122974672121508,65928
Lake,audited,legacy_noise_50pct_1p4degrees,5,0.8445792497207056,0.8115234375,0.1884765625,0.13352549995761365,65541,0,44,64.0,64.0048828125,92,27,embed_pca_key,0.0056201797213756375,67055
Lake,audited,compound_metric,5,0.8549450293166371,0.826171875,0.173828125,0.08183195802848786,36298,0,18,35.0,35.447265625,56,45,embed_pca_key,0.1232039325886878,37349
Lake,audited,vertex_delete_30pct,6,0.9896403437035104,0.9873046875,0.0126953125,0.09819674998288974,45498,0,21,44.0,44.431640625,63,5,embed_pca_key,0.07081912155456849,47012
Lake,audited,vertex_delete_50pct,6,0.9108400680852976,0.892578125,0.107421875,0.0785764169995673,32925,0,16,32.0,32.1533203125,53,24,embed_pca_key,0.07322056411945427,34439
Lake,audited,object_delete_30pct,6,0.9984126984126984,0.998046875,0.001953125,0.08462966704973951,40707,0,22,40.0,39.7529296875,67,0,embed_pca_key,0.3390615157347014,41781
Lake,audited,object_delete_90pct,6,0.8786680003182582,0.8505859375,0.1494140625,0.012301959039177746,4962,17,0,5.0,4.845703125,14,85,embed_pca_key,0.4601681023143817,5107
Lake,audited,vertex_add_10pct,6,0.9984114366459335,0.998046875,0.001953125,0.14201387501088902,70836,0,40,69.0,69.17578125,99,0,embed_pca_key,0.07230116505314074,72350
Lake,audited,vertex_add_30pct,6,0.9848874509586985,0.9814453125,0.0185546875,0.1628662499715574,83768,0,53,82.0,81.8046875,113,7,embed_pca_key,0.07310625064836582,85282
Lake,audited,vertex_add_50pct,6,0.9367857306730857,0.9228515625,0.0771484375,0.1968452910077758,96551,0,66,94.0,94.2880859375,133,19,embed_pca_key,0.07025672395824177,98065
Lake,audited,noise_10pct_0p6tau_m,6,0.9968216095175163,0.99609375,0.00390625,0.13086212502093986,64414,0,34,63.0,62.904296875,93,0,embed_pca_key,0.07122943631997546,65928
Lake,audited,noise_50pct_1p4tau_m,6,0.8564085769555543,0.830078125,0.169921875,0.1323485000175424,64414,0,34,63.0,62.904296875,86,32,embed_pca_key,0.07122949718920607,65928
Lake,audited,legacy_noise_50pct_1p4degrees,6,0.8442130868253801,0.8134765625,0.1865234375,0.1326572080142796,65540,0,36,64.0,64.00390625,90,41,embed_pca_key,0.01074719811872251,67054
Lake,audited,compound_metric,6,0.8471105154291664,0.8134765625,0.1865234375,0.08392624999396503,35282,0,16,34.0,34.455078125,53,48,embed_pca_key,0.15079399759816817,36342
Lake,audited,vertex_delete_30pct,7,0.9825396825396825,0.978515625,0.021484375,0.10536308301379904,45541,0,23,45.0,44.4736328125,68,11,embed_pca_key,0.06644365773097183,47055
Lake,audited,vertex_delete_50pct,7,0.9127655837327502,0.8935546875,0.1064453125,0.08416745800059289,32992,0,14,32.0,32.21875,53,41,embed_pca_key,0.0634643527368098,34506
Lake,audited,object_delete_30pct,7,0.9992060340153568,0.9990234375,0.0009765625,0.09024579200195149,41600,0,21,40.0,40.625,72,0,embed_pca_key,0.18431212773527722,42647
Lake,audited,object_delete_90pct,7,0.9100258256021765,0.8876953125,0.1123046875,0.01388162502553314,6108,1,0,6.0,5.96484375,16,95,embed_pca_key,0.042981129331711464,6257
Lake,audited,vertex_add_10pct,7,0.9976162063830435,0.9970703125,0.0029296875,0.14376795798307285,70758,0,38,69.0,69.099609375,102,1,embed_pca_key,0.07076526649757212,72272
Lake,audited,vertex_add_30pct,7,0.9809837992475595,0.9765625,0.0234375,0.1613346670055762,83793,0,53,82.0,81.8291015625,112,6,embed_pca_key,0.06978701633038721,85307
Lake,audited,vertex_add_50pct,7,0.9310379053063819,0.916015625,0.083984375,0.18316941702505574,96513,0,64,94.0,94.2509765625,130,16,embed_pca_key,0.07564921208268574,98027
Lake,audited,noise_10pct_0p6tau_m,7,0.9984114366459335,0.998046875,0.001953125,0.13398233300540596,64414,0,33,63.0,62.904296875,93,1,embed_pca_key,0.07122948278746927,65928
Lake,audited,noise_50pct_1p4tau_m,7,0.8350907615429053,0.8017578125,0.1982421875,0.12930495798354968,64414,0,41,62.0,62.904296875,89,43,embed_pca_key,0.07122953563225584,65928
Lake,audited,legacy_noise_50pct_1p4degrees,7,0.8457291189377992,0.8125,0.1875,0.13494404102675617,65569,0,40,64.0,64.0322265625,90,35,embed_pca_key,0.0008568706576497,67083
Lake,audited,compound_metric,7,0.8501105834910033,0.818359375,0.181640625,0.07699958299053833,30740,0,14,30.0,30.01953125,48,49,embed_pca_key,0.23348202717225452,31787
Lake,audited,vertex_delete_30pct,8,0.9872661531332735,0.984375,0.015625,0.10147287498693913,45671,0,24,45.0,44.6005859375,77,4,embed_pca_key,0.06901043811279775,47185
Lake,audited,vertex_delete_50pct,8,0.9093811174545763,0.888671875,0.111328125,0.08264625002630055,33107,0,16,32.0,32.3310546875,53,37,embed_pca_key,0.07048607357178405,34621
Lake,audited,object_delete_30pct,8,0.9992060340153568,0.9990234375,0.0009765625,0.10671637498307973,48804,0,22,48.0,47.66015625,75,0,embed_pca_key,0.10909135719776755,49895
Lake,audited,object_delete_90pct,8,0.8929894762341444,0.869140625,0.130859375,0.023640749976038933,11334,0,2,11.0,11.068359375,22,76,embed_pca_key,0.414280524419812,11475
Lake,audited,vertex_add_10pct,8,0.9976162063830435,0.9970703125,0.0029296875,0.14298699999926612,70809,0,43,69.0,69.1494140625,97,0,embed_pca_key,0.07298780639371542,72323
Lake,audited,vertex_add_30pct,8,0.9848874509586985,0.9814453125,0.0185546875,0.16162895801244304,83597,0,49,82.0,81.6376953125,112,2,embed_pca_key,0.06908937944490377,85111
Lake,audited,vertex_add_50pct,8,0.9338719534266061,0.9189453125,0.0810546875,0.1810190409887582,96605,0,63,94.0,94.3408203125,130,22,embed_pca_key,0.07232028150626611,98119
Lake,audited,noise_10pct_0p6tau_m,8,0.9968216095175163,0.99609375,0.00390625,0.1399544999585487,64414,0,38,63.0,62.904296875,95,2,embed_pca_key,0.07122950608332212,65928
Lake,audited,noise_50pct_1p4tau_m,8,0.8464186658268593,0.8134765625,0.1865234375,0.13082604098599404,64414,0,38,63.0,62.904296875,87,42,embed_pca_key,0.07122933800789663,65928
Lake,audited,legacy_noise_50pct_1p4degrees,8,0.8443739441063005,0.8125,0.1875,0.13354316697223112,65529,0,39,64.0,63.9931640625,90,27,embed_pca_key,0.012131767697802928,67043
Lake,audited,compound_metric,8,0.8463566698448114,0.81640625,0.18359375,0.08263800002168864,31933,0,16,31.0,31.1845703125,49,47,embed_pca_key,0.2745998328856319,32970
Lake,audited,vertex_delete_30pct,9,0.9824890588439189,0.978515625,0.021484375,0.09966725000413135,45404,0,25,44.0,44.33984375,66,4,embed_pca_key,0.07280201071286357,46918
Lake,audited,vertex_delete_50pct,9,0.9091013152917563,0.888671875,0.111328125,0.07984579203184694,32817,0,16,32.0,32.0478515625,53,39,embed_pca_key,0.0668368410933039,34331
Lake,audited,object_delete_30pct,9,0.9992060340153568,0.9990234375,0.0009765625,0.09828404104337096,47190,0,20,46.0,46.083984375,72,1,embed_pca_key,0.13667339842791215,48266
Lake,audited,object_delete_90pct,9,0.8908555658417872,0.8642578125,0.1357421875,0.01341841695830226,5978,1,0,6.0,5.837890625,14,113,embed_pca_key,0.4064225905375271,6109
Lake,audited,vertex_add_10pct,9,0.9976174711631861,0.9970703125,0.0029296875,0.1550400829873979,70923,0,44,69.0,69.2607421875,104,1,embed_pca_key,0.07074430900064163,72437
Lake,audited,vertex_add_30pct,9,0.9880860940501621,0.9853515625,0.0146484375,0.16385291598271579,83846,0,52,81.0,81.880859375,115,7,embed_pca_key,0.07361587605899607,85360
Lake,audited,vertex_add_50pct,9,0.9346044641422356,0.9208984375,0.0791015625,0.18857362499693409,96672,0,59,95.0,94.40625,126,13,embed_pca_key,0.07253861008580607,98186
Lake,audited,noise_10pct_0p6tau_m,9,0.9976162063830435,0.9970703125,0.0029296875,0.13042683398816735,64414,0,35,63.0,62.904296875,89,1,embed_pca_key,0.07122941471925186,65928
Lake,audited,noise_50pct_1p4tau_m,9,0.873572653629689,0.8427734375,0.1572265625,0.13121145800687373,64414,0,40,63.0,62.904296875,92,35,embed_pca_key,0.07122932060305708,65928
Lake,audited,legacy_noise_50pct_1p4degrees,9,0.8479968959491618,0.818359375,0.181640625,0.13093770801788196,65541,0,36,64.0,64.0048828125,95,31,embed_pca_key,0.004097166090820287,67055
Lake,audited,compound_metric,9,0.8546805084090671,0.8232421875,0.1767578125,0.08778916602022946,38194,0,18,37.0,37.298828125,56,53,embed_pca_key,0.11559638752386471,39271
Lake,audited,vertex_delete_30pct,10,0.9912429266746571,0.9892578125,0.0107421875,0.10114333301316947,45523,0,24,44.0,44.4560546875,68,4,embed_pca_key,0.065226555117763,47037
Lake,audited,vertex_delete_50pct,10,0.9217440568642241,0.904296875,0.095703125,0.08507187501527369,32839,0,17,32.0,32.0693359375,51,33,embed_pca_key,0.05865357456847191,34353
Lake,audited,object_delete_30pct,10,0.9984114366459335,0.998046875,0.001953125,0.09474224998848513,40351,0,21,39.0,39.4052734375,62,1,embed_pca_key,0.268179588559163,41401
Lake,audited,object_delete_90pct,10,0.9085354326239478,0.88671875,0.11328125,0.014259374991524965,6921,1,0,7.0,6.7587890625,16,75,embed_pca_key,0.23771989582873906,7091
Lake,audited,vertex_add_10pct,10,0.9984114366459335,0.998046875,0.001953125,0.14182379201520234,70774,0,40,69.0,69.115234375,97,0,embed_pca_key,0.07281136704256941,72288
Lake,audited,vertex_add_30pct,10,0.9928769101909565,0.9912109375,0.0087890625,0.16039145895047113,83641,0,57,82.0,81.6806640625,124,4,embed_pca_key,0.07500310211233681,85155
Lake,audited,vertex_add_50pct,10,0.9330634829388373,0.9189453125,0.0810546875,0.18333358300151303,96623,0,70,94.0,94.3583984375,133,19,embed_pca_key,0.0767167012146146,98137
Lake,audited,noise_10pct_0p6tau_m,10,0.9984114366459335,0.998046875,0.001953125,0.13272362499265,64414,0,37,63.0,62.904296875,95,0,embed_pca_key,0.07122947143667778,65928
Lake,audited,noise_50pct_1p4tau_m,10,0.8582144175740621,0.830078125,0.169921875,0.13279129203874618,64414,0,38,63.0,62.904296875,91,29,embed_pca_key,0.07122932241302816,65928
Lake,audited,legacy_noise_50pct_1p4degrees,10,0.8403151772983148,0.8115234375,0.1884765625,0.1344060420524329,65571,0,40,64.0,64.0341796875,89,43,embed_pca_key,0.017977872429500327,67085
Lake,audited,compound_metric,10,0.8696326942610252,0.8427734375,0.1572265625,0.07439908297965303,30796,0,13,30.0,30.07421875,48,48,embed_pca_key,0.2942525689745695,31821
